{
    "0.0423 (m)": {
        "ion (g/m^2)": {
            "Ca": 0.0,
            "C": 0.0,
            "O": 6.3468470607807514,
            "Fe": 22.153310380970606,
            "H": 0.3998425582486438
        }
    },
    "0.127 (m)": {
        "ion (g/m^2)": {
            "Ca": 0.0,
            "C": 0.0,
            "O": 0.0,
            "Fe": 0.0,
            "H": 0.0
        }
    },
    "0.212 (m)": {
        "ion (g/m^2)": {
            "Ca": 0.0,
            "C": 0.0,
            "O": 0.0,
            "Fe": 0.0,
            "H": 0.0
        }
    },
    "0.296 (m)": {
        "ion (g/m^2)": {
            "Ca": 0.0,
            "C": 0.0,
            "O": 0.0,
            "Fe": 0.0,
            "H": 0.0
        }
    },
    "0.381 (m)": {
        "ion (g/m^2)": {
            "Ca": 0.0,
            "C": 0.0,
            "O": 0.0,
            "Fe": 0.0,
            "H": 0.0
        }
    },
    "0.466 (m)": {
        "ion (g/m^2)": {
            "Ca": 0.0,
            "C": 0.0,
            "O": 0.0,
            "Fe": 0.0,
            "H": 0.0
        }
    },
    "0.55 (m)": {
        "ion (g/m^2)": {
            "Ca": 3.631918462855779,
            "C": 1.0884246489800364,
            "O": 4.349656888164185,
            "Fe": 0.0,
            "H": 0.0
        }
    },
    "0.635 (m)": {
        "ion (g/m^2)": {
            "Ca": 5.606048343989074,
            "C": 1.6800380469372116,
            "O": 6.713913609073714,
            "Fe": 0.0,
            "H": 0.0
        }
    },
    "0.72 (m)": {
        "ion (g/m^2)": {
            "Ca": 6.0865667734738516,
            "C": 1.8240413081032583,
            "O": 7.289391918422889,
            "Fe": 0.0,
            "H": 0.0
        }
    },
    "0.804 (m)": {
        "ion (g/m^2)": {
            "Ca": 6.647171607872759,
            "C": 1.9920451127969796,
            "O": 7.960783279330261,
            "Fe": 0.0,
            "H": 0.0
        }
    },
    "0.889 (m)": {
        "ion (g/m^2)": {
            "Ca": 7.287862847185796,
            "C": 2.184049461018375,
            "O": 8.728087691795828,
            "Fe": 0.0,
            "H": 0.0
        }
    },
    "0.974 (m)": {
        "ion (g/m^2)": {
            "Ca": 8.088726896327092,
            "C": 2.4240548962951194,
            "O": 9.687218207377787,
            "Fe": 0.0,
            "H": 0.0
        }
    }
}