{
    "0.0423 (m)": {
        "ion (g/m^2)": {
            "Ca": 0.0,
            "C": 0.0,
            "O": 0.5380545086129012,
            "Fe": 1.8780488039231138,
            "H": 0.03389668746398538
        }
    },
    "0.127 (m)": {
        "ion (g/m^2)": {
            "Ca": 0.0,
            "C": 0.0,
            "O": 0.0,
            "Fe": 0.0,
            "H": 0.0
        }
    },
    "0.212 (m)": {
        "ion (g/m^2)": {
            "Ca": 0.0,
            "C": 0.0,
            "O": 0.0,
            "Fe": 0.0,
            "H": 0.0
        }
    },
    "0.296 (m)": {
        "ion (g/m^2)": {
            "Ca": 0.0,
            "C": 0.0,
            "O": 0.0,
            "Fe": 0.0,
            "H": 0.0
        }
    },
    "0.381 (m)": {
        "ion (g/m^2)": {
            "Ca": 0.0,
            "C": 0.0,
            "O": 0.0,
            "Fe": 0.0,
            "H": 0.0
        }
    },
    "0.466 (m)": {
        "ion (g/m^2)": {
            "Ca": 0.0,
            "C": 0.0,
            "O": 0.0,
            "Fe": 0.0,
            "H": 0.0
        }
    },
    "0.55 (m)": {
        "ion (g/m^2)": {
            "Ca": 0.2750968008800353,
            "C": 0.08244186701756175,
            "O": 0.329461332102403,
            "Fe": 0.0,
            "H": 0.0
        }
    },
    "0.635 (m)": {
        "ion (g/m^2)": {
            "Ca": 0.4044363448163546,
            "C": 0.12120274481475597,
            "O": 0.4843609103688894,
            "Fe": 0.0,
            "H": 0.0
        }
    },
    "0.72 (m)": {
        "ion (g/m^2)": {
            "Ca": 0.42846226629059353,
            "C": 0.12840290787305833,
            "O": 0.5131348258363482,
            "Fe": 0.0,
            "H": 0.0
        }
    },
    "0.804 (m)": {
        "ion (g/m^2)": {
            "Ca": 0.45248818776483235,
            "C": 0.13560307093136062,
            "O": 0.5419087413038068,
            "Fe": 0.0,
            "H": 0.0
        }
    },
    "0.889 (m)": {
        "ion (g/m^2)": {
            "Ca": 0.48452274973048426,
            "C": 0.14520328834243043,
            "O": 0.5802739619270852,
            "Fe": 0.0,
            "H": 0.0
        }
    },
    "0.974 (m)": {
        "ion (g/m^2)": {
            "Ca": 0.48452274973048426,
            "C": 0.14520328834243043,
            "O": 0.5802739619270852,
            "Fe": 0.0,
            "H": 0.0
        }
    }
}