{
    "1.27E-1 (m)": {
        "ion (g/m^2)": {
            "Ba": 0.00155338232723309,
            "S": 0.0003627051076826045,
            "O": 0.014728572143795249,
            "Ca": 0.011693745736206301,
            "C": 0.0035044181823906634
        },
        "total_grams": 0.09994
    },
    "2.12E-1 (m)": {
        "ion (g/m^2)": {
            "Ba": 0.0014945420875651701,
            "S": 0.00034896627784614223,
            "O": 0.014456465485819584,
            "Ca": 0.011489435687372276,
            "C": 0.0034431899099336837
        },
        "total_grams": 0.09814
    },
    "2.96E-1 (m)": {
        "ion (g/m^2)": {
            "Ba": 0.001441585871864042,
            "S": 0.00033660133099332613,
            "O": 0.01418710092089348,
            "Ca": 0.01128512563853825,
            "C": 0.003381961637476704
        },
        "total_grams": 0.09634999999999999
    },
    "3.81E-1 (m)": {
        "ion (g/m^2)": {
            "Ba": 0.0013886296561629139,
            "S": 0.0003242363841405101,
            "O": 0.013903343077880317,
            "Ca": 0.011068797351537516,
            "C": 0.0033171317019340197
        },
        "total_grams": 0.09446
    },
    "4.66E-1 (m)": {
        "ion (g/m^2)": {
            "Ba": 0.0013356734404617856,
            "S": 0.000311871437287694,
            "O": 0.01361958523486715,
            "Ca": 0.010852469064536784,
            "C": 0.0032523017663913354
        },
        "total_grams": 0.09257
    },
    "5.50E-1 (m)": {
        "ion (g/m^2)": {
            "Ba": 0.0012886012487274498,
            "S": 0.0003008803734185242,
            "O": 0.013338569484903546,
            "Ca": 0.01063614077753605,
            "C": 0.0031874718308486506
        },
        "total_grams": 0.09068999999999999
    },
    "6.35E-1 (m)": {
        "ion (g/m^2)": {
            "Ba": 0.0012356450330263215,
            "S": 0.0002885154265657081,
            "O": 0.013054811641890382,
            "Ca": 0.010419812490535316,
            "C": 0.0031226418953059663
        },
        "total_grams": 0.0888
    },
    "7.20E-1 (m)": {
        "ion (g/m^2)": {
            "Ba": 0.0011885728412919857,
            "S": 0.0002775243626965383,
            "O": 0.012759402613839718,
            "Ca": 0.010191465965367876,
            "C": 0.003054210296677577
        },
        "total_grams": 0.08682
    },
    "8.04E-1 (m)": {
        "ion (g/m^2)": {
            "Ba": 0.0011415006495576496,
            "S": 0.00026653329882736845,
            "O": 0.012463993585789052,
            "Ca": 0.009963119440200436,
            "C": 0.002985778698049188
        },
        "total_grams": 0.08484
    },
    "8.89E-1 (m)": {
        "ion (g/m^2)": {
            "Ba": 0.0010944284578233135,
            "S": 0.0002555422349581986,
            "O": 0.012168584557738388,
            "Ca": 0.009734772915032995,
            "C": 0.002917347099420799
        },
        "total_grams": 0.08286
    }
}