{
    "0.0423 (m)": {
        "ion (g/m^2)": {
            "Ba": 117.09207693916096,
            "S": 27.340271374559958,
            "O": 54.5719347627495,
            "Ca": 0.0035763245034443566,
            "Mg": 0.002168834948256277,
            "C": 0.0010717640778861001,
            "Na": 475.9805481499251,
            "Cl": 734.0194518500748
        }
    },
    "0.127 (m)": {
        "ion (g/m^2)": {
            "Ba": 101.20521222882253,
            "S": 23.63078731871514,
            "O": 47.17534481716774,
            "Ca": 0.009472427063176943,
            "Mg": 0.005744481754840949,
            "C": 0.002838726476563184,
            "Na": 405.1735244582007,
            "Cl": 624.8264755417993
        }
    },
    "0.212 (m)": {
        "ion (g/m^2)": {
            "Ba": 87.08355470852172,
            "S": 20.33346815796419,
            "O": 40.60068823351337,
            "Ca": 0.014788585108837475,
            "Mg": 0.008968425596843525,
            "C": 0.004431889295042523,
            "Na": 343.8074372587062,
            "Cl": 530.1925627412937
        }
    },
    "0.296 (m)": {
        "ion (g/m^2)": {
            "Ba": 74.7271043782585,
            "S": 17.44831389230711,
            "O": 34.84792642551187,
            "Ca": 0.019492579500755274,
            "Mg": 0.011821127420676104,
            "C": 0.0058415970010909065,
            "Na": 295.029265382185,
            "Cl": 454.97073461781497
        }
    },
    "0.381 (m)": {
        "ion (g/m^2)": {
            "Ba": 64.13586123803289,
            "S": 14.975324521743897,
            "O": 29.91717515198676,
            "Ca": 0.023681067657942357,
            "Mg": 0.014361204387102373,
            "C": 0.00709681619140796,
            "Na": 252.54505116715035,
            "Cl": 389.45494883284965
        }
    },
    "0.466 (m)": {
        "ion (g/m^2)": {
            "Ba": 54.78026313083359,
            "S": 12.790850577746392,
            "O": 25.561723211026514,
            "Ca": 0.027418487859740066,
            "Mg": 0.01662773460329812,
            "C": 0.0082168579304601,
            "Na": 215.17467755207358,
            "Cl": 331.8253224479264
        }
    },
    "0.55 (m)": {
        "ion (g/m^2)": {
            "Ba": 46.71915029632855,
            "S": 10.90863089015106,
            "O": 21.809107291950266,
            "Ca": 0.030801497525160405,
            "Mg": 0.018679335230027034,
            "C": 0.009230688814946953,
            "Na": 181.73802747542595,
            "Cl": 280.26197252457405
        }
    },
    "0.635 (m)": {
        "ion (g/m^2)": {
            "Ba": 39.71716177584605,
            "S": 9.273710139612046,
            "O": 18.549643672775538,
            "Ca": 0.03383009665420337,
            "Mg": 0.020516006267289104,
            "C": 0.010138308844868514,
            "Na": 152.62847329105037,
            "Cl": 235.37152670894963
        }
    },
    "0.72 (m)": {
        "ion (g/m^2)": {
            "Ba": 33.65661709005029,
            "S": 7.858610666456431,
            "O": 15.728374733687582,
            "Ca": 0.03640762782785696,
            "Mg": 0.022079130554320658,
            "C": 0.010910751423525164,
            "Na": 126.66589793741808,
            "Cl": 195.3341020625819
        }
    },
    "0.804 (m)": {
        "ion (g/m^2)": {
            "Ba": 28.36099551993748,
            "S": 6.622115981174825,
            "O": 13.263577891042654,
            "Ca": 0.03898515900151055,
            "Mg": 0.023642254841352208,
            "C": 0.011683194002181813,
            "Na": 106.2105355375866,
            "Cl": 163.7894644624134
        }
    },
    "0.889 (m)": {
        "ion (g/m^2)": {
            "Ba": 23.830297065507633,
            "S": 5.5642260837672275,
            "O": 11.15486728209567,
            "Ca": 0.041240498778457445,
            "Mg": 0.025009988592504816,
            "C": 0.01235908125850638,
            "Na": 88.11540726081257,
            "Cl": 135.8845927391874
        }
    },
    "0.974 (m)": {
        "ion (g/m^2)": {
            "Ba": 19.946841247424906,
            "S": 4.657463314560716,
            "O": 9.3474010458554,
            "Ca": 0.04317364715869764,
            "Mg": 0.02618233180777848,
            "C": 0.012938413192498869,
            "Na": 72.38051310709605,
            "Cl": 111.61948689290394
        }
    }
}