{
    "0.0423 (m)": {
        "ion (g/m^2)": {
            "Ba": 0.0039364120337838536,
            "S": 0.0009191277160593272,
            "O": 5.113916709766887,
            "Mg": 7.765863662043834,
            "H": 0.3220540884394348,
            "Ca": 0.0,
            "C": 0.0
        }
    },
    "0.127 (m)": {
        "ion (g/m^2)": {
            "Ba": 0.00042070771362562857,
            "S": 9.823263333070539e-05,
            "O": 0.01944382388039075,
            "Mg": 0.02923965333360444,
            "H": 0.0012125824390484782,
            "Ca": 0.0,
            "C": 0.0
        }
    },
    "0.212 (m)": {
        "ion (g/m^2)": {
            "Ba": 0.0003971716177584606,
            "S": 9.273710139612047e-05,
            "O": 0.01869702548742873,
            "Mg": 0.028121839624673888,
            "H": 0.0011662261687428019,
            "Ca": 0.0,
            "C": 0.0
        }
    },
    "0.296 (m)": {
        "ion (g/m^2)": {
            "Ba": 0.0003748123266846509,
            "S": 8.751634605826479e-05,
            "O": 0.017989503408906295,
            "Mg": 0.027062858216213365,
            "H": 0.0011223097021374243,
            "Ca": 0.0,
            "C": 0.0
        }
    },
    "0.381 (m)": {
        "ion (g/m^2)": {
            "Ba": 0.00035304143800752045,
            "S": 8.243297901877374e-05,
            "O": 0.017282255539688818,
            "Mg": 0.026003876807752842,
            "H": 0.001078393235532047,
            "Ca": 0.0,
            "C": 0.0
        }
    },
    "0.466 (m)": {
        "ion (g/m^2)": {
            "Ba": 0.00033185895172706926,
            "S": 7.748700027764733e-05,
            "O": 0.016614009775605967,
            "Mg": 0.02500372769976235,
            "H": 0.0010369165726269683,
            "Ca": 0.0,
            "C": 0.0
        }
    },
    "0.55 (m)": {
        "ion (g/m^2)": {
            "Ba": 0.0003118532702399764,
            "S": 7.281579813325014e-05,
            "O": 0.015946312430133034,
            "Mg": 0.024003578591771855,
            "H": 0.0009954399097218895,
            "Ca": 0.0,
            "C": 0.0
        }
    },
    "0.635 (m)": {
        "ion (g/m^2)": {
            "Ba": 0.0002918475887528836,
            "S": 6.814459598885296e-05,
            "O": 0.015278615084660096,
            "Mg": 0.02300342948378136,
            "H": 0.0009539632468168108,
            "Ca": 0.0,
            "C": 0.0
        }
    },
    "0.72 (m)": {
        "ion (g/m^2)": {
            "Ba": 0.0002730187120591492,
            "S": 6.374817044118502e-05,
            "O": 0.014688921949456413,
            "Mg": 0.022120944976730925,
            "H": 0.0009173661913123296,
            "Ca": 0.0,
            "C": 0.0
        }
    },
    "0.804 (m)": {
        "ion (g/m^2)": {
            "Ba": 0.00025536664015877314,
            "S": 5.962652149024634e-05,
            "O": 0.015283215393987182,
            "Mg": 0.0210619635682704,
            "H": 0.000873449724706952,
            "Ca": 0.0010851707865864564,
            "C": 0.0003252073647999888
        }
    },
    "0.889 (m)": {
        "ion (g/m^2)": {
            "Ba": 0.00023771456825839713,
            "S": 5.5504872539307654e-05,
            "O": 0.01665476723134573,
            "Mg": 0.020061814460279905,
            "H": 0.0008319730618018733,
            "Ca": 0.002787006891011711,
            "C": 0.0008352189147630708
        }
    },
    "0.974 (m)": {
        "ion (g/m^2)": {
            "Ba": 0.0002212393011513795,
            "S": 5.165800018509821e-05,
            "O": 0.015874707505451877,
            "Mg": 0.019238162253699502,
            "H": 0.0007978158099976908,
            "Ca": 0.0025947995192178,
            "C": 0.0007776176102966522
        }
    }
}