Concentration Factor (CF),Gypsum (mol)
1.00000E0,0.0
1.08578E0,0.009480222221154841
1.10959E0,0.01702686238059232
1.11571E0,0.01891834820926533
1.11725E0,0.019391525784082243
1.11763E0,0.019509839400208305
1.11773E0,0.019539419006737672
1.11775E0,0.0195468139835553
1.11776E0,0.01954927894500098
