{
    "1.27E-1 (m)": {
        "ion (g/m^2)": {
            "Ba": 0.0003359777685038237,
            "S": 7.844871836619967e-05,
            "O": 0.06852032108084703,
            "Ca": 0.0,
            "C": 0.01710572971647912,
            "Fe": 0.07955004877522759,
            "H": 2.7394057623955527e-07
        }
    },
    "2.12E-1 (m)": {
        "ion (g/m^2)": {
            "Ba": 0.0003147952822233724,
            "S": 7.350273962507325e-05,
            "O": 0.06561035382185759,
            "Ca": 0.0,
            "C": 0.016380032092143643,
            "Fe": 0.07617584212357408,
            "H": 2.7394057623955527e-07
        }
    },
    "2.96E-1 (m)": {
        "ion (g/m^2)": {
            "Ba": 0.0002942011983396004,
            "S": 6.869414918231146e-05,
            "O": 0.06228636138302868,
            "Ca": 0.0,
            "C": 0.01555066337861738,
            "Fe": 0.07231960595025579,
            "H": 2.7394057623955527e-07
        }
    },
    "3.81E-1 (m)": {
        "ion (g/m^2)": {
            "Ba": 0.00027478391924918677,
            "S": 6.41603353362789e-05,
            "O": 0.05937719479054559,
            "Ca": 0.0,
            "C": 0.014824965754281902,
            "Fe": 0.06894532264354905,
            "H": 2.7255703797571917e-07
        }
    },
    "4.66E-1 (m)": {
        "ion (g/m^2)": {
            "Ba": 0.00025595504255545236,
            "S": 5.976390978861097e-05,
            "O": 0.05605402497963154,
            "Ca": 0.0,
            "C": 0.013995597040755644,
            "Fe": 0.06508908647023078,
            "H": 2.7255703797571917e-07
        }
    },
    "5.50E-1 (m)": {
        "ion (g/m^2)": {
            "Ba": 0.00023771456825839713,
            "S": 5.5504872539307654e-05,
            "O": 0.052731107416613944,
            "Ca": 0.0,
            "C": 0.013166228327229383,
            "Fe": 0.06123277364185926,
            "H": 2.7117349971188296e-07
        }
    },
    "6.35E-1 (m)": {
        "ion (g/m^2)": {
            "Ba": 0.0002212393011513795,
            "S": 5.165800018509821e-05,
            "O": 0.13074775996192894,
            "Ca": 0.07608208466842314,
            "C": 0.03269073826009138,
            "Fe": 0.04599642472932483,
            "H": 1.9507889520089545e-07
        }
    },
    "7.20E-1 (m)": {
        "ion (g/m^2)": {
            "Ba": 0.00020770604602775788,
            "S": 4.8498069322711886e-05,
            "O": 0.4366181514775927,
            "Ca": 0.36239098223643657,
            "C": 0.10923174297411495,
            "Fe": 0.0029259191965052534,
            "H": 0.0
        }
    },
    "8.04E-1 (m)": {
        "ion (g/m^2)": {
            "Ba": 0.00019064237652406107,
            "S": 4.451380867013782e-05,
            "O": 0.4600508951250268,
            "Ca": 0.3820121514403983,
            "C": 0.11509736218590846,
            "Fe": 0.0028584350634721836,
            "H": 0.0
        }
    },
    "8.89E-1 (m)": {
        "ion (g/m^2)": {
            "Ba": 0.00017475551181372263,
            "S": 4.0804324614293004e-05,
            "O": 0.48677485609334453,
            "Ca": 0.4044363448163546,
            "C": 0.12178641304690008,
            "Fe": 0.0027138262069727474,
            "H": 0.0
        }
    }
}