elements,ppm
Li,0.04470785337989682
Na,179.9491098540847
Mg,3.9119371707409716
Ca,1456.358323850139
K,41.35476437640456
Mn,0.10059267010476784
Fe,10.953424078074722
Co,0.14530052348466466
Cu,0.033530890034922614
