elements,conc (input units)
Li,0.04997288628923907
Na,201.14086731418726
Mg,4.372627550308419
Ca,1627.8667708719627
K,46.22491981754614
Mn,0.1124389941507879
Fe,12.243357140863573
Co,0.16241188044002697
Cu,0.0374796647169293
