elements,ppm
Li,0.04997523971165503
Na,201.1503398394115
Mg,4.3728334747698145
Ca,1627.9434336071627
K,46.2270967332809
Mn,0.11244428935122382
Fe,12.243933729355483
Co,0.16241952906287885
Cu,0.03748142978374127
