elements,conc (input units)
Li,0.04470923228562041
Na,179.95465994962217
Mg,3.912057824991786
Ca,1456.4032417040848
K,41.356039864198884
Mn,0.10059577264264592
Fe,10.953761909977002
Co,0.14530500492826634
Cu,0.03353192421421531
