{
    "0.0423 (m)": {
        "ion (g/m^2)": {
            "Ca": 35.07784535238878,
            "C": 10.512238065121409,
            "O": 42.00991658248981
        }
    },
    "0.127 (m)": {
        "ion (g/m^2)": {
            "Ca": 0.1281382478626074,
            "C": 0.03840086964427912,
            "O": 0.15346088249311346
        }
    },
    "0.212 (m)": {
        "ion (g/m^2)": {
            "Ca": 0.12573565571518353,
            "C": 0.03768085333844889,
            "O": 0.15058349094636758
        }
    },
    "0.296 (m)": {
        "ion (g/m^2)": {
            "Ca": 0.12333306356775962,
            "C": 0.036960837032618654,
            "O": 0.1477060993996217
        }
    },
    "0.381 (m)": {
        "ion (g/m^2)": {
            "Ca": 0.12093047142033574,
            "C": 0.03624082072678842,
            "O": 0.14482870785287583
        }
    },
    "0.466 (m)": {
        "ion (g/m^2)": {
            "Ca": 0.11852787927291185,
            "C": 0.03552080442095819,
            "O": 0.14195131630612995
        }
    },
    "0.55 (m)": {
        "ion (g/m^2)": {
            "Ca": 0.11612528712548795,
            "C": 0.03480078811512795,
            "O": 0.13907392475938407
        }
    },
    "0.635 (m)": {
        "ion (g/m^2)": {
            "Ca": 0.11372269497806406,
            "C": 0.034080771809297715,
            "O": 0.1361965332126382
        }
    },
    "0.72 (m)": {
        "ion (g/m^2)": {
            "Ca": 0.11172053485521084,
            "C": 0.03348075822110586,
            "O": 0.1337987069236833
        }
    },
    "0.804 (m)": {
        "ion (g/m^2)": {
            "Ca": 0.10931794270778696,
            "C": 0.03276074191527563,
            "O": 0.13092131537693744
        }
    },
    "0.889 (m)": {
        "ion (g/m^2)": {
            "Ca": 0.10691535056036305,
            "C": 0.032040725609445396,
            "O": 0.12804392383019156
        }
    },
    "0.974 (m)": {
        "ion (g/m^2)": {
            "Ca": 0.10451275841293917,
            "C": 0.031320709303615156,
            "O": 0.12516653228344568
        }
    }
}