{
    "1.27E-1 (m)": {
        "ion (g/m^2)": {
            "Ca": 0.12853867988717804,
            "C": 0.038520872361917494,
            "O": 0.15394044775090446
        }
    },
    "2.12E-1 (m)": {
        "ion (g/m^2)": {
            "Ca": 0.12533522369061287,
            "C": 0.037560850620810514,
            "O": 0.1501039256885766
        }
    },
    "2.96E-1 (m)": {
        "ion (g/m^2)": {
            "Ca": 0.12213176749404768,
            "C": 0.036600828879703534,
            "O": 0.14626740362624877
        }
    },
    "3.81E-1 (m)": {
        "ion (g/m^2)": {
            "Ca": 0.11932874332205314,
            "C": 0.03576080985623493,
            "O": 0.14291044682171192
        }
    },
    "4.66E-1 (m)": {
        "ion (g/m^2)": {
            "Ca": 0.11612528712548795,
            "C": 0.03480078811512795,
            "O": 0.13907392475938407
        }
    },
    "5.50E-1 (m)": {
        "ion (g/m^2)": {
            "Ca": 0.11292183092892276,
            "C": 0.033840766374020975,
            "O": 0.13523740269705622
        }
    },
    "6.35E-1 (m)": {
        "ion (g/m^2)": {
            "Ca": 0.11011880675692824,
            "C": 0.03300074735055237,
            "O": 0.1318804458925194
        }
    },
    "7.20E-1 (m)": {
        "ion (g/m^2)": {
            "Ca": 0.10691535056036305,
            "C": 0.032040725609445396,
            "O": 0.12804392383019156
        }
    },
    "8.04E-1 (m)": {
        "ion (g/m^2)": {
            "Ca": 0.10411232638836852,
            "C": 0.031200706585976786,
            "O": 0.1246869670256547
        }
    },
    "8.89E-1 (m)": {
        "ion (g/m^2)": {
            "Ca": 0.10090887019180333,
            "C": 0.030240684844869806,
            "O": 0.12085044496332685
        }
    }
}