{
    "0.0423 (m)": {
        "ion (g/m^2)": {
            "Ca": 35.07784535238878,
            "C": 10.512238065121409,
            "O": 42.00991658248981
        }
    },
    "0.127 (m)": {
        "ion (g/m^2)": {
            "Ca": 0.12853867988717804,
            "C": 0.038520872361917494,
            "O": 0.15394044775090446
        }
    },
    "0.212 (m)": {
        "ion (g/m^2)": {
            "Ca": 0.12613608773975415,
            "C": 0.03780085605608726,
            "O": 0.15106305620415858
        }
    },
    "0.296 (m)": {
        "ion (g/m^2)": {
            "Ca": 0.12373349559233027,
            "C": 0.03708083975025703,
            "O": 0.1481856646574127
        }
    },
    "0.381 (m)": {
        "ion (g/m^2)": {
            "Ca": 0.12133090344490638,
            "C": 0.036360823444426794,
            "O": 0.1453082731106668
        }
    },
    "0.466 (m)": {
        "ion (g/m^2)": {
            "Ca": 0.11852787927291185,
            "C": 0.03552080442095819,
            "O": 0.14195131630612995
        }
    },
    "0.55 (m)": {
        "ion (g/m^2)": {
            "Ca": 0.11612528712548795,
            "C": 0.03480078811512795,
            "O": 0.13907392475938407
        }
    },
    "0.635 (m)": {
        "ion (g/m^2)": {
            "Ca": 0.11372269497806406,
            "C": 0.034080771809297715,
            "O": 0.1361965332126382
        }
    },
    "0.72 (m)": {
        "ion (g/m^2)": {
            "Ca": 0.11132010283064019,
            "C": 0.03336075550346749,
            "O": 0.13331914166589234
        }
    },
    "0.804 (m)": {
        "ion (g/m^2)": {
            "Ca": 0.1089175106832163,
            "C": 0.032640739197637256,
            "O": 0.13044175011914647
        }
    },
    "0.889 (m)": {
        "ion (g/m^2)": {
            "Ca": 0.10651491853579241,
            "C": 0.03192072289180702,
            "O": 0.1275643585724006
        }
    },
    "0.974 (m)": {
        "ion (g/m^2)": {
            "Ca": 0.10651491853579241,
            "C": 0.03192072289180702,
            "O": 0.1275643585724006
        }
    }
}