{
    "0.0423 (m)": {
        "ion (g/m^2)": {
            "Ba": 0.04636610885832102,
            "S": 0.010826197911132285,
            "O": 60.04984622922246,
            "Mg": 91.19006572854504,
            "H": 3.7816957354630603,
            "Ca": 0.0,
            "C": 0.0
        }
    },
    "0.127 (m)": {
        "ion (g/m^2)": {
            "Ba": 0.0050896807312750866,
            "S": 0.0011884087808539882,
            "O": 0.23551384338249753,
            "Mg": 0.3541704488295749,
            "H": 0.014687618275798467,
            "Ca": 0.0,
            "C": 0.0
        }
    },
    "0.212 (m)": {
        "ion (g/m^2)": {
            "Ba": 0.004913160012271327,
            "S": 0.0011471922913446012,
            "O": 0.23117151204974676,
            "Mg": 0.34769889577787166,
            "H": 0.014419239868765603,
            "Ca": 0.0,
            "C": 0.0
        }
    },
    "0.296 (m)": {
        "ion (g/m^2)": {
            "Ba": 0.0047366392932675664,
            "S": 0.0011059758018352145,
            "O": 0.2272164596752927,
            "Mg": 0.3418156657308688,
            "H": 0.014175259498735729,
            "Ca": 0.0,
            "C": 0.0
        }
    },
    "0.381 (m)": {
        "ion (g/m^2)": {
            "Ba": 0.004560118574263806,
            "S": 0.0010647593123258275,
            "O": 0.2232614073008386,
            "Mg": 0.3359324356838659,
            "H": 0.013931279128705853,
            "Ca": 0.0,
            "C": 0.0
        }
    },
    "0.466 (m)": {
        "ion (g/m^2)": {
            "Ba": 0.004389481879226838,
            "S": 0.0010249167058000868,
            "O": 0.21969637597773084,
            "Mg": 0.3306375286415633,
            "H": 0.013711696795678968,
            "Ca": 0.0,
            "C": 0.0
        }
    },
    "0.55 (m)": {
        "ion (g/m^2)": {
            "Ba": 0.00421884518418987,
            "S": 0.0009850740992743462,
            "O": 0.21574406569632634,
            "Mg": 0.3247542985945604,
            "H": 0.013467716425649093,
            "Ca": 0.0,
            "C": 0.0
        }
    },
    "0.635 (m)": {
        "ion (g/m^2)": {
            "Ba": 0.004054092513119694,
            "S": 0.0009466053757322518,
            "O": 0.2121817764662681,
            "Mg": 0.3194593915522578,
            "H": 0.013248134092622207,
            "Ca": 0.0,
            "C": 0.0
        }
    },
    "0.72 (m)": {
        "ion (g/m^2)": {
            "Ba": 0.0038893398420495177,
            "S": 0.0009081366521901575,
            "O": 0.20861948723620988,
            "Mg": 0.31416448450995516,
            "H": 0.013028551759595318,
            "Ca": 0.0,
            "C": 0.0
        }
    },
    "0.804 (m)": {
        "ion (g/m^2)": {
            "Ba": 0.003724587170979341,
            "S": 0.0008696679286480629,
            "O": 0.2235132069269765,
            "Mg": 0.30769293145825194,
            "H": 0.012760173352562456,
            "Ca": 0.016057324185282988,
            "C": 0.004812108977298727
        }
    },
    "0.889 (m)": {
        "ion (g/m^2)": {
            "Ba": 0.003565718523875957,
            "S": 0.0008325730880896149,
            "O": 0.24943604288792126,
            "Mg": 0.3006330554018485,
            "H": 0.012467396908526605,
            "Ca": 0.041644930555347404,
            "C": 0.012480282634390714
        }
    },
    "0.974 (m)": {
        "ion (g/m^2)": {
            "Ba": 0.0034068498767725725,
            "S": 0.0007954782475311666,
            "O": 0.24463687958478392,
            "Mg": 0.29651479436894645,
            "H": 0.012296610649505694,
            "Ca": 0.039963116052150686,
            "C": 0.01197627122030955
        }
    }
}