elements,ppm
Mn,0.000382310583794161
Fe,0.007847362015722632
B,1.679168054311609
Cl,30929.675857543298
Na,20511.337634854575
S(6),11869.11943151807
Ca,967.0208884205248
K,376.0636788302041
Mg,2056.4811141346045
Sr,10.36986224016842
Ba,0.013743190920705133
Li,0.28485886635643365
Zn,0.0002623700084861889
Ni,0.0001499257191349651
Cu,0.00013743190920705134
Cd,0.000462270967332809
Co,0.00016241952906287884
Pb,0.00044977715740489527
