{
    "1.00707 (m)": {
        "ion (g/m^2)": {
            "Ca": 0.0,
            "S": 0.0,
            "O": 0.0,
            "H": 0.0
        }
    },
    "1.01425 (m)": {
        "ion (g/m^2)": {
            "Ca": 0.0,
            "S": 0.0,
            "O": 0.0,
            "H": 0.0
        }
    },
    "1.02152 (m)": {
        "ion (g/m^2)": {
            "Ca": 0.0,
            "S": 0.0,
            "O": 0.0,
            "H": 0.0
        }
    },
    "1.02891 (m)": {
        "ion (g/m^2)": {
            "Ca": 0.0,
            "S": 0.0,
            "O": 0.0,
            "H": 0.0
        }
    },
    "1.0364 (m)": {
        "ion (g/m^2)": {
            "Ca": 0.0,
            "S": 0.0,
            "O": 0.0,
            "H": 0.0
        }
    },
    "1.044 (m)": {
        "ion (g/m^2)": {
            "Ca": 0.0,
            "S": 0.0,
            "O": 0.0,
            "H": 0.0
        }
    },
    "1.05171 (m)": {
        "ion (g/m^2)": {
            "Ca": 0.0,
            "S": 0.0,
            "O": 0.0,
            "H": 0.0
        }
    },
    "1.05954 (m)": {
        "ion (g/m^2)": {
            "Ca": 0.026885299032741238,
            "S": 0.02150998336955057,
            "O": 0.05366393699092272,
            "H": 0.0013523014275693
        }
    },
    "1.06749 (m)": {
        "ion (g/m^2)": {
            "Ca": 0.11628190231500099,
            "S": 0.09303306546560472,
            "O": 0.23210248364422212,
            "H": 0.005848853766125161
        }
    },
    "1.07556 (m)": {
        "ion (g/m^2)": {
            "Ca": 0.2058024661992722,
            "S": 0.16465532408502576,
            "O": 0.41078845971713107,
            "H": 0.010351641188726704
        }
    },
    "1.08375 (m)": {
        "ion (g/m^2)": {
            "Ca": 0.2954485295510644,
            "S": 0.23637799042005284,
            "O": 0.589724936835583,
            "H": 0.014860741098642638
        }
    },
    "1.09207 (m)": {
        "ion (g/m^2)": {
            "Ca": 0.38522166213620496,
            "S": 0.30820232038518414,
            "O": 0.7689150483035577,
            "H": 0.019376232453394204
        }
    },
    "1.10052 (m)": {
        "ion (g/m^2)": {
            "Ca": 0.4751234651859156,
            "S": 0.38012959506927446,
            "O": 0.9483619902309918,
            "H": 0.023898195793177892
        }
    },
    "1.1091 (m)": {
        "ion (g/m^2)": {
            "Ca": 0.5651555721103045,
            "S": 0.45216112130637537,
            "O": 1.1280690229579329,
            "H": 0.02842671327675335
        }
    },
    "1.11781 (m)": {
        "ion (g/m^2)": {
            "Ca": 0.655319649224145,
            "S": 0.5242982322564052,
            "O": 1.308039472503217,
            "H": 0.03296186871794923
        }
    }
}