Concentration Factor (CF),Gypsum (g)
1.00707,0.0
1.01425,0.0
1.02152,0.0
1.02891,0.0
1.0364,0.0
1.044,0.0
1.05171,0.0
1.05954,0.10341152082078382
1.06749,0.44726630519095295
1.07556,0.7915978911901557
1.08375,1.1364121979053428
1.09207,1.481715263278341
1.10052,1.8275132462793595
1.1091,2.173812429651366
1.11781,2.520619222701716
