{
    "1.27E-1 (m)": {
        "ion (g/m^2)": {
            "Fe": 1.1114982717095978e-10,
            "O": 3.184404234647782e-11,
            "H": 2.0061304825623997e-12
        }
    },
    "2.12E-1 (m)": {
        "ion (g/m^2)": {
            "Fe": 1.1498257983202736e-11,
            "O": 3.2942112772218434e-12,
            "H": 2.0753073957542067e-13
        }
    },
    "2.96E-1 (m)": {
        "ion (g/m^2)": {
            "Fe": 4.783275321012338e-11,
            "O": 1.3703918913242868e-11,
            "H": 8.6332787663375e-13
        }
    },
    "3.81E-1 (m)": {
        "ion (g/m^2)": {
            "Fe": 1.4181184845950042e-11,
            "O": 4.062860575240274e-12,
            "H": 2.559545788096855e-13
        }
    },
    "4.66E-1 (m)": {
        "ion (g/m^2)": {
            "Fe": 0.0,
            "O": 0.0,
            "H": 0.0
        }
    },
    "5.50E-1 (m)": {
        "ion (g/m^2)": {
            "Fe": 0.0,
            "O": 0.0,
            "H": 0.0
        }
    },
    "6.35E-1 (m)": {
        "ion (g/m^2)": {
            "Fe": 0.0,
            "O": 0.0,
            "H": 0.0
        }
    },
    "7.20E-1 (m)": {
        "ion (g/m^2)": {
            "Fe": 0.0,
            "O": 0.0,
            "H": 0.0
        }
    },
    "8.04E-1 (m)": {
        "ion (g/m^2)": {
            "Fe": 0.0,
            "O": 0.0,
            "H": 0.0
        }
    },
    "8.89E-1 (m)": {
        "ion (g/m^2)": {
            "Fe": 0.0,
            "O": 0.0,
            "H": 0.0
        }
    }
}