{
    "0.0423 (m)": {
        "ion (g/m^2)": {
            "Fe": 6.737979178156804e-05,
            "O": 1.930407808452e-05,
            "H": 1.216130133911965e-06
        }
    },
    "0.127 (m)": {
        "ion (g/m^2)": {
            "Fe": 0.0,
            "O": 0.0,
            "H": 0.0
        }
    },
    "0.212 (m)": {
        "ion (g/m^2)": {
            "Fe": 5.680139443702152e-10,
            "O": 1.6273403709475906e-10,
            "H": 1.0252018535025781e-11
        }
    },
    "0.296 (m)": {
        "ion (g/m^2)": {
            "Fe": 2.131010479553574e-11,
            "O": 6.1052715671178165e-12,
            "H": 3.8462363734644633e-13
        }
    },
    "0.381 (m)": {
        "ion (g/m^2)": {
            "Fe": 0.0,
            "O": 0.0,
            "H": 0.0
        }
    },
    "0.466 (m)": {
        "ion (g/m^2)": {
            "Fe": 0.0,
            "O": 0.0,
            "H": 0.0
        }
    },
    "0.55 (m)": {
        "ion (g/m^2)": {
            "Fe": 0.0,
            "O": 0.0,
            "H": 0.0
        }
    },
    "0.635 (m)": {
        "ion (g/m^2)": {
            "Fe": 0.0,
            "O": 0.0,
            "H": 0.0
        }
    },
    "0.72 (m)": {
        "ion (g/m^2)": {
            "Fe": 5.09756103921988e-11,
            "O": 1.4604336662350173e-11,
            "H": 9.200529454510317e-13
        }
    },
    "0.804 (m)": {
        "ion (g/m^2)": {
            "Fe": 2.000696889077276e-10,
            "O": 5.731927622366007e-11,
            "H": 3.6110348686123193e-12
        }
    },
    "0.889 (m)": {
        "ion (g/m^2)": {
            "Fe": 4.997909470032123e-10,
            "O": 1.4318838351657613e-10,
            "H": 9.020669480211619e-12
        }
    },
    "0.974 (m)": {
        "ion (g/m^2)": {
            "Fe": 0.0,
            "O": 0.0,
            "H": 0.0
        }
    }
}