elements,ppm
Mn,12.218370697718951
B,6.921244751059611
Cl,228707.16071348876
Na,151167.98102494818
S(6),7333.521062945833
Ca,1586.6391396833405
K,1611.62558282796
Mg,1674.0916906895088
Sr,30.221102983417328
Ba,21863.137751542094
Li,0.2873440961631247
