{
    "0.0423 (m)": {
        "ion (g/m^2)": {
            "Ba": 3542.182428008789,
            "S": 827.0775561550299,
            "O": 2241.4351851549477,
            "Mg": 569.4966685498812,
            "H": 37.212976046799085,
            "Na": 10699.728024527241,
            "Cl": 16500.271975472755,
            "Ca": 540.5951860845535
        }
    },
    "0.127 (m)": {
        "ion (g/m^2)": {
            "Ba": 0.0004836667700703031,
            "S": 0.00011293318125572004,
            "O": 0.020464824799712348,
            "Mg": 5.794981596297862e-06,
            "H": 0.0012750556760604533,
            "Na": 367.0164061354381,
            "Cl": 565.9835938645618,
            "Ca": 0.05068957459130488
        }
    },
    "0.212 (m)": {
        "ion (g/m^2)": {
            "Ba": 0.00046719150296328543,
            "S": 0.00010908630890151059,
            "O": 0.019616188823799757,
            "Mg": 5.577302084558755e-06,
            "H": 0.0012220764816650456,
            "Na": 357.96884199705113,
            "Cl": 552.0311580029488,
            "Ca": 0.048583359580585836
        }
    },
    "0.296 (m)": {
        "ion (g/m^2)": {
            "Ba": 0.0004518930406496262,
            "S": 0.0001055142131440304,
            "O": 0.018824167206343115,
            "Mg": 5.377272262960656e-06,
            "H": 0.0011726293636855295,
            "Na": 348.9212778586641,
            "Cl": 538.0787221413359,
            "Ca": 0.04661755890391474
        }
    },
    "0.381 (m)": {
        "ion (g/m^2)": {
            "Ba": 0.0004371829807326462,
            "S": 0.00010207950568491481,
            "O": 0.018032423670981016,
            "Mg": 5.18312567140956e-06,
            "H": 0.0011231824896863834,
            "Na": 340.26708607412,
            "Cl": 524.73291392588,
            "Ca": 0.04465175822724363
        }
    },
    "0.466 (m)": {
        "ion (g/m^2)": {
            "Ba": 0.0004224729208156662,
            "S": 9.864479822579925e-05,
            "O": 0.017296742202675356,
            "Mg": 5.0007455399524694e-06,
            "H": 0.0010772674481227581,
            "Na": 331.61289428957593,
            "Cl": 511.38710571042407,
            "Ca": 0.04282637188462046
        }
    },
    "0.55 (m)": {
        "ion (g/m^2)": {
            "Ba": 0.0004083512632953653,
            "S": 9.534747906504829e-05,
            "O": 0.016561338816464242,
            "Mg": 4.824248638542382e-06,
            "H": 0.001031352650539503,
            "Na": 323.35207485887474,
            "Cl": 498.6479251411252,
            "Ca": 0.0410009855419973
        }
    },
    "0.635 (m)": {
        "ion (g/m^2)": {
            "Ba": 0.0003948180081717438,
            "S": 9.218754820266198e-05,
            "O": 0.015854240673086308,
            "Mg": 4.653634967179298e-06,
            "H": 0.0009872037691740086,
            "Na": 315.09125542817355,
            "Cl": 485.9087445718264,
            "Ca": 0.0392458063663981
        }
    },
    "0.72 (m)": {
        "ion (g/m^2)": {
            "Ba": 0.00038128475304812214,
            "S": 8.902761734027565e-05,
            "O": 0.01520320072397524,
            "Mg": 4.488904525863217e-06,
            "H": 0.0009465864762636651,
            "Na": 306.83043599747236,
            "Cl": 473.1695640025276,
            "Ca": 0.03763104152484684
        }
    },
    "0.804 (m)": {
        "ion (g/m^2)": {
            "Ba": 0.0003683399003211797,
            "S": 8.600507477625394e-05,
            "O": 0.014552434984169124,
            "Mg": 4.3241740845471355e-06,
            "H": 0.0009059691833533217,
            "Na": 298.5696165667712,
            "Cl": 460.43038343322877,
            "Ca": 0.03601627668329557
        }
    },
    "0.889 (m)": {
        "ion (g/m^2)": {
            "Ba": 0.0003559834499909165,
            "S": 8.311992051059685e-05,
            "O": 0.013901951199247135,
            "Mg": 4.17121010332506e-06,
            "H": 0.0008653523784037185,
            "Na": 290.30879713607004,
            "Cl": 447.69120286392996,
            "Ca": 0.03440151184174431
        }
    },
    "0.974 (m)": {
        "ion (g/m^2)": {
            "Ba": 0.0003559834499909165,
            "S": 8.311992051059685e-05,
            "O": 0.013901951199247135,
            "Mg": 4.17121010332506e-06,
            "H": 0.0008653523784037185,
            "Na": 290.30879713607004,
            "Cl": 447.69120286392996,
            "Ca": 0.03440151184174431
        }
    }
}