{
    "1.27E-1 (m)": {
        "ion (g/m^2)": {
            "Ba": 0.0005189709138710551,
            "S": 0.0001211764791575974,
            "O": 0.020930041116942535,
            "Mg": 6.295056150293109e-06,
            "H": 0.0013033271701901547,
            "Na": 370.5567573200243,
            "Cl": 571.4432426799756,
            "Ca": 0.05181288926368837
        }
    },
    "2.12E-1 (m)": {
        "ion (g/m^2)": {
            "Ba": 0.0004989652323839623,
            "S": 0.00011650527701320023,
            "O": 0.019967600895981066,
            "Mg": 6.000894647942964e-06,
            "H": 0.0012432821151003746,
            "Na": 359.54233141242275,
            "Cl": 554.4576685875772,
            "Ca": 0.04942584558487346
        }
    },
    "2.96E-1 (m)": {
        "ion (g/m^2)": {
            "Ba": 0.0004807247580869071,
            "S": 0.00011224623976389692,
            "O": 0.019062076352307573,
            "Mg": 5.765565446062847e-06,
            "H": 0.001186770844289076,
            "Na": 348.9212778586641,
            "Cl": 538.0787221413359,
            "Ca": 0.04717921624010648
        }
    },
    "3.81E-1 (m)": {
        "ion (g/m^2)": {
            "Ba": 0.00046307268618653107,
            "S": 0.00010812459081295823,
            "O": 0.01818485705146727,
            "Mg": 5.5361194742297335e-06,
            "H": 0.0011320254896955379,
            "Na": 338.69359665874833,
            "Cl": 522.3064033412516,
            "Ca": 0.045002794062363474
        }
    },
    "4.66E-1 (m)": {
        "ion (g/m^2)": {
            "Ba": 0.000445420614286155,
            "S": 0.00010400294186201954,
            "O": 0.01733567265694477,
            "Mg": 5.3184399624906266e-06,
            "H": 0.0010790462953001304,
            "Na": 328.0725431049897,
            "Cl": 505.92745689501027,
            "Ca": 0.042896579051644436
        }
    },
    "5.50E-1 (m)": {
        "ion (g/m^2)": {
            "Ba": 0.0004289453471791374,
            "S": 0.0001001560695078101,
            "O": 0.01651506771456041,
            "Mg": 5.106643680798522e-06,
            "H": 0.0010278330171224835,
            "Na": 318.23823425891686,
            "Cl": 490.7617657410831,
            "Ca": 0.040860571207949364
        }
    },
    "6.35E-1 (m)": {
        "ion (g/m^2)": {
            "Ba": 0.00041305848246879896,
            "S": 9.644658545196529e-05,
            "O": 0.015722768015009225,
            "Mg": 4.90073062915342e-06,
            "H": 0.0009783856551625972,
            "Na": 308.0105530590011,
            "Cl": 474.98944694099885,
            "Ca": 0.03889477053127826
        }
    },
    "7.20E-1 (m)": {
        "ion (g/m^2)": {
            "Ba": 0.0003971716177584606,
            "S": 9.273710139612047e-05,
            "O": 0.014958503221775851,
            "Mg": 4.706584037602324e-06,
            "H": 0.0009307044534008414,
            "Na": 298.1762442129283,
            "Cl": 459.82375578707166,
            "Ca": 0.03699917702163112
        }
    },
    "8.04E-1 (m)": {
        "ion (g/m^2)": {
            "Ba": 0.0003818731554448013,
            "S": 8.916500563864026e-05,
            "O": 0.014250566959324716,
            "Mg": 4.5124374460512284e-06,
            "H": 0.0008865545961138667,
            "Na": 288.34193536685547,
            "Cl": 444.65806463314453,
            "Ca": 0.035243997846031924
        }
    },
    "8.89E-1 (m)": {
        "ion (g/m^2)": {
            "Ba": 0.0003665746931311421,
            "S": 8.559290988116007e-05,
            "O": 0.013542634569663162,
            "Mg": 4.3241740845471355e-06,
            "H": 0.0008424049828072622,
            "Na": 278.5076265207826,
            "Cl": 429.49237347921735,
            "Ca": 0.03348881867043273
        }
    }
}