{
    "1.27E-1 (m)": {
        "ion (g/m^2)": {
            "Mg": 0.0006835920421894727,
            "C": 0.0001689039074496009,
            "O": 0.001124980715882149,
            "H": 4.2523334478777445e-05
        }
    },
    "2.12E-1 (m)": {
        "ion (g/m^2)": {
            "Mg": 0.0006125255427539335,
            "C": 0.00015134459033850378,
            "O": 0.0010080272751221235,
            "H": 3.81025917854392e-05
        }
    },
    "2.96E-1 (m)": {
        "ion (g/m^2)": {
            "Mg": 0.0005448431623391343,
            "C": 0.00013462143118507796,
            "O": 0.0008966430458268612,
            "H": 3.389236064892658e-05
        }
    },
    "3.81E-1 (m)": {
        "ion (g/m^2)": {
            "Mg": 0.0004839290199658149,
            "C": 0.0001195705879469947,
            "O": 0.0007963972394611252,
            "H": 3.010315262606522e-05
        }
    },
    "4.66E-1 (m)": {
        "ion (g/m^2)": {
            "Mg": 0.0004263989966132355,
            "C": 0.00010535590266658274,
            "O": 0.0007017206445601523,
            "H": 2.6524456160029497e-05
        }
    },
    "5.50E-1 (m)": {
        "ion (g/m^2)": {
            "Mg": 0.00037563721130213606,
            "C": 9.281353330151338e-05,
            "O": 0.0006181824725887056,
            "H": 2.3366782807645033e-05
        }
    },
    "6.35E-1 (m)": {
        "ion (g/m^2)": {
            "Mg": 0.00032656748550140654,
            "C": 8.068924291527965e-05,
            "O": 0.0005374289063496405,
            "H": 2.0314365233673386e-05
        }
    },
    "7.20E-1 (m)": {
        "ion (g/m^2)": {
            "Mg": 0.000282573938231787,
            "C": 6.981918946555286e-05,
            "O": 0.00046502915730771996,
            "H": 1.757771499494018e-05
        }
    },
    "8.04E-1 (m)": {
        "ion (g/m^2)": {
            "Mg": 0.0002423029218849814,
            "C": 5.986890976926447e-05,
            "O": 0.0003987555408770389,
            "H": 1.5072627468715172e-05
        }
    },
    "8.89E-1 (m)": {
        "ion (g/m^2)": {
            "Mg": 0.00020575443646098982,
            "C": 5.083840382641453e-05,
            "O": 0.0003386080570575973,
            "H": 1.279910265499836e-05
        }
    }
}