elements,conc (input units)
Ca,641.0414087259056
Mg,2265.749806703632
Na,16440.50164620318
Sr,6.299889706444245
Cl,31981.61114352584
S,3850.3931166359894
Fe,0.3039420472407311
K,793.0124323462712
