{
    "0.0423 (m)": {
        "ion (g/m^2)": {
            "Ba": 3542.182428008789,
            "S": 827.0775561550299,
            "O": 2241.4351851549477,
            "Mg": 569.4966685498812,
            "H": 37.212976046799085,
            "Na": 10660.39078914295,
            "Cl": 16439.60921085705,
            "Ca": 540.5951860845535
        }
    },
    "0.127 (m)": {
        "ion (g/m^2)": {
            "Ba": 0.0004819015628802654,
            "S": 0.00011252101636062615,
            "O": 0.020379909071212808,
            "Mg": 5.777331906156853e-06,
            "H": 0.0012697579274071715,
            "Na": 365.4429167200665,
            "Cl": 563.5570832799335,
            "Ca": 0.05047895309023298
        }
    },
    "0.212 (m)": {
        "ion (g/m^2)": {
            "Ba": 0.000466014698169927,
            "S": 0.00010881153230478133,
            "O": 0.019559574465343815,
            "Mg": 5.559652394417745e-06,
            "H": 0.0012185444052491546,
            "Na": 356.78872493552234,
            "Cl": 550.2112750644776,
            "Ca": 0.04844294524653791
        }
    },
    "0.296 (m)": {
        "ion (g/m^2)": {
            "Ba": 0.00045071623585626777,
            "S": 0.00010523943654730114,
            "O": 0.018767556720676752,
            "Mg": 5.3655058028666504e-06,
            "H": 0.0011690975312500084,
            "Na": 348.13453315097826,
            "Cl": 536.8654668490217,
            "Ca": 0.0464771445698668
        }
    },
    "0.381 (m)": {
        "ion (g/m^2)": {
            "Ba": 0.000436594578335967,
            "S": 0.00010194211738655021,
            "O": 0.018004118428147833,
            "Mg": 5.177242441362557e-06,
            "H": 0.0011214165734686227,
            "Na": 339.87371372027707,
            "Cl": 524.1262862797229,
            "Ca": 0.04458155106021967
        }
    },
    "0.466 (m)": {
        "ion (g/m^2)": {
            "Ba": 0.0004224729208156662,
            "S": 9.864479822579925e-05,
            "O": 0.017268715041936715,
            "Mg": 5.0007455399524694e-06,
            "H": 0.0010755017758853676,
            "Na": 331.61289428957593,
            "Cl": 511.38710571042407,
            "Ca": 0.0427561647175965
        }
    },
    "0.55 (m)": {
        "ion (g/m^2)": {
            "Ba": 0.0004083512632953653,
            "S": 9.534747906504829e-05,
            "O": 0.016561338816464242,
            "Mg": 4.824248638542382e-06,
            "H": 0.001031352650539503,
            "Na": 323.35207485887474,
            "Cl": 498.6479251411252,
            "Ca": 0.0410009855419973
        }
    },
    "0.635 (m)": {
        "ion (g/m^2)": {
            "Ba": 0.0003954064105684229,
            "S": 9.23249365010266e-05,
            "O": 0.015882545915919487,
            "Mg": 4.659518197226302e-06,
            "H": 0.000988969685391769,
            "Na": 315.09125542817355,
            "Cl": 485.9087445718264,
            "Ca": 0.03931601353342207
        }
    },
    "0.72 (m)": {
        "ion (g/m^2)": {
            "Ba": 0.0003818731554448013,
            "S": 8.916500563864026e-05,
            "O": 0.015231505966808419,
            "Mg": 4.494787755910219e-06,
            "H": 0.0009483523924814257,
            "Na": 307.2238083513153,
            "Cl": 473.7761916486847,
            "Ca": 0.0377012486918708
        }
    },
    "0.804 (m)": {
        "ion (g/m^2)": {
            "Ba": 0.00036951670511453806,
            "S": 8.627985137298319e-05,
            "O": 0.014581018309096846,
            "Mg": 4.335940544641141e-06,
            "H": 0.0009077353435514524,
            "Na": 299.356361274457,
            "Cl": 461.6436387255429,
            "Ca": 0.03608648385031954
        }
    },
    "0.889 (m)": {
        "ion (g/m^2)": {
            "Ba": 0.00035716025478427487,
            "S": 8.339469710732611e-05,
            "O": 0.013958561684913495,
            "Mg": 4.1829765634190655e-06,
            "H": 0.0008688842108392396,
            "Na": 291.4889141975988,
            "Cl": 449.5110858024012,
            "Ca": 0.03454192617579224
        }
    },
    "0.974 (m)": {
        "ion (g/m^2)": {
            "Ba": 0.0003448038044540117,
            "S": 8.050954284166903e-05,
            "O": 0.013364132221468789,
            "Mg": 4.03001258219699e-06,
            "H": 0.0008317987503644174,
            "Na": 284.0148394745834,
            "Cl": 437.9851605254166,
            "Ca": 0.03306757566828892
        }
    }
}