{
    "1.27E-1 (m)": {
        "ion (g/m^2)": {
            "Ca": 2.0489323537578064,
            "S": 1.639278804412497,
            "O": 3.2717888418296965
        },
        "total_moles": 6.96
    },
    "2.12E-1 (m)": {
        "ion (g/m^2)": {
            "Ca": 1.9900549872705129,
            "S": 1.592173091642023,
            "O": 3.1777719210874635
        },
        "total_moles": 6.76
    },
    "2.96E-1 (m)": {
        "ion (g/m^2)": {
            "Ca": 1.9311776207832194,
            "S": 1.5450673788715488,
            "O": 3.083755000345231
        },
        "total_moles": 6.56
    },
    "3.81E-1 (m)": {
        "ion (g/m^2)": {
            "Ca": 1.8723002542959264,
            "S": 1.4979616661010748,
            "O": 2.9897380796029984
        },
        "total_moles": 6.36
    },
    "4.66E-1 (m)": {
        "ion (g/m^2)": {
            "Ca": 1.8163667561329977,
            "S": 1.4532112389691245,
            "O": 2.9004220048978775
        },
        "total_moles": 6.17
    },
    "5.50E-1 (m)": {
        "ion (g/m^2)": {
            "Ca": 1.7604332579700692,
            "S": 1.4084608118371742,
            "O": 2.8111059301927566
        },
        "total_moles": 5.98
    },
    "6.35E-1 (m)": {
        "ion (g/m^2)": {
            "Ca": 1.7044997598071405,
            "S": 1.3637103847052239,
            "O": 2.7217898554876356
        },
        "total_moles": 5.79
    },
    "7.20E-1 (m)": {
        "ion (g/m^2)": {
            "Ca": 1.6485662616442118,
            "S": 1.3189599575732733,
            "O": 2.6324737807825143
        },
        "total_moles": 5.6
    },
    "8.04E-1 (m)": {
        "ion (g/m^2)": {
            "Ca": 1.595576631805648,
            "S": 1.2765648160798468,
            "O": 2.547858552114505
        },
        "total_moles": 5.42
    },
    "8.89E-1 (m)": {
        "ion (g/m^2)": {
            "Ca": 1.5396431336427194,
            "S": 1.2318143889478965,
            "O": 2.458542477409384
        },
        "total_moles": 5.23
    }
}