{
    "0.0423 (m)": {
        "ion (g/m^2)": {
            "Ca": 7.09755216602831,
            "S": 5.678502175849537,
            "O": 14.166946470027613,
            "H": 0.35699918809454434
        }
    },
    "0.127 (m)": {
        "ion (g/m^2)": {
            "Ca": 2.342452198385167,
            "S": 1.874113721773052,
            "O": 4.675611270877245,
            "H": 0.11782280896453642
        }
    },
    "0.212 (m)": {
        "ion (g/m^2)": {
            "Ca": 2.290455479220125,
            "S": 1.8325129732320298,
            "O": 4.571824117250669,
            "H": 0.11520743029717714
        }
    },
    "0.296 (m)": {
        "ion (g/m^2)": {
            "Ca": 2.241058596013334,
            "S": 1.7929922621180585,
            "O": 4.473226321305422,
            "H": 0.11272282056318579
        }
    },
    "0.381 (m)": {
        "ion (g/m^2)": {
            "Ca": 2.189061876848292,
            "S": 1.7513915135770364,
            "O": 4.369439167678846,
            "H": 0.1101074418958265
        }
    },
    "0.466 (m)": {
        "ion (g/m^2)": {
            "Ca": 2.1370651576832493,
            "S": 1.7097907650360142,
            "O": 4.265652014052271,
            "H": 0.1074920632284672
        }
    },
    "0.55 (m)": {
        "ion (g/m^2)": {
            "Ca": 2.0876682744764588,
            "S": 1.670270053922043,
            "O": 4.1670542181070225,
            "H": 0.10500745349447585
        }
    },
    "0.635 (m)": {
        "ion (g/m^2)": {
            "Ca": 2.038271391269668,
            "S": 1.630749342808072,
            "O": 4.068456422161776,
            "H": 0.10252284376048452
        }
    },
    "0.72 (m)": {
        "ion (g/m^2)": {
            "Ca": 1.988874508062878,
            "S": 1.591228631694101,
            "O": 3.9698586262165287,
            "H": 0.1000382340264932
        }
    },
    "0.804 (m)": {
        "ion (g/m^2)": {
            "Ca": 1.9394776248560874,
            "S": 1.5517079205801296,
            "O": 3.8712608302712814,
            "H": 0.09755362429250186
        }
    },
    "0.889 (m)": {
        "ion (g/m^2)": {
            "Ca": 1.8926805776075493,
            "S": 1.5142672468932097,
            "O": 3.7778523920073632,
            "H": 0.09519978349187849
        }
    },
    "0.974 (m)": {
        "ion (g/m^2)": {
            "Ca": 1.8458835303590109,
            "S": 1.4768265732062895,
            "O": 3.6844439537434446,
            "H": 0.09284594269125512
        }
    }
}