elements,ppm
Mn,0.0003879241854866865
Fe,0.007962587611247967
B,1.7038238735101525
Cl,31383.827241530755
Na,20812.51286918964
S(6),12043.397915436344
Ca,981.2199985839717
K,381.58555500487785
Mg,2086.677154611392
Sr,10.52212659980228
Ba,0.013944987059978925
Li,0.28904154997047227
Zn,0.00026622248023596134
Ni,0.00015212713156340647
Cu,0.00013944987059978927
Cd,0.00046905865565383657
Co,0.00016480439252702366
Pb,0.0004563813946902194
