{
    "0.0423 (m)": {
        "ion (g/m^2)": {
            "Fe": 1.8933798145673841,
            "O": 4.418275098252563,
            "H": 0.2781860996425188,
            "Mg": 5.883230047002906,
            "Cu": 0.004077083707179757,
            "Cl": 0.001137324526096402,
            "Ba": 0.005419186073415439,
            "S": 0.0012653462279381769
        }
    },
    "0.127 (m)": {
        "ion (g/m^2)": {
            "Fe": 3.3421603204509286e-06,
            "O": 0.016373996697453194,
            "H": 0.0010220033794027688,
            "Mg": 0.024591901596472142,
            "Cu": 0.0002654351371861821,
            "Cl": 7.404456550106783e-05,
            "Ba": 0.0003247981229669188,
            "S": 7.583834069727184e-05
        }
    },
    "0.212 (m)": {
        "ion (g/m^2)": {
            "Fe": 3.1811847086860905e-06,
            "O": 0.01585985576010386,
            "H": 0.0009901314579190406,
            "Mg": 0.023827081690361768,
            "Cu": 0.00024632380730877696,
            "Cl": 6.871335678499095e-05,
            "Ba": 0.0003071460510665428,
            "S": 7.171669174633316e-05
        }
    },
    "0.296 (m)": {
        "ion (g/m^2)": {
            "Fe": 3.0278746022433875e-06,
            "O": 0.015423447019859683,
            "H": 0.0009631392821897363,
            "Mg": 0.023179926385191445,
            "Cu": 0.00022721247743137183,
            "Cl": 6.338214806891406e-05,
            "Ba": 0.000290082381562846,
            "S": 6.773243109375909e-05
        }
    },
    "0.381 (m)": {
        "ion (g/m^2)": {
            "Fe": 2.874564495800684e-06,
            "O": 0.01498749070325061,
            "H": 0.0009361583337159498,
            "Mg": 0.02253277108002113,
            "Cu": 0.0002095168016189597,
            "Cl": 5.844584370217621e-05,
            "Ba": 0.00027360711445582837,
            "S": 6.388555873954965e-05
        }
    },
    "0.466 (m)": {
        "ion (g/m^2)": {
            "Fe": 2.728919894680116e-06,
            "O": 0.014590264478612058,
            "H": 0.0009116173272962885,
            "Mg": 0.021944448075320838,
            "Cu": 0.00019182112580654756,
            "Cl": 5.350953933543835e-05,
            "Ba": 0.00025713184734881076,
            "S": 6.003868638534021e-05
        }
    },
    "0.55 (m)": {
        "ion (g/m^2)": {
            "Fe": 2.5832752935595482e-06,
            "O": 0.014232492782743241,
            "H": 0.0008895273518324438,
            "Mg": 0.021414957371090577,
            "Cu": 0.0001755411040591284,
            "Cl": 4.896813931803953e-05,
            "Ba": 0.00024183338503515155,
            "S": 5.646659062786002e-05
        }
    },
    "0.635 (m)": {
        "ion (g/m^2)": {
            "Fe": 2.43763069243898e-06,
            "O": 0.013874995296179382,
            "H": 0.0008674373763685989,
            "Mg": 0.020885466666860312,
            "Cu": 0.00015926108231170924,
            "Cl": 4.4426739300640703e-05,
            "Ba": 0.0002271233251181715,
            "S": 5.303188316874444e-05
        }
    },
    "0.72 (m)": {
        "ion (g/m^2)": {
            "Fe": 2.2919860913184123e-06,
            "O": 0.013633770604269615,
            "H": 0.0008526724256334093,
            "Mg": 0.02053247286404014,
            "Cu": 0.00014368888759678657,
            "Cl": 4.008279145791139e-05,
            "Ba": 0.0002124132652011915,
            "S": 4.959717570962887e-05
        }
    },
    "0.804 (m)": {
        "ion (g/m^2)": {
            "Fe": 2.1540069955199797e-06,
            "O": 0.013431913530105359,
            "H": 0.0008403530305801037,
            "Mg": 0.020238311361689996,
            "Cu": 0.00012882451991436036,
            "Cl": 3.593629578985159e-05,
            "Ba": 0.00019888001007756985,
            "S": 4.643724484724254e-05
        }
    },
    "0.889 (m)": {
        "ion (g/m^2)": {
            "Fe": 2.0160278997215462e-06,
            "O": 0.013307512247600444,
            "H": 0.0008329132429273956,
            "Mg": 0.020061814460279905,
            "Cu": 0.00011396015223193417,
            "Cl": 3.1789800121791796e-05,
            "Ba": 0.00018534675495394826,
            "S": 4.3277313984856215e-05
        }
    },
    "0.974 (m)": {
        "ion (g/m^2)": {
            "Fe": 1.8780488039231134e-06,
            "O": 0.013338111655579297,
            "H": 0.0008352382837036414,
            "Mg": 0.020120646760749938,
            "Cu": 9.980361158200446e-05,
            "Cl": 2.7840756628401508e-05,
            "Ba": 0.00017181349983032664,
            "S": 4.011738312246989e-05
        }
    }
}