{
    "1.27E-1 (m)": {
        "ion (g/m^2)": {
            "Ba": 0.0004224729208156662,
            "S": 9.864479822579925e-05,
            "O": 0.00019688228095853457,
            "Na": 82.22821941562614
        },
        "total_grams": 917.511433
    },
    "2.12E-1 (m)": {
        "ion (g/m^2)": {
            "Ba": 0.00040187883693189417,
            "S": 9.383620778303745e-05,
            "O": 0.0001872849552850684,
            "Na": 79.71743408995818
        },
        "total_grams": 889.486382
    },
    "2.96E-1 (m)": {
        "ion (g/m^2)": {
            "Ba": 0.0003883455818082725,
            "S": 9.067627692065112e-05,
            "O": 0.00018097814127107634,
            "Na": 77.29631966877834
        },
        "total_grams": 862.46335
    },
    "3.81E-1 (m)": {
        "ion (g/m^2)": {
            "Ba": 0.0003777543386680469,
            "S": 8.82032875500879e-05,
            "O": 0.00017604237378186517,
            "Na": 74.96487615208665
        },
        "total_grams": 836.441326
    },
    "4.66E-1 (m)": {
        "ion (g/m^2)": {
            "Ba": 0.0003689283027178589,
            "S": 8.614246307461856e-05,
            "O": 0.00017192923420752252,
            "Na": 72.63343263539495
        },
        "total_grams": 810.420306
    },
    "5.50E-1 (m)": {
        "ion (g/m^2)": {
            "Ba": 0.0003612790715610293,
            "S": 8.435641519587845e-05,
            "O": 0.00016836451324309223,
            "Na": 70.30198911870328
        },
        "total_grams": 784.400289
    },
    "6.35E-1 (m)": {
        "ion (g/m^2)": {
            "Ba": 0.0003565718523875957,
            "S": 8.325730880896148e-05,
            "O": 0.00016617083880344282,
            "Na": 68.06021650649973
        },
        "total_grams": 759.380277
    },
    "7.20E-1 (m)": {
        "ion (g/m^2)": {
            "Ba": 0.00035304143800752045,
            "S": 8.243297901877374e-05,
            "O": 0.00016452558297370577,
            "Na": 65.81844389429617
        },
        "total_grams": 734.362269
    },
    "8.04E-1 (m)": {
        "ion (g/m^2)": {
            "Ba": 0.0003512762308174829,
            "S": 8.202081412367988e-05,
            "O": 0.00016370295505883724,
            "Na": 63.576671282092626
        },
        "total_grams": 709.344265
    },
    "8.89E-1 (m)": {
        "ion (g/m^2)": {
            "Ba": 0.00035068782842080366,
            "S": 8.188342582531525e-05,
            "O": 0.00016342874575388106,
            "Na": 61.424569574377216
        },
        "total_grams": 685.327263
    }
}