{
    "0.0423 (m)": {
        "ion (g/m^2)": {
            "Ba": 0.005124984875075839,
            "S": 0.0011966520787558656,
            "O": 0.654524071230812,
            "Ca": 0.0,
            "C": 0.15758005556998947,
            "Fe": 0.810873027216254,
            "H": 0.0014112090291128604
        }
    },
    "0.127 (m)": {
        "ion (g/m^2)": {
            "Ba": 0.00033538936610714445,
            "S": 7.831133006783506e-05,
            "O": 0.07183450786892306,
            "Ca": 0.0,
            "C": 0.01793509843000538,
            "Fe": 0.08340651491370553,
            "H": 2.780911910310637e-07
        }
    },
    "0.212 (m)": {
        "ion (g/m^2)": {
            "Ba": 0.00031656048941341,
            "S": 7.391490452016712e-05,
            "O": 0.06933998075911492,
            "Ca": 0.0,
            "C": 0.017313071894860685,
            "Fe": 0.08051449109382328,
            "H": 2.8085826755873597e-07
        }
    },
    "0.296 (m)": {
        "ion (g/m^2)": {
            "Ba": 0.000298908417513034,
            "S": 6.979325556922843e-05,
            "O": 0.06643168071736372,
            "Ca": 0.0,
            "C": 0.016587374270525205,
            "Fe": 0.07714036109722298,
            "H": 2.822418058225721e-07
        }
    },
    "0.381 (m)": {
        "ion (g/m^2)": {
            "Ba": 0.000281256345612658,
            "S": 6.567160661828975e-05,
            "O": 0.06393770202616549,
            "Ca": 0.0,
            "C": 0.01596534773538051,
            "Fe": 0.0742483372773407,
            "H": 2.8500888235024437e-07
        }
    },
    "0.466 (m)": {
        "ion (g/m^2)": {
            "Ba": 0.0002641926761089612,
            "S": 6.168734596571569e-05,
            "O": 0.06102967619371925,
            "Ca": 0.0,
            "C": 0.015239650111045031,
            "Fe": 0.07087420728074043,
            "H": 2.863924206140805e-07
        }
    },
    "0.55 (m)": {
        "ion (g/m^2)": {
            "Ba": 0.00024830581139862276,
            "S": 5.797786190987087e-05,
            "O": 0.058122198779882936,
            "Ca": 0.0,
            "C": 0.014513952486709556,
            "Fe": 0.06750007728414015,
            "H": 2.8777595887791667e-07
        }
    },
    "0.635 (m)": {
        "ion (g/m^2)": {
            "Ba": 0.00023359575148164272,
            "S": 5.4543154450755295e-05,
            "O": 0.14240405623186037,
            "Ca": 0.0824889970615535,
            "C": 0.03560602419853685,
            "Fe": 0.050624674687838996,
            "H": 2.089142778392568e-07
        }
    },
    "0.72 (m)": {
        "ion (g/m^2)": {
            "Ba": 0.0002212393011513795,
            "S": 5.165800018509821e-05,
            "O": 0.47241886891610607,
            "Ca": 0.39202295205466453,
            "C": 0.11818866068535566,
            "Fe": 0.0032826210425371954,
            "H": 0.0
        }
    },
    "0.804 (m)": {
        "ion (g/m^2)": {
            "Ba": 0.00020594083883772028,
            "S": 4.8085904427618015e-05,
            "O": 0.5064318718200967,
            "Ca": 0.42045362579918055,
            "C": 0.12670159666143674,
            "Fe": 0.0032488789760206607,
            "H": 0.0
        }
    },
    "0.889 (m)": {
        "ion (g/m^2)": {
            "Ba": 0.00019123077892074024,
            "S": 4.4651196968502445e-05,
            "O": 0.5398827237977724,
            "Ca": 0.44848386751912594,
            "C": 0.1350737957020413,
            "Fe": 0.003118731005171168,
            "H": 0.0
        }
    },
    "0.974 (m)": {
        "ion (g/m^2)": {
            "Ba": 0.00019123077892074024,
            "S": 4.4651196968502445e-05,
            "O": 0.5398827237977724,
            "Ca": 0.44848386751912594,
            "C": 0.1350737957020413,
            "Fe": 0.003118731005171168,
            "H": 0.0
        }
    }
}