{
    "0.0423 (m)": {
        "ion (g/m^2)": {
            "Ba": 0.06060544685795768,
            "S": 0.01415099473155616,
            "O": 7.707739526273548,
            "Ca": 0.0,
            "C": 1.8557124965150074,
            "Fe": 9.548189076455895,
            "H": 0.016602459166033652
        }
    },
    "0.127 (m)": {
        "ion (g/m^2)": {
            "Ba": 0.00404232446518611,
            "S": 0.0009438576097649594,
            "O": 0.8678226878455156,
            "Ca": 0.0,
            "C": 0.2166725764087355,
            "Fe": 1.0076272055081992,
            "H": 3.3481625984834534e-06
        }
    },
    "0.212 (m)": {
        "ion (g/m^2)": {
            "Ba": 0.0039069919139498935,
            "S": 0.0009122583011410961,
            "O": 0.8553323949437239,
            "Ca": 0.0,
            "C": 0.21356244373301203,
            "Fe": 0.9931724522625134,
            "H": 3.4588456595903447e-06
        }
    },
    "0.296 (m)": {
        "ion (g/m^2)": {
            "Ba": 0.0037657753387468854,
            "S": 0.0008792851095335867,
            "O": 0.8386961464433532,
            "Ca": 0.0,
            "C": 0.20941560016538072,
            "Fe": 0.9738966372496474,
            "H": 3.555693338058874e-06
        }
    },
    "0.381 (m)": {
        "ion (g/m^2)": {
            "Ba": 0.003630442787510669,
            "S": 0.0008476858009097233,
            "O": 0.8220628596501174,
            "Ca": 0.0,
            "C": 0.20526875659774943,
            "Fe": 0.9546215887873137,
            "H": 3.666376399165765e-06
        }
    },
    "0.466 (m)": {
        "ion (g/m^2)": {
            "Ba": 0.0034951102362744528,
            "S": 0.00081608649228586,
            "O": 0.8054295728568813,
            "Ca": 0.0,
            "C": 0.20112191303011812,
            "Fe": 0.93534654032498,
            "H": 3.7770594602726566e-06
        }
    },
    "0.55 (m)": {
        "ion (g/m^2)": {
            "Ba": 0.0033597776850382366,
            "S": 0.0007844871836619968,
            "O": 0.7846535117862862,
            "Ca": 0.0,
            "C": 0.19593835857057898,
            "Fe": 0.9112519631965305,
            "H": 3.901577904017909e-06
        }
    },
    "0.635 (m)": {
        "ion (g/m^2)": {
            "Ba": 0.0032420972057023963,
            "S": 0.0007570095239890722,
            "O": 1.9136901765453773,
            "Ca": 1.08116646634075,
            "C": 0.4784772605178711,
            "Fe": 0.7183880290944255,
            "H": 2.960771884609335e-06
        }
    },
    "0.72 (m)": {
        "ion (g/m^2)": {
            "Ba": 0.003159720870167308,
            "S": 0.000737775162218025,
            "O": 6.707658057948155,
            "Ca": 5.566005141532009,
            "C": 1.6781042379337994,
            "Fe": 0.04680506655365076,
            "H": 0.0
        }
    },
    "0.804 (m)": {
        "ion (g/m^2)": {
            "Ba": 0.0030185042949643,
            "S": 0.0007048019706105155,
            "O": 7.379605057706053,
            "Ca": 6.126609975930917,
            "C": 1.8462635492613066,
            "Fe": 0.047528110836147934,
            "H": 0.0
        }
    },
    "0.889 (m)": {
        "ion (g/m^2)": {
            "Ba": 0.002883171743728084,
            "S": 0.0006732026619866523,
            "O": 8.146349242764508,
            "Ca": 6.767301215243953,
            "C": 2.0381434921756734,
            "Fe": 0.046949675410150195,
            "H": 0.0
        }
    },
    "0.974 (m)": {
        "ion (g/m^2)": {
            "Ba": 0.0027419551685250758,
            "S": 0.0006402294703791427,
            "O": 9.054681616426912,
            "Ca": 7.528122061928185,
            "C": 2.2654540593910024,
            "Fe": 0.043720077614996126,
            "H": 0.0
        }
    }
}