Distance ($m$),Barite (g/m^2),Calcite (g/m^2),Ferrihydrite (g/m^2),Siderite (g/m^2)
0.0423,0.103,0.0,1.2,17.9
0.127,0.00687,0.0,0.000242,2.09
0.212,0.00664,0.0,0.00025,2.06
0.296,0.0064,0.0,0.000257,2.02
0.381,0.00617,0.0,0.000265,1.98
0.466,0.00594,0.0,0.000273,1.94
0.55,0.00571,0.0,0.000282,1.89
0.635,0.00551,2.7,0.000214,1.49
0.72,0.00537,13.9,0.0,0.0971
0.804,0.00513,15.3,0.0,0.0986
0.889,0.0049,16.9,0.0,0.0974
0.974,0.00466,18.8,0.0,0.0907
