{
    "1.026E2 (m)": {
        "ion (g/m^2)": {
            "Ca": 0.7636394433401938,
            "S": 0.6109610946330484,
            "O": 1.2193994620267574
        },
        "total_grams": 2.594
    },
    "1.066E2 (m)": {
        "ion (g/m^2)": {
            "Ca": 0.8154515258490119,
            "S": 0.6524141218710656,
            "O": 1.3021343522799222
        },
        "total_grams": 2.77
    },
    "1.105E2 (m)": {
        "ion (g/m^2)": {
            "Ca": 0.8675579951902666,
            "S": 0.6941026776729352,
            "O": 1.3853393271367982
        },
        "total_grams": 2.947
    },
    "1.144E2 (m)": {
        "ion (g/m^2)": {
            "Ca": 0.9196644645315211,
            "S": 0.7357912334748047,
            "O": 1.4685443019936741
        },
        "total_grams": 3.124
    },
    "1.184E2 (m)": {
        "ion (g/m^2)": {
            "Ca": 0.9717709338727757,
            "S": 0.7774797892766743,
            "O": 1.55174927685055
        },
        "total_grams": 3.301
    },
    "1.223E2 (m)": {
        "ion (g/m^2)": {
            "Ca": 1.0238774032140303,
            "S": 0.8191683450785437,
            "O": 1.634954251707426
        },
        "total_grams": 3.478
    },
    "1.263E2 (m)": {
        "ion (g/m^2)": {
            "Ca": 1.0762782593877211,
            "S": 0.8610924294442657,
            "O": 1.718629311168013
        },
        "total_grams": 3.656
    },
    "1.302E2 (m)": {
        "ion (g/m^2)": {
            "Ca": 1.1283847287289759,
            "S": 0.9027809852461353,
            "O": 1.801834286024889
        },
        "total_grams": 3.833
    },
    "1.342E2 (m)": {
        "ion (g/m^2)": {
            "Ca": 1.1807855849026667,
            "S": 0.9447050696118571,
            "O": 1.8855093454854759
        },
        "total_grams": 4.011
    },
    "1.381E2 (m)": {
        "ion (g/m^2)": {
            "Ca": 1.2328920542439212,
            "S": 0.9863936254137265,
            "O": 1.9687143203423516
        },
        "total_grams": 4.188
    },
    "1.421E2 (m)": {
        "ion (g/m^2)": {
            "Ca": 1.2852929104176123,
            "S": 1.0283177097794485,
            "O": 2.0523893798029387
        },
        "total_grams": 4.366
    },
    "1.460E2 (m)": {
        "ion (g/m^2)": {
            "Ca": 1.3376937665913031,
            "S": 1.0702417941451703,
            "O": 2.1360644392635257
        },
        "total_grams": 4.544
    },
    "1.500E2 (m)": {
        "ion (g/m^2)": {
            "Ca": 1.3898002359325579,
            "S": 1.11193034994704,
            "O": 2.219269414120402
        },
        "total_grams": 4.721
    },
    "1.539E2 (m)": {
        "ion (g/m^2)": {
            "Ca": 1.442201092106249,
            "S": 1.153854434312762,
            "O": 2.3029444735809887
        },
        "total_grams": 4.899
    },
    "1.579E2 (m)": {
        "ion (g/m^2)": {
            "Ca": 1.49460194827994,
            "S": 1.1957785186784837,
            "O": 2.386619533041576
        },
        "total_grams": 5.077
    },
    "1.618E2 (m)": {
        "ion (g/m^2)": {
            "Ca": 1.547002804453631,
            "S": 1.2377026030442058,
            "O": 2.470294592502163
        },
        "total_grams": 5.255
    },
    "1.657E2 (m)": {
        "ion (g/m^2)": {
            "Ca": 1.5994036606273219,
            "S": 1.2796266874099276,
            "O": 2.55396965196275
        },
        "total_grams": 5.433
    },
    "1.697E2 (m)": {
        "ion (g/m^2)": {
            "Ca": 1.6515101299685766,
            "S": 1.3213152432117972,
            "O": 2.6371746268196263
        },
        "total_grams": 5.61
    },
    "1.736E2 (m)": {
        "ion (g/m^2)": {
            "Ca": 1.7039109861422677,
            "S": 1.3632393275775192,
            "O": 2.7208496862802134
        },
        "total_grams": 5.788
    },
    "1.776E2 (m)": {
        "ion (g/m^2)": {
            "Ca": 1.7563118423159587,
            "S": 1.405163411943241,
            "O": 2.8045247457408005
        },
        "total_grams": 5.966
    },
    "1.815E2 (m)": {
        "ion (g/m^2)": {
            "Ca": 1.8087126984896496,
            "S": 1.4470874963089628,
            "O": 2.888199805201387
        },
        "total_grams": 6.144
    },
    "1.855E2 (m)": {
        "ion (g/m^2)": {
            "Ca": 1.8611135546633406,
            "S": 1.4890115806746849,
            "O": 2.971874864661974
        },
        "total_grams": 6.322
    },
    "1.894E2 (m)": {
        "ion (g/m^2)": {
            "Ca": 1.9135144108370317,
            "S": 1.5309356650404067,
            "O": 3.055549924122561
        },
        "total_grams": 6.5
    },
    "1.934E2 (m)": {
        "ion (g/m^2)": {
            "Ca": 1.9656208801782862,
            "S": 1.572624220842276,
            "O": 3.138754898979437
        },
        "total_grams": 6.677
    },
    "1.973E2 (m)": {
        "ion (g/m^2)": {
            "Ca": 2.0180217363519772,
            "S": 1.6145483052079983,
            "O": 3.2224299584400247
        },
        "total_grams": 6.855
    },
    "2.013E2 (m)": {
        "ion (g/m^2)": {
            "Ca": 2.0704225925256683,
            "S": 1.6564723895737201,
            "O": 3.3061050179006117
        },
        "total_grams": 7.033
    },
    "4.736E1 (m)": {
        "ion (g/m^2)": {
            "Ca": 0.03494371701020856,
            "S": 0.02795724052927635,
            "O": 0.055799042460515084
        },
        "total_grams": 0.1187
    },
    "5.130E1 (m)": {
        "ion (g/m^2)": {
            "Ca": 0.08740345055038687,
            "S": 0.06992843060776872,
            "O": 0.1395681188418444
        },
        "total_grams": 0.2969
    },
    "5.525E1 (m)": {
        "ion (g/m^2)": {
            "Ca": 0.13983374540732155,
            "S": 0.11187606782987587,
            "O": 0.22329018676280254
        },
        "total_grams": 0.475
    },
    "5.919E1 (m)": {
        "ion (g/m^2)": {
            "Ca": 0.19217572421452528,
            "S": 0.1537530464828273,
            "O": 0.30687122930264743
        },
        "total_grams": 0.6528
    },
    "6.314E1 (m)": {
        "ion (g/m^2)": {
            "Ca": 0.24448826433848536,
            "S": 0.1956064722793935,
            "O": 0.3904052633821211
        },
        "total_grams": 0.8305
    },
    "6.709E1 (m)": {
        "ion (g/m^2)": {
            "Ca": 0.29674192709595815,
            "S": 0.2374127923631892,
            "O": 0.4738452805408526
        },
        "total_grams": 1.008
    },
    "7.103E1 (m)": {
        "ion (g/m^2)": {
            "Ca": 0.3488483964372127,
            "S": 0.27910134816505877,
            "O": 0.5570502553977286
        },
        "total_grams": 1.185
    },
    "7.498E1 (m)": {
        "ion (g/m^2)": {
            "Ca": 0.4006604789460308,
            "S": 0.3205543754030759,
            "O": 0.6397851456508932
        },
        "total_grams": 1.361
    },
    "7.893E1 (m)": {
        "ion (g/m^2)": {
            "Ca": 0.45276694828728536,
            "S": 0.36224293120494544,
            "O": 0.7229901205077691
        },
        "total_grams": 1.538
    },
    "8.287E1 (m)": {
        "ion (g/m^2)": {
            "Ca": 0.5045790307961034,
            "S": 0.40369595844296263,
            "O": 0.8057250107609338
        },
        "total_grams": 1.714
    },
    "8.682E1 (m)": {
        "ion (g/m^2)": {
            "Ca": 0.5563911133049215,
            "S": 0.44514898568097977,
            "O": 0.8884599010140986
        },
        "total_grams": 1.89
    },
    "9.077E1 (m)": {
        "ion (g/m^2)": {
            "Ca": 0.6082031958137395,
            "S": 0.4866020129189969,
            "O": 0.9711947912672633
        },
        "total_grams": 2.066
    },
    "9.471E1 (m)": {
        "ion (g/m^2)": {
            "Ca": 0.6597208914901213,
            "S": 0.5278195115931618,
            "O": 1.0534595969167169
        },
        "total_grams": 2.241
    },