{
    "1.27E-1 (m)": {
        "ion (g/m^2)": {
            "Ba": 0.0005372113881681103,
            "S": 0.00012543551640690072,
            "O": 0.00025035309542498896,
            "Na": 84.11130840987713
        },
        "total_moles": 938.000913
    },
    "2.12E-1 (m)": {
        "ion (g/m^2)": {
            "Ba": 0.0005166173042843383,
            "S": 0.00012062692596413891,
            "O": 0.00024075576975152277,
            "Na": 81.69019398869729
        },
        "total_moles": 911.000878
    },
    "2.96E-1 (m)": {
        "ion (g/m^2)": {
            "Ba": 0.0004977884275906039,
            "S": 0.00011623050041647097,
            "O": 0.00023198107199292513,
            "Na": 79.26907956751747
        },
        "total_moles": 884.000846
    },
    "3.81E-1 (m)": {
        "ion (g/m^2)": {
            "Ba": 0.00047954795329354863,
            "S": 0.00011197146316716767,
            "O": 0.00022348058353928367,
            "Na": 76.84796514633763
        },
        "total_moles": 857.000815
    },
    "4.66E-1 (m)": {
        "ion (g/m^2)": {
            "Ba": 0.0004618958813931726,
            "S": 0.00010784981421622898,
            "O": 0.00021525430439059838,
            "Na": 74.51652162964594
        },
        "total_moles": 831.000785
    },
    "5.50E-1 (m)": {
        "ion (g/m^2)": {
            "Ba": 0.00044483221188947584,
            "S": 0.00010386555356365493,
            "O": 0.0002073022345468693,
            "Na": 72.18507811295424
        },
        "total_moles": 805.000756
    },
    "6.35E-1 (m)": {
        "ion (g/m^2)": {
            "Ba": 0.0004283569447824582,
            "S": 0.00010001868120944548,
            "O": 0.00019962437400809636,
            "Na": 69.85363459626257
        },
        "total_moles": 779.000728
    },
    "7.20E-1 (m)": {
        "ion (g/m^2)": {
            "Ba": 0.0004124700800721198,
            "S": 9.630919715360066e-05,
            "O": 0.00019222072277427958,
            "Na": 67.61186198405902
        },
        "total_moles": 754.000701
    },
    "8.04E-1 (m)": {
        "ion (g/m^2)": {
            "Ba": 0.00039658321536178135,
            "S": 9.259971309775584e-05,
            "O": 0.00018481707154046283,
            "Na": 65.37008937185546
        },
        "total_moles": 729.000674
    },
    "8.89E-1 (m)": {
        "ion (g/m^2)": {
            "Ba": 0.00038128475304812214,
            "S": 8.902761734027565e-05,
            "O": 0.00017768762961160224,
            "Na": 63.217987664140054
        },
        "total_moles": 705.000648
    }
}