{
    "1.27E-1 (m)": {
        "ion (g/m^2)": {
            "Ca": 0.0,
            "S": 0.0,
            "O": 0.0,
            "H": 0.0
        }
    },
    "2.12E-1 (m)": {
        "ion (g/m^2)": {
            "Ca": 0.0,
            "S": 0.0,
            "O": 0.0,
            "H": 0.0
        }
    },
    "2.96E-1 (m)": {
        "ion (g/m^2)": {
            "Ca": 0.0,
            "S": 0.0,
            "O": 0.0,
            "H": 0.0
        }
    },
    "3.81E-1 (m)": {
        "ion (g/m^2)": {
            "Ca": 0.0,
            "S": 0.0,
            "O": 0.0,
            "H": 0.0
        }
    },
    "4.66E-1 (m)": {
        "ion (g/m^2)": {
            "Ca": 0.0,
            "S": 0.0,
            "O": 0.0,
            "H": 0.0
        }
    },
    "5.50E-1 (m)": {
        "ion (g/m^2)": {
            "Ca": 0.0,
            "S": 0.0,
            "O": 0.0,
            "H": 0.0
        }
    },
    "6.35E-1 (m)": {
        "ion (g/m^2)": {
            "Ca": 0.0,
            "S": 0.0,
            "O": 0.0,
            "H": 0.0
        }
    },
    "7.20E-1 (m)": {
        "ion (g/m^2)": {
            "Ca": 0.0,
            "S": 0.0,
            "O": 0.0,
            "H": 0.0
        }
    },
    "8.04E-1 (m)": {
        "ion (g/m^2)": {
            "Ca": 1.2401217520862649,
            "S": 0.9921778527033804,
            "O": 2.4753236139938353,
            "H": 0.06237678121651928
        }
    },
    "8.89E-1 (m)": {
        "ion (g/m^2)": {
            "Ca": 2.012273031687147,
            "S": 1.6099489685375608,
            "O": 4.016562845348488,
            "H": 0.10121515442680488
        }
    }
}