elements,ppm
Mn,12.218370697718951
B,353.5581704963664
Cl,228703.41274701705
Na,91825.17855647679
S(6),187.3983235846465
Ca,44475.86879742277
K,2023.9018947141824
Mg,7870.729590555154
Sr,1224.3357140863573
Ba,21863.137751542094
Li,29.98373177354344
