elements,ppm
Mn,12.218946109499655
B,353.5748209599593
Cl,228714.18330237482
Na,91829.50297016611
S(6),187.40714891870635
Ca,44477.963343372976
K,2023.9972083220287
Mg,7871.100254585667
Sr,1224.393372935548
Ba,21864.167373849075
Li,29.985143826993017
