{
    "0.0423 (m)": {
        "ion (g/m^2)": {
            "Ba": 88.84876189855932,
            "S": 20.745633053058057,
            "O": 2080.841316759786,
            "Mg": 2629.803831010299,
            "H": 128.48162001465005,
            "Na": 4366.433127656338,
            "Cl": 6733.566872343662,
            "Ca": 772.2788372636477
        }
    },
    "0.127 (m)": {
        "ion (g/m^2)": {
            "Ba": 0.00026360427371228197,
            "S": 6.154995766735106e-05,
            "O": 0.0947110869301209,
            "Mg": 0.00020767802065920258,
            "H": 0.005958927947068193,
            "Na": 357.1820972893653,
            "Cl": 550.8179027106347,
            "Ca": 0.2365981528707721
        }
    },
    "0.212 (m)": {
        "ion (g/m^2)": {
            "Ba": 0.00024359859222518912,
            "S": 5.687875552295388e-05,
            "O": 0.08993366097755866,
            "Mg": 0.00020238311361689995,
            "H": 0.005658544084378774,
            "Na": 348.13453315097826,
            "Cl": 536.8654668490217,
            "Ca": 0.22466293447669752
        }
    },
    "0.296 (m)": {
        "ion (g/m^2)": {
            "Ba": 0.00022888853230820913,
            "S": 5.3444048063838315e-05,
            "O": 0.08544013635300234,
            "Mg": 0.00019885317558869818,
            "H": 0.0053758901381742675,
            "Na": 339.0869690125913,
            "Cl": 522.9130309874087,
            "Ca": 0.21342978775286264
        }
    },
    "0.381 (m)": {
        "ion (g/m^2)": {
            "Ba": 0.00021594367958126668,
            "S": 5.0421505499816604e-05,
            "O": 0.08094820891427747,
            "Mg": 0.00019649988356989703,
            "H": 0.005093284988043768,
            "Na": 330.4327772280472,
            "Cl": 509.5672227719528,
            "Ca": 0.20219664102902776
        }
    },
    "0.466 (m)": {
        "ion (g/m^2)": {
            "Ba": 0.00020417563164768266,
            "S": 4.767373953252414e-05,
            "O": 0.07673710150154896,
            "Mg": 0.00019414659155109586,
            "H": 0.004828336560287175,
            "Na": 322.171957797346,
            "Cl": 496.82804220265393,
            "Ca": 0.19166556597543258
        }
    },
    "0.55 (m)": {
        "ion (g/m^2)": {
            "Ba": 0.00019358438850745704,
            "S": 4.520075016196093e-05,
            "O": 0.07252692978638862,
            "Mg": 0.000192381622536995,
            "H": 0.004563412530567585,
            "Na": 313.5177660128019,
            "Cl": 483.4822339871981,
            "Ca": 0.1811344909218374
        }
    },
    "0.635 (m)": {
        "ion (g/m^2)": {
            "Ba": 0.00018475835255726903,
            "S": 4.313992568649159e-05,
            "O": 0.06831758069914316,
            "Mg": 0.00019061665352289415,
            "H": 0.004298488500847994,
            "Na": 305.25694658210074,
            "Cl": 470.74305341789926,
            "Ca": 0.17060341586824218
        }
    },
    "0.72 (m)": {
        "ion (g/m^2)": {
            "Ba": 0.00017710912140043945,
            "S": 4.13538778077515e-05,
            "O": 0.06438943891685234,
            "Mg": 0.00018944000751349357,
            "H": 0.004051245591539312,
            "Na": 296.99612715139955,
            "Cl": 458.0038728486004,
            "Ca": 0.16077441248488666
        }
    },
    "0.804 (m)": {
        "ion (g/m^2)": {
            "Ba": 0.00017004829264028902,
            "S": 3.9705218227376016e-05,
            "O": 0.06074184295125288,
            "Mg": 0.00018826336150409297,
            "H": 0.003821659404604534,
            "Na": 288.73530772069836,
            "Cl": 445.2646922793016,
            "Ca": 0.15164748077177082
        }
    },
    "0.889 (m)": {
        "ion (g/m^2)": {
            "Ba": 0.00016416426867349703,
            "S": 3.833133524372979e-05,
            "O": 0.05709479540426333,
            "Mg": 0.00018708671549469237,
            "H": 0.0035920732176697575,
            "Na": 280.8678606438401,
            "Cl": 433.1321393561599,
            "Ca": 0.142520549058655
        }
    },
    "0.974 (m)": {
        "ion (g/m^2)": {
            "Ba": 0.00016416426867349703,
            "S": 3.833133524372979e-05,
            "O": 0.05709479540426333,
            "Mg": 0.00018708671549469237,
            "H": 0.0035920732176697575,
            "Na": 280.8678606438401,
            "Cl": 433.1321393561599,
            "Ca": 0.142520549058655
        }
    }
}