{
    "1.27E-1 (m)": {
        "ion (g/m^2)": {
            "Ba": 0.00041541209205551576,
            "S": 9.699613864542377e-05,
            "O": 0.10744711248047491,
            "Mg": 0.0002882782723031424,
            "H": 0.006756822984963348,
            "Na": 360.7224484739515,
            "Cl": 556.2775515260485,
            "Ca": 0.2681913780315577
        }
    },
    "2.12E-1 (m)": {
        "ion (g/m^2)": {
            "Ba": 0.0003954064105684229,
            "S": 9.23249365010266e-05,
            "O": 0.10238864036260965,
            "Mg": 0.0002818067192514392,
            "H": 0.006438733603826016,
            "Na": 349.70802256634994,
            "Cl": 539.29197743365,
            "Ca": 0.25555408796724344
        }
    },
    "2.96E-1 (m)": {
        "ion (g/m^2)": {
            "Ba": 0.0003818731554448013,
            "S": 8.916500563864026e-05,
            "O": 0.09761539254927683,
            "Mg": 0.0002782767812232374,
            "H": 0.006138422935247606,
            "Na": 339.0869690125913,
            "Cl": 522.9130309874087,
            "Ca": 0.24361886957316886
        }
    },
    "3.81E-1 (m)": {
        "ion (g/m^2)": {
            "Ba": 0.00037128191230457574,
            "S": 8.669201626807706e-05,
            "O": 0.09284390306142709,
            "Mg": 0.00027533516619973597,
            "H": 0.005838136664706199,
            "Na": 328.8592878126755,
            "Cl": 507.1407121873244,
            "Ca": 0.23168365117909434
        }
    },
    "4.66E-1 (m)": {
        "ion (g/m^2)": {
            "Ba": 0.0003624558763543877,
            "S": 8.463119179260771e-05,
            "O": 0.08863455397418163,
            "Mg": 0.0002735701971856351,
            "H": 0.005573212634986608,
            "Na": 318.63160661275975,
            "Cl": 491.3683933872402,
            "Ca": 0.22115257612549913
        }
    },
    "5.50E-1 (m)": {
        "ion (g/m^2)": {
            "Ba": 0.0003553950475942373,
            "S": 8.298253221223224e-05,
            "O": 0.08414575590746463,
            "Mg": 0.00027180522817153426,
            "H": 0.005290631882893111,
            "Na": 308.40392541284405,
            "Cl": 475.59607458715595,
            "Ca": 0.20991942940166425
        }
    },
    "6.35E-1 (m)": {
        "ion (g/m^2)": {
            "Ba": 0.00035068782842080366,
            "S": 8.188342582531525e-05,
            "O": 0.08021898517169858,
            "Mg": 0.00027062858216213363,
            "H": 0.005043388973584428,
            "Na": 298.5696165667712,
            "Cl": 460.43038343322877,
            "Ca": 0.2000904260183087
        }
    },
    "7.20E-1 (m)": {
        "ion (g/m^2)": {
            "Ba": 0.00034715741404072847,
            "S": 8.105909603512752e-05,
            "O": 0.07629276285454245,
            "Mg": 0.00026945193615273306,
            "H": 0.004796146064275747,
            "Na": 288.73530772069836,
            "Cl": 445.2646922793016,
            "Ca": 0.19026142263495321
        }
    },
    "8.04E-1 (m)": {
        "ion (g/m^2)": {
            "Ba": 0.00034539220685069085,
            "S": 8.064693114003364e-05,
            "O": 0.07236775044425948,
            "Mg": 0.00026886361314803277,
            "H": 0.004548927553004067,
            "Na": 278.90099887462554,
            "Cl": 430.09900112537446,
            "Ca": 0.1804324192515977
        }
    },
    "8.89E-1 (m)": {
        "ion (g/m^2)": {
            "Ba": 0.0003448038044540117,
            "S": 8.050954284166903e-05,
            "O": 0.06872394533893113,
            "Mg": 0.00026886361314803277,
            "H": 0.004319390162143296,
            "Na": 269.4600623823956,
            "Cl": 415.5399376176043,
            "Ca": 0.17130548753848185
        }
    }
}