elements,ppm
Mn,19.740219686103735
Fe,112.44428935122382
B,4.915064825641272
Cl,155103.15396909256
Na,73088.78807829547
S(6),4.997523971165503
Ca,23738.23886303614
K,241.1305316087355
Mg,3148.440101834267
Sr,1836.5900594033224
Ba,1018.2455091249712
Li,56.846835172007594
