elements,ppm
Mn,17.659602085059245
Fe,100.59267010476785
B,4.397017379912852
Cl,138755.29374984777
Na,65385.235568099095
S(6),4.470785337989682
Ca,21236.23035545099
K,215.71539255800215
Mg,2816.5947629334996
Sr,1643.0136117112081
Ba,910.9225126153976
Li,50.85518321963263
