{
    "0.0423 (m)": {
        "ion (g/m^2)": {
            "Ba": 1.8181634057387304,
            "S": 0.42452984194668475,
            "O": 12.069133784623507,
            "Ca": 9.370109374953167,
            "C": 2.8080635927379105
        }
    },
    "0.127 (m)": {
        "ion (g/m^2)": {
            "Ba": 0.0008826035950188012,
            "S": 0.00020608244754693436,
            "O": 0.06946871107933532,
            "Ca": 0.05766221153817333,
            "C": 0.017280391339925604
        }
    },
    "0.212 (m)": {
        "ion (g/m^2)": {
            "Ba": 0.0007825751875833371,
            "S": 0.00018272643682494847,
            "O": 0.06798339972411983,
            "Ca": 0.05646091546446138,
            "C": 0.016920383187010488
        }
    },
    "0.296 (m)": {
        "ion (g/m^2)": {
            "Ba": 0.000682546780147873,
            "S": 0.00015937042610296258,
            "O": 0.06649808836890435,
            "Ca": 0.05525961939074945,
            "C": 0.01656037503409537
        }
    },
    "0.381 (m)": {
        "ion (g/m^2)": {
            "Ba": 0.0005878139942825216,
            "S": 0.0001372509100662583,
            "O": 0.06453567963964249,
            "Ca": 0.053657891292466856,
            "C": 0.01608036416354188
        }
    },
    "0.466 (m)": {
        "ion (g/m^2)": {
            "Ba": 0.0004972000251939247,
            "S": 0.00011609311211810636,
            "O": 0.0630547556333063,
            "Ca": 0.052456595218754905,
            "C": 0.015720356010626765
        }
    },
    "0.55 (m)": {
        "ion (g/m^2)": {
            "Ba": 0.00041188167767544057,
            "S": 9.617180885523603e-05,
            "O": 0.06157629951071471,
            "Ca": 0.05125529914504296,
            "C": 0.015360347857711648
        }
    },
    "0.635 (m)": {
        "ion (g/m^2)": {
            "Ba": 0.00033068214693371086,
            "S": 7.721222368091807e-05,
            "O": 0.06009976285325782,
            "Ca": 0.05005400307133102,
            "C": 0.015000339704796532
        }
    },
    "0.72 (m)": {
        "ion (g/m^2)": {
            "Ba": 0.00025418983536541474,
            "S": 5.9351744893517096e-05,
            "O": 0.05862541987024058,
            "Ca": 0.04885270699761907,
            "C": 0.014640331551881415
        }
    },
    "0.804 (m)": {
        "ion (g/m^2)": {
            "Ba": 0.00018358154776391064,
            "S": 4.286514908976235e-05,
            "O": 0.0571538189802729,
            "Ca": 0.04765141092390713,
            "C": 0.014280323398966297
        }
    },
    "0.889 (m)": {
        "ion (g/m^2)": {
            "Ba": 0.00011885728412919857,
            "S": 2.7752436269653827e-05,
            "O": 0.05568496018335478,
            "Ca": 0.046450114850195186,
            "C": 0.013920315246051182
        }
    },
    "0.974 (m)": {
        "ion (g/m^2)": {
            "Ba": 6.119384925463688e-05,
            "S": 1.4288383029920782e-05,
            "O": 0.05421939189809614,
            "Ca": 0.04524881877648324,
            "C": 0.013560307093136065
        }
    }
}