{
    "1.27E-1 (m)": {
        "ion (g/m^2)": {
            "Ca": 0.0,
            "S": 0.0,
            "O": 0.0
        },
        "total_moles": 0.0
    },
    "2.12E-1 (m)": {
        "ion (g/m^2)": {
            "Ca": 0.0,
            "S": 0.0,
            "O": 0.0
        },
        "total_moles": 0.0
    },
    "2.96E-1 (m)": {
        "ion (g/m^2)": {
            "Ca": 0.0,
            "S": 0.0,
            "O": 0.0
        },
        "total_moles": 0.0
    },
    "3.81E-1 (m)": {
        "ion (g/m^2)": {
            "Ca": 0.0,
            "S": 0.0,
            "O": 0.0
        },
        "total_moles": 0.0
    },
    "4.66E-1 (m)": {
        "ion (g/m^2)": {
            "Ca": 0.0057699819157547415,
            "S": 0.004616359851506457,
            "O": 0.0092136582327388
        },
        "total_moles": 0.0196
    },
    "5.50E-1 (m)": {
        "ion (g/m^2)": {
            "Ca": 2.393364947708472,
            "S": 1.9148472241197703,
            "O": 3.821787828171758
        },
        "total_moles": 8.13
    },
    "6.35E-1 (m)": {
        "ion (g/m^2)": {
            "Ca": 2.3550946594917312,
            "S": 1.884228510818962,
            "O": 3.7606768296893063
        },
        "total_moles": 8.0
    },
    "7.20E-1 (m)": {
        "ion (g/m^2)": {
            "Ca": 2.2844418197069793,
            "S": 1.8277016554943932,
            "O": 3.647856524798627
        },
        "total_moles": 7.76
    },
    "8.04E-1 (m)": {
        "ion (g/m^2)": {
            "Ca": 2.2108451115978625,
            "S": 1.7688195145313006,
            "O": 3.530335373870836
        },
        "total_moles": 7.51
    },
    "8.89E-1 (m)": {
        "ion (g/m^2)": {
            "Ca": 2.1401922718131106,
            "S": 1.7122926592067316,
            "O": 3.417515068980157
        },
        "total_moles": 7.27
    }
}