{
    "0.0423 (m)": {
        "ion (g/m^2)": {
            "Ca": 0.0,
            "C": 0.2830220734908363,
            "O": 1.132825177032611,
            "Fe": 1.315940594144867,
            "Ba": 0.003836383626348389,
            "S": 0.0008957717053373413
        }
    },
    "0.127 (m)": {
        "ion (g/m^2)": {
            "Ca": 0.0,
            "C": 0.008874245234730984,
            "O": 0.03565926473589209,
            "Fe": 0.04126172705450572,
            "Ba": 0.00041894250643559095,
            "S": 9.78204684356115e-05
        }
    },
    "0.212 (m)": {
        "ion (g/m^2)": {
            "Ca": 0.0,
            "C": 0.0084388266601297,
            "O": 0.033909335766507065,
            "Fe": 0.039237203063513616,
            "Ba": 0.0003977600201551397,
            "S": 9.287448969448508e-05
        }
    },
    "0.296 (m)": {
        "ion (g/m^2)": {
            "Ca": 0.0,
            "C": 0.008003408085528413,
            "O": 0.032159681006426986,
            "Fe": 0.037212679072521515,
            "Ba": 0.00037716593627136767,
            "S": 8.806589925172327e-05
        }
    },
    "0.381 (m)": {
        "ion (g/m^2)": {
            "Ca": 0.0,
            "C": 0.007567989510927125,
            "O": 0.030410300455651865,
            "Fe": 0.03518815508152941,
            "Ba": 0.00035716025478427487,
            "S": 8.339469710732611e-05
        }
    },
    "0.466 (m)": {
        "ion (g/m^2)": {
            "Ca": 0.0,
            "C": 0.0071325709363258384,
            "O": 0.028661194114181703,
            "Fe": 0.033163631090537306,
            "Ba": 0.00033774297569386124,
            "S": 7.886088326129355e-05
        }
    },
    "0.55 (m)": {
        "ion (g/m^2)": {
            "Ca": 0.16657972222138961,
            "C": 0.054150910976546784,
            "O": 0.21655255480795133,
            "Fe": 0.019666804483923286,
            "Ba": 0.0003218561109835228,
            "S": 7.515139920544873e-05
        }
    },
    "0.635 (m)": {
        "ion (g/m^2)": {
            "Ca": 0.4324665865363,
            "C": 0.12997304083785313,
            "O": 0.5195526644906908,
            "Fe": 0.0017208453923432873,
            "Ba": 0.0003071460510665428,
            "S": 7.171669174633316e-05
        }
    },
    "0.72 (m)": {
        "ion (g/m^2)": {
            "Ca": 0.4604968282562453,
            "C": 0.13838567160324208,
            "O": 0.553163173764998,
            "Fe": 0.0017786889349430618,
            "Ba": 0.00028831717437280836,
            "S": 6.732026619866523e-05
        }
    },
    "0.804 (m)": {
        "ion (g/m^2)": {
            "Ca": 0.4885270699761907,
            "C": 0.1467941555250634,
            "O": 0.5867573852730444,
            "Fe": 0.0018172512966762447,
            "Ba": 0.0002700767000757532,
            "S": 6.306122894936191e-05
        }
    },
    "0.889 (m)": {
        "ion (g/m^2)": {
            "Ca": 0.5245659521875491,
            "C": 0.15759751024519264,
            "O": 0.6299224611767583,
            "Fe": 0.0018317121823261883,
            "Ba": 0.0002524246281753772,
            "S": 5.893957999842323e-05
        }
    },
    "0.974 (m)": {
        "ion (g/m^2)": {
            "Ca": 0.5646091546446138,
            "C": 0.16958948832189458,
            "O": 0.677837890934881,
            "Fe": 0.0017931498205930056,
            "Ba": 0.00023536095867168034,
            "S": 5.495531934584917e-05
        }
    }
}