elements,conc (input units)
Ca,144434.64612233304
Mg,67202.23118191885
Na,391177.16658131866
Sr,2607.8477772087913
Cl,712143.0468531699
S(6),451358.2691322908
Fe,40.120735033981404
