{
    "0.0423 (m)": {
        "ion (g/m^2)": {
            "Ca": 21.422648295997536,
            "S": 17.139508398901164,
            "O": 42.76030729414928,
            "H": 1.0775360109520313
        }
    },
    "0.127 (m)": {
        "ion (g/m^2)": {
            "Ca": 2.3658507220094362,
            "S": 1.892834058616512,
            "O": 4.722315490009204,
            "H": 0.11899972936484811
        }
    },
    "0.212 (m)": {
        "ion (g/m^2)": {
            "Ca": 2.3112541668861417,
            "S": 1.8491532726484388,
            "O": 4.613338978701299,
            "H": 0.11625358176412086
        }
    },
    "0.296 (m)": {
        "ion (g/m^2)": {
            "Ca": 2.259257447721099,
            "S": 1.8075525241074164,
            "O": 4.509551825074723,
            "H": 0.11363820309676155
        }
    },
    "0.381 (m)": {
        "ion (g/m^2)": {
            "Ca": 2.2046608925978046,
            "S": 1.7638717381393432,
            "O": 4.400575313766819,
            "H": 0.11089205549603429
        }
    },
    "0.466 (m)": {
        "ion (g/m^2)": {
            "Ca": 2.1526641734327616,
            "S": 1.7222709895983206,
            "O": 4.296788160140243,
            "H": 0.10827667682867498
        }
    },
    "0.55 (m)": {
        "ion (g/m^2)": {
            "Ca": 2.1006674542677195,
            "S": 1.6806702410572987,
            "O": 4.193001006513667,
            "H": 0.10566129816131568
        }
    },
    "0.635 (m)": {
        "ion (g/m^2)": {
            "Ca": 2.048670735102677,
            "S": 1.6390694925162763,
            "O": 4.089213852887091,
            "H": 0.10304591949395639
        }
    },
    "0.72 (m)": {
        "ion (g/m^2)": {
            "Ca": 1.9966740159376342,
            "S": 1.597468743975254,
            "O": 3.9854266992605147,
            "H": 0.10043054082659708
        }
    },
    "0.804 (m)": {
        "ion (g/m^2)": {
            "Ca": 1.9446772967725918,
            "S": 1.555867995434232,
            "O": 3.881639545633939,
            "H": 0.0978151621592378
        }
    },
    "0.889 (m)": {
        "ion (g/m^2)": {
            "Ca": 1.8952804135658012,
            "S": 1.5163472843202608,
            "O": 3.783041749688692,
            "H": 0.09533055242524646
        }
    },
    "0.974 (m)": {
        "ion (g/m^2)": {
            "Ca": 1.8458835303590109,
            "S": 1.4768265732062895,
            "O": 3.6844439537434446,
            "H": 0.09284594269125512
        }
    }
}