{
    "1.27E-1 (m)": {
        "ion (g/m^2)": {
            "Ba": 104.14722421221855,
            "S": 24.317728810538256,
            "O": 48.54117786366411,
            "Ca": 0.005119226678852876,
            "Mg": 0.003104516303945285,
            "C": 0.0015341458124581624,
            "Na": 62.79192440122911
        },
        "total_moles": 1217.0457000000001
    },
    "2.12E-1 (m)": {
        "ion (g/m^2)": {
            "Ba": 90.02556669191772,
            "S": 21.020409649787304,
            "O": 41.96358891435209,
            "Ca": 0.00798688976372451,
            "Mg": 0.004843588894339143,
            "C": 0.002393536026876739,
            "Na": 53.192005189887354
        },
        "total_moles": 1034.0713
    },
    "2.96E-1 (m)": {
        "ion (g/m^2)": {
            "Ba": 77.0807139649753,
            "S": 17.997867085765602,
            "O": 35.93402952526707,
            "Ca": 0.010529700389763027,
            "Mg": 0.006385657167852447,
            "C": 0.0031555734435682113,
            "Na": 45.6448988916627
        },
        "total_moles": 887.094
    },
    "3.81E-1 (m)": {
        "ion (g/m^2)": {
            "Ba": 65.90106842807049,
            "S": 15.387489416837766,
            "O": 30.726735832378022,
            "Ca": 0.012770062174818991,
            "Mg": 0.007744307629097648,
            "C": 0.0038269720485827247,
            "Na": 39.063822199610804
        },
        "total_moles": 759.114
    },
    "4.23E-2 (m)": {
        "ion (g/m^2)": {
            "Ba": 121.21089371591536,
            "S": 28.301989463112317,
            "O": 56.48942428807165,
            "Ca": 0.0019267111351481284,
            "Mg": 0.001168439396670873,
            "C": 0.0005774028003124812,
            "Na": 73.65975747067262
        },
        "total_moles": 1426.0172
    },
    "4.66E-1 (m)": {
        "ion (g/m^2)": {
            "Ba": 56.545470320871196,
            "S": 13.20301547284026,
            "O": 26.369222674725282,
            "Ca": 0.014786387781369358,
            "Mg": 0.00896709304421833,
            "C": 0.0044312307930957865,
            "Na": 33.26764456257427
        },
        "total_moles": 647.232
    },
    "5.50E-1 (m)": {
        "ion (g/m^2)": {
            "Ba": 48.248996527694466,
            "S": 11.265840465899078,
            "O": 22.50501795586583,
            "Ca": 0.016578677209414125,
            "Mg": 0.01005401341321449,
            "C": 0.004968349677107397,
            "Na": 28.135612279781505
        },
        "total_moles": 548.148
    },
    "6.35E-1 (m)": {
        "ion (g/m^2)": {
            "Ba": 41.0116470485403,
            "S": 9.575964396014218,
            "O": 19.134255830863584,
            "Ca": 0.0182589485482061,
            "Mg": 0.011073001259148391,
            "C": 0.0054718986308682814,
            "Na": 23.607348500846715
        },
        "total_moles": 460.863
    },
    "7.20E-1 (m)": {
        "ion (g/m^2)": {
            "Ba": 34.715741404072844,
            "S": 8.105909603512751,
            "O": 16.201960283663393,
            "Ca": 0.019715183708492474,
            "Mg": 0.011956124058957771,
            "C": 0.005908307724127715,
            "Na": 19.5620995249983
        },
        "total_moles": 383.176
    },
    "8.04E-1 (m)": {
        "ion (g/m^2)": {
            "Ba": 29.302439354624198,
            "S": 6.841937258558221,
            "O": 13.680844538833544,
            "Ca": 0.021059400779526054,
            "Mg": 0.012771314335704893,
            "C": 0.006311146887136423,
            "Na": 16.422503304936846
        },
        "total_moles": 321.988
    },
    "8.89E-1 (m)": {
        "ion (g/m^2)": {
            "Ba": 24.59522018119059,
            "S": 5.742830871641237,
            "O": 11.48851164982328,
            "Ca": 0.022179581672054038,
            "Mg": 0.013450639566327494,
            "C": 0.00664684618964368,
            "Na": 13.645168187190173
        },
        "total_moles": 267.998
    }
}