elements,ppm
Li,0.4122450357675216
Na,7224.594251825815
Mg,989.3880858420517
Ca,2576.5314735470097
K,350.4082804023933
Mn,0.9275513304769235
Fe,101.0000337630428
Co,1.3397963662444452
Cu,0.30918377682564113
S(6),4470.797412898772
Cl,14428.576251863255
F,7.214288125931627
N(5),94.81635822652996
Ba,0.5153062947094019
B,5.668369241803422
Sr,63.89798054396584
Si,267.959273248889
C(4),2.0612251788376077
