{
    "0.0423 (m)": {
        "ion (g/m^2)": {
            "Ca": 21.422648295997536,
            "S": 17.139508398901164,
            "O": 42.76030729414928,
            "H": 1.0775360109520313
        }
    },
    "0.127 (m)": {
        "ion (g/m^2)": {
            "Ca": 2.376250065842445,
            "S": 1.9011542083247166,
            "O": 4.7430729207345195,
            "H": 0.11952280509831999
        }
    },
    "0.212 (m)": {
        "ion (g/m^2)": {
            "Ca": 2.319053674760898,
            "S": 1.855393384929592,
            "O": 4.628907051745285,
            "H": 0.11664588856422474
        }
    },
    "0.296 (m)": {
        "ion (g/m^2)": {
            "Ca": 2.2644571196376035,
            "S": 1.8117125989615188,
            "O": 4.5199305404373815,
            "H": 0.11389974096349749
        }
    },
    "0.381 (m)": {
        "ion (g/m^2)": {
            "Ca": 2.209860564514309,
            "S": 1.7680318129934454,
            "O": 4.410954029129476,
            "H": 0.11115359336277021
        }
    },
    "0.466 (m)": {
        "ion (g/m^2)": {
            "Ca": 2.1526641734327616,
            "S": 1.7222709895983206,
            "O": 4.296788160140243,
            "H": 0.10827667682867498
        }
    },
    "0.55 (m)": {
        "ion (g/m^2)": {
            "Ca": 2.1006674542677195,
            "S": 1.6806702410572987,
            "O": 4.193001006513667,
            "H": 0.10566129816131568
        }
    },
    "0.635 (m)": {
        "ion (g/m^2)": {
            "Ca": 2.046070899144425,
            "S": 1.6369894550892252,
            "O": 4.084024495205762,
            "H": 0.10291515056058842
        }
    },
    "0.72 (m)": {
        "ion (g/m^2)": {
            "Ca": 1.9940741799793822,
            "S": 1.5953887065482029,
            "O": 3.980237341579186,
            "H": 0.10029977189322913
        }
    },
    "0.804 (m)": {
        "ion (g/m^2)": {
            "Ca": 1.9394776248560874,
            "S": 1.5517079205801296,
            "O": 3.8712608302712814,
            "H": 0.09755362429250186
        }
    },
    "0.889 (m)": {
        "ion (g/m^2)": {
            "Ca": 1.8874809056910449,
            "S": 1.5101071720391073,
            "O": 3.7674736766447054,
            "H": 0.09493824562514255
        }
    },
    "0.974 (m)": {
        "ion (g/m^2)": {
            "Ca": 1.8380840224842545,
            "S": 1.4705864609251362,
            "O": 3.6688758806994586,
            "H": 0.09245363589115123
        }
    }
}