elements,ppm
Mn,0.0009170456487088697
Fe,0.0006954054605876797
B,7.471298336892427
Cl,30097.58811634424
Na,16754.19911333235
S(6),11869.11943151807
Ca,762.1224056027391
K,512.2462070444641
Mg,2067.725543069727
Sr,11.244428935122382
Ba,0.013743190920705133
Li,0.28485886635643365
Cu,0.0005559745417921621
Co,3.3733286805367145e-08
Ni,0.00021989105473128211
Pb,1.6616767204125297e-05
