{
    "1.27E-1 (m)": {
        "ion (g/m^2)": {
            "Ca": 0.0795812749865546,
            "Mg": 0.04826146236209913,
            "C": 0.02384916461602403,
            "O": 0.09530809803532223,
            "K": 0.0,
            "S": 0.0,
            "H": 0.0
        }
    },
    "2.12E-1 (m)": {
        "ion (g/m^2)": {
            "Ca": 0.0782925093997278,
            "Mg": 0.04747990021858336,
            "C": 0.023462943326695705,
            "O": 0.09376464705499311,
            "K": 0.0,
            "S": 0.0,
            "H": 0.0
        }
    },
    "2.96E-1 (m)": {
        "ion (g/m^2)": {
            "Ca": 0.0773259352096077,
            "Mg": 0.046893728610946525,
            "C": 0.023173277359699464,
            "O": 0.09260705881974628,
            "K": 0.0,
            "S": 0.0,
            "H": 0.0
        }
    },
    "3.81E-1 (m)": {
        "ion (g/m^2)": {
            "Ca": 0.07603716962278091,
            "Mg": 0.04611216646743075,
            "C": 0.02278705607037114,
            "O": 0.09106360783941718,
            "K": 0.0,
            "S": 0.0,
            "H": 0.0
        }
    },
    "4.66E-1 (m)": {
        "ion (g/m^2)": {
            "Ca": 0.07474840403595412,
            "Mg": 0.04533060432391498,
            "C": 0.022400834781042815,
            "O": 0.08952015685908808,
            "K": 0.0,
            "S": 0.0,
            "H": 0.0
        }
    },
    "5.50E-1 (m)": {
        "ion (g/m^2)": {
            "Ca": 0.2730542914930061,
            "Mg": 0.04396287057276237,
            "C": 0.021724947524718246,
            "O": 0.16688447267638906,
            "K": 0.07826341664517249,
            "S": 0.03209239857906169,
            "H": 0.002017602508890033
        }
    },
    "6.35E-1 (m)": {
        "ion (g/m^2)": {
            "Ca": 2.203007836845689,
            "Mg": 0.036147249137604615,
            "C": 0.017862734631435003,
            "O": 0.9270448906343256,
            "K": 0.8364029259789427,
            "S": 0.3429721985548578,
            "H": 0.021562164217145387
        }
    },
    "7.20E-1 (m)": {
        "ion (g/m^2)": {
            "Ca": 2.1305945150404035,
            "Mg": 0.03556107752996778,
            "C": 0.017573068664438758,
            "O": 0.8973652929726085,
            "K": 0.8085228284463112,
            "S": 0.33153979193636246,
            "H": 0.020843425409907204
        }
    },
    "8.04E-1 (m)": {
        "ion (g/m^2)": {
            "Ca": 1.956436602324447,
            "Mg": 0.0351702964582099,
            "C": 0.017379958019774596,
            "O": 0.8273258303038737,
            "K": 0.7408140201527779,
            "S": 0.303775375862874,
            "H": 0.019097916878043058
        }
    },
    "8.89E-1 (m)": {
        "ion (g/m^2)": {
            "Ca": 1.7826008810051965,
            "Mg": 0.03497490592233095,
            "C": 0.017283402697442517,
            "O": 0.757672230380221,
            "K": 0.6731052118592443,
            "S": 0.2760109597893855,
            "H": 0.017352408346178905
        }
    }
}