{
    "0.0423 (m)": {
        "ion (g/m^2)": {
            "Ca": 16.463980371712307,
            "Mg": 9.984456383414031,
            "C": 4.933976971169344,
            "O": 19.717586273704313,
            "K": 0.0,
            "S": 0.0,
            "H": 0.0
        }
    },
    "0.127 (m)": {
        "ion (g/m^2)": {
            "Ca": 0.07313744705242062,
            "Mg": 0.04435365164452026,
            "C": 0.02191805816938241,
            "O": 0.0875908431336767,
            "K": 0.0,
            "S": 0.0,
            "H": 0.0
        }
    },
    "0.212 (m)": {
        "ion (g/m^2)": {
            "Ca": 0.07217087286230053,
            "Mg": 0.043767480036883424,
            "C": 0.021628392202386167,
            "O": 0.08643325489842987,
            "K": 0.0,
            "S": 0.0,
            "H": 0.0
        }
    },
    "0.296 (m)": {
        "ion (g/m^2)": {
            "Ca": 0.07152649006888713,
            "Mg": 0.04337669896512554,
            "C": 0.021435281557722004,
            "O": 0.08566152940826531,
            "K": 0.0,
            "S": 0.0,
            "H": 0.0
        }
    },
    "0.381 (m)": {
        "ion (g/m^2)": {
            "Ca": 0.07055991587876703,
            "Mg": 0.04279052735748871,
            "C": 0.02114561559072576,
            "O": 0.08450394117301849,
            "K": 0.0,
            "S": 0.0,
            "H": 0.0
        }
    },
    "0.466 (m)": {
        "ion (g/m^2)": {
            "Ca": 0.06959334168864693,
            "Mg": 0.042204355749851874,
            "C": 0.020855949623729518,
            "O": 0.08334635293777165,
            "K": 0.0,
            "S": 0.0,
            "H": 0.0
        }
    },
    "0.55 (m)": {
        "ion (g/m^2)": {
            "Ca": 0.33526330546856875,
            "Mg": 0.040836621998699266,
            "C": 0.02018006236740495,
            "O": 0.1876028490714588,
            "K": 0.10455036574736784,
            "S": 0.04287152481935722,
            "H": 0.0026952705271431733
        }
    },
    "0.635 (m)": {
        "ion (g/m^2)": {
            "Ca": 2.630025642321207,
            "Mg": 0.0320440478841468,
            "C": 0.015835072862461302,
            "O": 1.0921111159340235,
            "K": 1.0056749467127764,
            "S": 0.41238323873857896,
            "H": 0.02592593554680576
        }
    },
    "0.72 (m)": {
        "ion (g/m^2)": {
            "Ca": 2.563037851027998,
            "Mg": 0.031653266812388905,
            "C": 0.015641962217797137,
            "O": 1.0648546674049941,
            "K": 0.97978628471819,
            "S": 0.4017674325928334,
            "H": 0.02525853522579888
        }
    },
    "0.804 (m)": {
        "ion (g/m^2)": {
            "Ca": 2.4249255035163304,
            "Mg": 0.03145787627650996,
            "C": 0.015545406895465057,
            "O": 1.0094620721945766,
            "K": 0.9260175251909722,
            "S": 0.3797192198285925,
            "H": 0.023872396097553823
        }
    },
    "0.889 (m)": {
        "ion (g/m^2)": {
            "Ca": 2.2817098168892933,
            "Mg": 0.03126248574063102,
            "C": 0.015448851573132976,
            "O": 0.952032190596554,
            "K": 0.8702573301257094,
            "S": 0.356854406591602,
            "H": 0.02243491848307746
        }
    },
    "0.974 (m)": {
        "ion (g/m^2)": {
            "Ca": 2.138816321658963,
            "Mg": 0.03126248574063102,
            "C": 0.015448851573132976,
            "O": 0.8949881717436136,
            "K": 0.8144971350604465,
            "S": 0.3339895933546115,
            "H": 0.020997440868601103
        }
    }
}