{
    "0.0423 (m)": {
        "ion (g/m^2)": {
            "Ca": 24.672443243812697,
            "S": 19.739555182715055,
            "O": 49.24700439581027,
            "H": 1.2409971776619875
        }
    },
    "0.127 (m)": {
        "ion (g/m^2)": {
            "Ca": 2.5062418637550516,
            "S": 2.0051560796772723,
            "O": 5.002540804800959,
            "H": 0.12606125176671823
        }
    },
    "0.212 (m)": {
        "ion (g/m^2)": {
            "Ca": 2.4464456367152523,
            "S": 1.9573152188550966,
            "O": 4.883185578130397,
            "H": 0.12305356629925503
        }
    },
    "0.296 (m)": {
        "ion (g/m^2)": {
            "Ca": 2.3866494096754534,
            "S": 1.9094743580329208,
            "O": 4.763830351459834,
            "H": 0.12004588083179182
        }
    },
    "0.381 (m)": {
        "ion (g/m^2)": {
            "Ca": 2.329453018593907,
            "S": 1.8637135346377967,
            "O": 4.649664482470602,
            "H": 0.11716896429769662
        }
    },
    "0.466 (m)": {
        "ion (g/m^2)": {
            "Ca": 2.27225662751236,
            "S": 1.817952711242672,
            "O": 4.5354986134813675,
            "H": 0.11429204776360138
        }
    },
    "0.55 (m)": {
        "ion (g/m^2)": {
            "Ca": 2.215060236430813,
            "S": 1.7721918878475473,
            "O": 4.421332744492133,
            "H": 0.11141513122950614
        }
    },
    "0.635 (m)": {
        "ion (g/m^2)": {
            "Ca": 2.1578638453492665,
            "S": 1.7264310644524232,
            "O": 4.307166875502901,
            "H": 0.10853821469541093
        }
    },
    "0.72 (m)": {
        "ion (g/m^2)": {
            "Ca": 2.1032672902259715,
            "S": 1.6827502784843498,
            "O": 4.198190364194995,
            "H": 0.10579206709468365
        }
    },
    "0.804 (m)": {
        "ion (g/m^2)": {
            "Ca": 2.048670735102677,
            "S": 1.6390694925162763,
            "O": 4.089213852887091,
            "H": 0.10304591949395639
        }
    },
    "0.889 (m)": {
        "ion (g/m^2)": {
            "Ca": 1.9940741799793822,
            "S": 1.5953887065482029,
            "O": 3.980237341579186,
            "H": 0.10029977189322913
        }
    },
    "0.974 (m)": {
        "ion (g/m^2)": {
            "Ca": 1.9394776248560874,
            "S": 1.5517079205801296,
            "O": 3.8712608302712814,
            "H": 0.09755362429250186
        }
    }
}