{
    "1.27E-1 (m)": {
        "ion (g/m^2)": {
            "Ca": 2.495842519922043,
            "S": 1.9968359299690674,
            "O": 4.981783374075643,
            "H": 0.12553817603324635
        }
    },
    "2.12E-1 (m)": {
        "ion (g/m^2)": {
            "Ca": 2.423047113090983,
            "S": 1.9385948820116365,
            "O": 4.836481358998437,
            "H": 0.12187664589894334
        }
    },
    "2.96E-1 (m)": {
        "ion (g/m^2)": {
            "Ca": 2.352851542218176,
            "S": 1.8824338714812565,
            "O": 4.696368701602561,
            "H": 0.1183458846980083
        }
    },
    "3.81E-1 (m)": {
        "ion (g/m^2)": {
            "Ca": 2.2826559713453682,
            "S": 1.8262728609508763,
            "O": 4.556256044206682,
            "H": 0.11481512349707322
        }
    },
    "4.66E-1 (m)": {
        "ion (g/m^2)": {
            "Ca": 2.215060236430813,
            "S": 1.7721918878475473,
            "O": 4.421332744492133,
            "H": 0.11141513122950614
        }
    },
    "5.50E-1 (m)": {
        "ion (g/m^2)": {
            "Ca": 2.1474645015162577,
            "S": 1.7181109147442186,
            "O": 4.286409444777585,
            "H": 0.10801513896193905
        }
    },
    "6.35E-1 (m)": {
        "ion (g/m^2)": {
            "Ca": 2.0798687666017024,
            "S": 1.6640299416408897,
            "O": 4.1514861450630365,
            "H": 0.10461514669437197
        }
    },
    "7.20E-1 (m)": {
        "ion (g/m^2)": {
            "Ca": 2.012273031687147,
            "S": 1.6099489685375608,
            "O": 4.016562845348488,
            "H": 0.10121515442680488
        }
    },
    "8.04E-1 (m)": {
        "ion (g/m^2)": {
            "Ca": 1.947277132730844,
            "S": 1.557948032861283,
            "O": 3.886828903315268,
            "H": 0.09794593109260576
        }
    },
    "8.89E-1 (m)": {
        "ion (g/m^2)": {
            "Ca": 1.8822812337745407,
            "S": 1.5059470971850053,
            "O": 3.757094961282048,
            "H": 0.09467670775840663
        }
    }
}