{
    "0.0423 (m)": {
        "ion (g/m^2)": {
            "Ca": 0.0,
            "S": 0.0,
            "O": 0.0,
            "H": 0.0
        }
    },
    "0.127 (m)": {
        "ion (g/m^2)": {
            "Ca": 0.0,
            "S": 0.0,
            "O": 0.0,
            "H": 0.0
        }
    },
    "0.212 (m)": {
        "ion (g/m^2)": {
            "Ca": 0.0,
            "S": 0.0,
            "O": 0.0,
            "H": 0.0
        }
    },
    "0.296 (m)": {
        "ion (g/m^2)": {
            "Ca": 0.0,
            "S": 0.0,
            "O": 0.0,
            "H": 0.0
        }
    },
    "0.381 (m)": {
        "ion (g/m^2)": {
            "Ca": 0.0,
            "S": 0.0,
            "O": 0.0,
            "H": 0.0
        }
    },
    "0.466 (m)": {
        "ion (g/m^2)": {
            "Ca": 0.0,
            "S": 0.0,
            "O": 0.0,
            "H": 0.0
        }
    },
    "0.55 (m)": {
        "ion (g/m^2)": {
            "Ca": 1.926478445064827,
            "S": 1.5413077334448742,
            "O": 3.8453140418646377,
            "H": 0.09689977962566204
        }
    },
    "0.635 (m)": {
        "ion (g/m^2)": {
            "Ca": 1.9160791012318183,
            "S": 1.5329875837366695,
            "O": 3.8245566111393225,
            "H": 0.09637670389219018
        }
    },
    "0.72 (m)": {
        "ion (g/m^2)": {
            "Ca": 1.8666822180250278,
            "S": 1.4934668726226985,
            "O": 3.7259588151940752,
            "H": 0.09389209415819884
        }
    },
    "0.804 (m)": {
        "ion (g/m^2)": {
            "Ca": 1.8198851707764896,
            "S": 1.4560261989357786,
            "O": 3.632550376930157,
            "H": 0.09153825335757547
        }
    },
    "0.889 (m)": {
        "ion (g/m^2)": {
            "Ca": 1.770488287569699,
            "S": 1.4165054878218073,
            "O": 3.5339525809849097,
            "H": 0.08905364362358413
        }
    },
    "0.974 (m)": {
        "ion (g/m^2)": {
            "Ca": 1.7236912403211608,
            "S": 1.3790648141348874,
            "O": 3.4405441427209915,
            "H": 0.08669980282296076
        }
    }
}