{
    "1.27E-1 (m)": {
        "ion (g/m^2)": {
            "Ba": 0.00152396220739913,
            "S": 0.0003558356927643733,
            "O": 0.04602911896108407,
            "Ca": 0.03784082632192625,
            "C": 0.011340256816826178
        }
    },
    "2.12E-1 (m)": {
        "ion (g/m^2)": {
            "Ba": 0.001471005991698002,
            "S": 0.00034347074591155726,
            "O": 0.04518917918539334,
            "Ca": 0.03716009188015614,
            "C": 0.011136252196840944
        }
    },
    "2.96E-1 (m)": {
        "ion (g/m^2)": {
            "Ba": 0.0014180497759968737,
            "S": 0.0003311057990587412,
            "O": 0.04439719593548173,
            "Ca": 0.03651940064084311,
            "C": 0.01094424784861955
        }
    },
    "3.81E-1 (m)": {
        "ion (g/m^2)": {
            "Ba": 0.001365093560295746,
            "S": 0.00031874085220592516,
            "O": 0.0435092996340119,
            "Ca": 0.03579862299661594,
            "C": 0.01072824295687048
        }
    },
    "4.66E-1 (m)": {
        "ion (g/m^2)": {
            "Ba": 0.0013180213685614096,
            "S": 0.00030774978833675526,
            "O": 0.04267210195137074,
            "Ca": 0.03511788855484584,
            "C": 0.010524238336885247
        }
    },
    "5.50E-1 (m)": {
        "ion (g/m^2)": {
            "Ba": 0.0012650651528602816,
            "S": 0.00029538484148393927,
            "O": 0.04178420564990092,
            "Ca": 0.03439711091061868,
            "C": 0.010308233445136176
        }
    },
    "6.35E-1 (m)": {
        "ion (g/m^2)": {
            "Ba": 0.0012179929611259455,
            "S": 0.00028439377761476937,
            "O": 0.040947007967259766,
            "Ca": 0.03371637646884857,
            "C": 0.010104228825150944
        }
    },
    "7.20E-1 (m)": {
        "ion (g/m^2)": {
            "Ba": 0.0011650367454248175,
            "S": 0.0002720288307619534,
            "O": 0.04001115514001085,
            "Ca": 0.03295555562216434,
            "C": 0.009876223661638036
        }
    },
    "8.04E-1 (m)": {
        "ion (g/m^2)": {
            "Ba": 0.0011179645536904814,
            "S": 0.00026103776689278353,
            "O": 0.03912600093159059,
            "Ca": 0.032234777977937175,
            "C": 0.009660218769888967
        }
    },
    "8.89E-1 (m)": {
        "ion (g/m^2)": {
            "Ba": 0.0010708923619561455,
            "S": 0.0002500467030236137,
            "O": 0.03824084672317034,
            "Ca": 0.03151400033371001,
            "C": 0.009444213878139898
        }
    }
}