{
    "0.0423 (m)": {
        "ion (g/m^2)": {
            "Ca": 0.0,
            "C": 3.2138037649142586,
            "O": 12.853454228691238,
            "Fe": 14.942915171608378,
            "Ba": 0.02182972891679835,
            "S": 0.00509710586932751
        }
    },
    "0.127 (m)": {
        "ion (g/m^2)": {
            "Ca": 0.0,
            "C": 0.10367108919078254,
            "O": 0.41753505894291393,
            "Fe": 0.4820295216647864,
            "Ba": 0.006943148280814569,
            "S": 0.0016211819207025502
        }
    },
    "0.212 (m)": {
        "ion (g/m^2)": {
            "Ca": 0.0,
            "C": 0.10087196978263141,
            "O": 0.4062392917140318,
            "Fe": 0.46901472457983717,
            "Ba": 0.006707787322142889,
            "S": 0.0015662266013567012
        }
    },
    "0.296 (m)": {
        "ion (g/m^2)": {
            "Ca": 0.0,
            "C": 0.09776183710690793,
            "O": 0.39372804724821203,
            "Fe": 0.45455383892989354,
            "Ba": 0.006531266603139129,
            "S": 0.0015250101118473144
        }
    },
    "0.381 (m)": {
        "ion (g/m^2)": {
            "Ca": 0.0,
            "C": 0.09454803334199367,
            "O": 0.3807750824627522,
            "Fe": 0.4396109237582852,
            "Ba": 0.006295905644467448,
            "S": 0.001470054792501465
        }
    },
    "0.466 (m)": {
        "ion (g/m^2)": {
            "Ca": 0.0,
            "C": 0.09123055848788864,
            "O": 0.3674352392186436,
            "Fe": 0.42418597906501204,
            "Ba": 0.006119384925463688,
            "S": 0.0014288383029920782
        }
    },
    "0.55 (m)": {
        "ion (g/m^2)": {
            "Ca": 2.7469636885546462,
            "C": 0.8713220283837567,
            "O": 3.484849519919689,
            "Fe": 0.22366169805246092,
            "Ba": 0.006001704446127848,
            "S": 0.0014013606433191537
        }
    },
    "0.635 (m)": {
        "ion (g/m^2)": {
            "Ca": 6.046523571016786,
            "C": 1.8168824762046305,
            "O": 7.263506072515051,
            "Fe": 0.022510778661745525,
            "Ba": 0.005842835799024464,
            "S": 0.0013642658027607055
        }
    },
    "0.72 (m)": {
        "ion (g/m^2)": {
            "Ca": 6.567085202958629,
            "C": 1.9731762881842485,
            "O": 7.888004972676193,
            "Fe": 0.023860461322406927,
            "Ba": 0.005636894960186743,
            "S": 0.0013161798983330874
        }
    },
    "0.804 (m)": {
        "ion (g/m^2)": {
            "Ca": 7.167733239814601,
            "C": 2.153439542364784,
            "O": 8.608292634578788,
            "Fe": 0.02506553512656889,
            "Ba": 0.005430954121349024,
            "S": 0.0012680939939054695
        }
    },
    "0.889 (m)": {
        "ion (g/m^2)": {
            "Ca": 7.848467681584704,
            "C": 2.35764113741948,
            "O": 9.424242026313047,
            "Fe": 0.025981391217731988,
            "Ba": 0.005219129258544511,
            "S": 0.001218634206494205
        }
    },
    "0.974 (m)": {
        "ion (g/m^2)": {
            "Ca": 8.689374933183064,
            "C": 2.609688312895737,
            "O": 10.431398814173027,
            "Fe": 0.0261742030263979,
            "Ba": 0.005013188419706791,
            "S": 0.0011705483020665872
        }
    }
}