{
    "35.9 (m)": {
        "ion (g/m^2)": {
            "Ca": 0.023112541668861418,
            "S": 0.018491532726484388,
            "O": 0.04613338978701299,
            "H": 0.0011625358176412086
        }
    },
    "38.9 (m)": {
        "ion (g/m^2)": {
            "Ca": 0.057716358273197245,
            "S": 0.04617683088053469,
            "O": 0.11520374052549927,
            "H": 0.0029030703207688223
        }
    },
    "41.9 (m)": {
        "ion (g/m^2)": {
            "Ca": 0.09255416011377575,
            "S": 0.07404933240301959,
            "O": 0.1847411334553051,
            "H": 0.004655374027899553
        }
    },
    "44.9 (m)": {
        "ion (g/m^2)": {
            "Ca": 0.12713197835852905,
            "S": 0.10171383018279938,
            "O": 0.2537595906169781,
            "H": 0.006394600841693487
        }
    },
    "47.9 (m)": {
        "ion (g/m^2)": {
            "Ca": 0.16170979660328236,
            "S": 0.12937832796257917,
            "O": 0.3227780477786511,
            "H": 0.008133827655487421
        }
    },
    "50.8 (m)": {
        "ion (g/m^2)": {
            "Ca": 0.19602763125221045,
            "S": 0.15683482199965385,
            "O": 0.3912775691721912,
            "H": 0.009859977575944558
        }
    },
    "53.8 (m)": {
        "ion (g/m^2)": {
            "Ca": 0.23060544949696377,
            "S": 0.18449931977943365,
            "O": 0.4602960263338642,
            "H": 0.011599204389738492
        }
    },
    "56.8 (m)": {
        "ion (g/m^2)": {
            "Ca": 0.2651832677417171,
            "S": 0.21216381755921343,
            "O": 0.5293144834955371,
            "H": 0.013338431203532427
        }
    },
    "59.8 (m)": {
        "ion (g/m^2)": {
            "Ca": 0.2989811351989947,
            "S": 0.23920430411087787,
            "O": 0.5967761333528114,
            "H": 0.015038427337315969
        }
    },
    "62.8 (m)": {
        "ion (g/m^2)": {
            "Ca": 0.3327790026562724,
            "S": 0.26624479066254236,
            "O": 0.6642377832100859,
            "H": 0.016738423471099516
        }
    },
    "65.8 (m)": {
        "ion (g/m^2)": {
            "Ca": 0.36657687011355,
            "S": 0.2932852772142068,
            "O": 0.7316994330673602,
            "H": 0.018438419604883058
        }
    },
    "68.8 (m)": {
        "ion (g/m^2)": {
            "Ca": 0.40297457352907984,
            "S": 0.3224058011929224,
            "O": 0.8043504406059634,
            "H": 0.02026918467203457
        }
    },
    "71.8 (m)": {
        "ion (g/m^2)": {
            "Ca": 0.4367724409863575,
            "S": 0.3494462877445868,
            "O": 0.8718120904632376,
            "H": 0.02196918080581811
        }
    },
    "74.8 (m)": {
        "ion (g/m^2)": {
            "Ca": 0.4705703084436352,
            "S": 0.3764867742962513,
            "O": 0.939273740320512,
            "H": 0.023669176939601657
        }
    },
    "77.8 (m)": {
        "ion (g/m^2)": {
            "Ca": 0.5043681759009128,
            "S": 0.40352726084791574,
            "O": 1.0067353901777862,
            "H": 0.025369173073385202
        }
    },
    "80.8 (m)": {
        "ion (g/m^2)": {
            "Ca": 0.5381660433581904,
            "S": 0.43056774739958015,
            "O": 1.0741970400350607,
            "H": 0.027069169207168745
        }
    },
    "83.8 (m)": {
        "ion (g/m^2)": {
            "Ca": 0.5745637467737202,
            "S": 0.45968827137829577,
            "O": 1.1468480475736638,
            "H": 0.028899934274320256
        }
    },
    "86.7 (m)": {
        "ion (g/m^2)": {
            "Ca": 0.6083616142309979,
            "S": 0.4867287579299602,
            "O": 1.2143096974309382,
            "H": 0.030599930408103798
        }
    },
    "89.7 (m)": {
        "ion (g/m^2)": {
            "Ca": 0.6421594816882756,
            "S": 0.5137692444816248,
            "O": 1.2817713472882126,
            "H": 0.03229992654188735
        }
    },
    "92.7 (m)": {
        "ion (g/m^2)": {
            "Ca": 0.6759573491455533,
            "S": 0.5408097310332892,
            "O": 1.3492329971454868,
            "H": 0.03399992267567089
        }
    },
    "95.7 (m)": {
        "ion (g/m^2)": {
            "Ca": 0.7123550525610831,
            "S": 0.5699302550120048,
            "O": 1.4218840046840902,
            "H": 0.0358306877428224
        }
    },
    "98.7 (m)": {
        "ion (g/m^2)": {
            "Ca": 0.7461529200183608,
            "S": 0.5969707415636692,
            "O": 1.4893456545413644,
            "H": 0.03753068387660594
        }
    },
    "102.0 (m)": {
        "ion (g/m^2)": {
            "Ca": 0.7799507874756384,
            "S": 0.6240112281153336,
            "O": 1.5568073043986388,
            "H": 0.039230680010389485
        }
    },
    "105.0 (m)": {
        "ion (g/m^2)": {
            "Ca": 0.813748654932916,
            "S": 0.6510517146669981,
            "O": 1.624268954255913,
            "H": 0.040930676144173034
        }
    },
    "108.0 (m)": {
        "ion (g/m^2)": {
            "Ca": 0.8501463583484459,
            "S": 0.6801722386457136,
            "O": 1.696919961794516,
            "H": 0.042761441211324545
        }
    },
    "111.0 (m)": {
        "ion (g/m^2)": {
            "Ca": 0.8839442258057235,
            "S": 0.7072127251973781,
            "O": 1.7643816116517905,
            "H": 0.04446143734510809
        }
    },
    "114.0 (m)": {
        "ion (g/m^2)": {
            "Ca": 0.9177420932630012,
            "S": 0.7342532117490426,
            "O": 1.8318432615090647,
            "H": 0.04616143347889163
        }
    },
    "117.0 (m)": {
        "ion (g/m^2)": {
            "Ca": 0.954139796678531,
            "S": 0.7633737357277581,
            "O": 1.904494269047668,
            "H": 0.04799219854604314
        }
    },
    "120.0 (m)": {
        "ion (g/m^2)": {
            "Ca": 0.9879376641358086,
            "S": 0.7904142222794226,
            "O": 1.9719559189049423,
            "H": 0.04969219467982668
        }
    },
    "123.0 (m)": {
        "ion (g/m^2)": {
            "Ca": 1.0217355315930863,
            "S": 0.8174547088310871,
            "O": 2.0394175687622167,
            "H": 0.05139219081361023
        }
    },
    "126.0 (m)": {
        "ion (g/m^2)": {
            "Ca": 1.0581332350086161,
            "S": 0.8465752328098027,
            "O": 2.11206857630082,
            "H": 0.053222955880761744
        }
    },
    "129.0 (m)": {
        "ion (g/m^2)": {
            "Ca": 1.0919311024658938,
            "S": 0.8736157193614671,
            "O": 2.179530226158094,
            "H": 0.054922952014545286
        }
    },
    "132.0 (m)": {
        "ion (g/m^2)": {
            "Ca": 1.1257289699231714,
            "S": 0.9006562059131316,
            "O": 2.2469918760153686,
            "H": 0.05662294814832883
        }
    },
    "135.0 (m)": {
        "ion (g/m^2)": {
            "Ca": 1.1621266733387012,
            "S": 0.929776729891847,
            "O": 2.3196428835539713,
            "H": 0.05845371321548033
        }
    },
    "138.0 (m)": {
        "ion (g/m^2)": {
            "Ca": 1.1959245407959789,
            "S": 0.9568172164435115,
            "O": 2.3871045334112457,
            "H": 0.060153709349263874
        }
    },
    "141.0 (m)": {
        "ion (g/m^2)": {
            "Ca": 1.2297224082532567,
            "S": 0.9838577029951762,
            "O": 2.4545661832685206,
            "H": 0.06185370548304743
        }
    },
    "144.0 (m)": {
        "ion (g/m^2)": {
            "Ca": 1.2661201116687864,
            "S": 1.0129782269738916,
            "O": 2.5272171908071237,
            "H": 0.06368447055019893
        }
    },
    "147.0 (m)": {
        "ion (g/m^2)": {
            "Ca": 1.299917979126064,
            "S": 1.040018713525556,
            "O": 2.5946788406643977,
            "H": 0.06538446668398248
        }
    },