{
    "1.026E2 (m)": {
        "ion (g/m^2)": {
            "Ca": 0.6743974475706019,
            "S": 0.5395617085770584,
            "O": 1.3461193825366895,
            "H": 0.03392146131565011
        }
    },
    "1.066E2 (m)": {
        "ion (g/m^2)": {
            "Ca": 0.7201545604358395,
            "S": 0.5761703672931581,
            "O": 1.4374520777280764,
            "H": 0.036222994542926296
        }
    },
    "1.105E2 (m)": {
        "ion (g/m^2)": {
            "Ca": 0.7661716568969021,
            "S": 0.6129870297519627,
            "O": 1.529303708687596,
            "H": 0.038537604663539275
        }
    },
    "1.144E2 (m)": {
        "ion (g/m^2)": {
            "Ca": 0.8121887533579648,
            "S": 0.6498036922107674,
            "O": 1.621155339647116,
            "H": 0.040852214784152255
        }
    },
    "1.184E2 (m)": {
        "ion (g/m^2)": {
            "Ca": 0.8582058498190275,
            "S": 0.6866203546695722,
            "O": 1.7130069706066355,
            "H": 0.043166824904765234
        }
    },
    "1.223E2 (m)": {
        "ion (g/m^2)": {
            "Ca": 0.9042229462800901,
            "S": 0.7234370171283768,
            "O": 1.8048586015661552,
            "H": 0.045481435025378214
        }
    },
    "1.263E2 (m)": {
        "ion (g/m^2)": {
            "Ca": 0.950500026336978,
            "S": 0.7604616833298866,
            "O": 1.8972291682938078,
            "H": 0.047809122039327995
        }
    },
    "1.302E2 (m)": {
        "ion (g/m^2)": {
            "Ca": 0.9965171227980407,
            "S": 0.7972783457886913,
            "O": 1.9890807992533275,
            "H": 0.050123732159940974
        }
    },
    "1.342E2 (m)": {
        "ion (g/m^2)": {
            "Ca": 1.0427942028549286,
            "S": 0.8343030119902011,
            "O": 2.08145136598098,
            "H": 0.05245141917389075
        }
    },
    "1.381E2 (m)": {
        "ion (g/m^2)": {
            "Ca": 1.088811299315991,
            "S": 0.8711196744490057,
            "O": 2.1733029969404996,
            "H": 0.05476602929450372
        }
    },
    "1.421E2 (m)": {
        "ion (g/m^2)": {
            "Ca": 1.135088379372879,
            "S": 0.9081443406505155,
            "O": 2.265673563668152,
            "H": 0.057093716308453495
        }
    },
    "1.460E2 (m)": {
        "ion (g/m^2)": {
            "Ca": 1.181365459429767,
            "S": 0.9451690068520252,
            "O": 2.3580441303958044,
            "H": 0.059421403322403275
        }
    },
    "1.500E2 (m)": {
        "ion (g/m^2)": {
            "Ca": 1.2273825558908296,
            "S": 0.9819856693108301,
            "O": 2.4498957613553243,
            "H": 0.06173601344301626
        }
    },
    "1.539E2 (m)": {
        "ion (g/m^2)": {
            "Ca": 1.2736596359477175,
            "S": 1.0190103355123399,
            "O": 2.542266328082977,
            "H": 0.06406370045696604
        }
    },
    "1.579E2 (m)": {
        "ion (g/m^2)": {
            "Ca": 1.3199367160046054,
            "S": 1.0560350017138496,
            "O": 2.6346368948106296,
            "H": 0.06639138747091582
        }
    },
    "1.618E2 (m)": {
        "ion (g/m^2)": {
            "Ca": 1.3662137960614933,
            "S": 1.0930596679153595,
            "O": 2.727007461538282,
            "H": 0.06871907448486558
        }
    },
    "1.657E2 (m)": {
        "ion (g/m^2)": {
            "Ca": 1.4124908761183812,
            "S": 1.1300843341168691,
            "O": 2.8193780282659344,
            "H": 0.07104676149881536
        }
    },
    "1.697E2 (m)": {
        "ion (g/m^2)": {
            "Ca": 1.4585079725794439,
            "S": 1.166900996575674,
            "O": 2.9112296592254543,
            "H": 0.07336137161942835
        }
    },
    "1.736E2 (m)": {
        "ion (g/m^2)": {
            "Ca": 1.5047850526363318,
            "S": 1.2039256627771837,
            "O": 3.003600225953107,
            "H": 0.07568905863337812
        }
    },
    "1.776E2 (m)": {
        "ion (g/m^2)": {
            "Ca": 1.5510621326932197,
            "S": 1.2409503289786936,
            "O": 3.0959707926807596,
            "H": 0.0780167456473279
        }
    },
    "1.815E2 (m)": {
        "ion (g/m^2)": {
            "Ca": 1.5973392127501074,
            "S": 1.2779749951802033,
            "O": 3.1883413594084122,
            "H": 0.08034443266127768
        }
    },
    "1.855E2 (m)": {
        "ion (g/m^2)": {
            "Ca": 1.6436162928069953,
            "S": 1.314999661381713,
            "O": 3.2807119261360644,
            "H": 0.08267211967522745
        }
    },
    "1.894E2 (m)": {
        "ion (g/m^2)": {
            "Ca": 1.6898933728638832,
            "S": 1.3520243275832229,
            "O": 3.373082492863717,
            "H": 0.08499980668917723
        }
    },
    "1.934E2 (m)": {
        "ion (g/m^2)": {
            "Ca": 1.7359104693249459,
            "S": 1.3888409900420275,
            "O": 3.4649341238232365,
            "H": 0.0873144168097902
        }
    },
    "1.973E2 (m)": {
        "ion (g/m^2)": {
            "Ca": 1.7821875493818338,
            "S": 1.4258656562435374,
            "O": 3.5573046905508896,
            "H": 0.08964210382373998
        }
    },
    "2.013E2 (m)": {
        "ion (g/m^2)": {
            "Ca": 1.8284646294387217,
            "S": 1.4628903224450471,
            "O": 3.6496752572785423,
            "H": 0.09196979083768976
        }
    },
    "4.736E1 (m)": {
        "ion (g/m^2)": {
            "Ca": 0.03086005282445276,
            "S": 0.0246900442590967,
            "O": 0.0615976756773728,
            "H": 0.0015522272390777441
        }
    },
    "5.130E1 (m)": {
        "ion (g/m^2)": {
            "Ca": 0.07718912960050568,
            "S": 0.06175631120914752,
            "O": 0.15407202955865193,
            "H": 0.0038825296316948796
        }
    },
    "5.525E1 (m)": {
        "ion (g/m^2)": {
            "Ca": 0.12349220801697608,
            "S": 0.09880177778492782,
            "O": 0.24649448986311778,
            "H": 0.006211524334978335
        }
    },
    "5.919E1 (m)": {
        "ion (g/m^2)": {
            "Ca": 0.16971729135469893,
            "S": 0.1357848432378966,
            "O": 0.3387612694371438,
            "H": 0.008536595970260753
        }
    },
    "6.314E1 (m)": {
        "ion (g/m^2)": {
            "Ca": 0.21591637633283922,
            "S": 0.17274710831659487,
            "O": 0.43097615543435647,
            "H": 0.01086035991620949
        }
    },
    "6.709E1 (m)": {
        "ion (g/m^2)": {
            "Ca": 0.2620634645918145,
            "S": 0.2096677726467521,
            "O": 0.5230872542779426,
            "H": 0.013181508483490869
        }
    },
    "7.103E1 (m)": {
        "ion (g/m^2)": {
            "Ca": 0.3080805610528772,
            "S": 0.2464844351055568,
            "O": 0.6149388852374623,
            "H": 0.015496118604103848
        }
    },
    "7.498E1 (m)": {
        "ion (g/m^2)": {
            "Ca": 0.3538376739181146,
            "S": 0.28309309382165637,
            "O": 0.7062715804288491,
            "H": 0.017797651831380032
        }
    },
    "7.893E1 (m)": {
        "ion (g/m^2)": {
            "Ca": 0.39985477037917727,
            "S": 0.31990975628046103,
            "O": 0.7981232113883688,
            "H": 0.02011226195199301
        }
    },
    "8.287E1 (m)": {
        "ion (g/m^2)": {
            "Ca": 0.44561188324441475,
            "S": 0.3565184149965606,
            "O": 0.8894559065797556,
            "H": 0.022413795179269193
        }
    },
    "8.682E1 (m)": {
        "ion (g/m^2)": {
            "Ca": 0.4913689961096522,
            "S": 0.39312707371266015,
            "O": 0.9807886017711424,
            "H": 0.024715328406545375
        }
    },
    "9.077E1 (m)": {
        "ion (g/m^2)": {
            "Ca": 0.5371261089748895,
            "S": 0.42973573242875973,