Distance ($m$),Dolomite (g/m^2),Witherite (g/m^2)
0.0423,66.6,0.0377
0.127,6.22,0.000225
0.212,6.46,0.000213
0.296,6.71,0.000197
0.381,6.97,0.000177
0.466,7.26,0.00015
0.55,7.58,0.000114
0.635,7.93,6.64e-05
0.72,8.32,3.16e-06
0.804,8.76,0.0
0.889,9.26,0.0
0.974,9.85,0.0
