{
    "0.0423 (m)": {
        "ion (g/m^2)": {
            "Ca": 1.8203813913928482,
            "Mg": 1.1039565277160328,
            "C": 0.5457323367510979,
            "O": 2.180902848780383,
            "Ba": 0.0022268953596380594
        }
    },
    "0.127 (m)": {
        "ion (g/m^2)": {
            "Ca": 0.16657295209736328,
            "Mg": 0.10101690704941398,
            "C": 0.049920233720589686,
            "O": 0.19949556330335516,
            "Ba": 1.294382927789622e-05
        }
    },
    "0.212 (m)": {
        "ion (g/m^2)": {
            "Ca": 0.16882829187431017,
            "Mg": 0.10238464080056658,
            "C": 0.05059604185339947,
            "O": 0.20219628631868572,
            "Ba": 1.2039153038043258e-05
        }
    },
    "0.296 (m)": {
        "ion (g/m^2)": {
            "Ca": 0.17140582304796376,
            "Mg": 0.10394776508759815,
            "C": 0.0513683809628445,
            "O": 0.2052827747867154,
            "Ba": 1.0856114878235538e-05
        }
    },
    "0.381 (m)": {
        "ion (g/m^2)": {
            "Ca": 0.17430554561832404,
            "Mg": 0.10570627991050864,
            "C": 0.052237263221773154,
            "O": 0.20875507735363572,
            "Ba": 9.53389575845044e-06
        }
    },
    "0.466 (m)": {
        "ion (g/m^2)": {
            "Ca": 0.17720526818868435,
            "Mg": 0.10746479473341913,
            "C": 0.05310611504858076,
            "O": 0.21222725830507705,
            "Ba": 7.863724238721896e-06
        }
    },
    "0.55 (m)": {
        "ion (g/m^2)": {
            "Ca": 0.18042718215575132,
            "Mg": 0.10941870009220858,
            "C": 0.05407148872238727,
            "O": 0.2160851682245738,
            "Ba": 5.81080507905556e-06
        }
    },
    "0.635 (m)": {
        "ion (g/m^2)": {
            "Ca": 0.18429347891623168,
            "Mg": 0.11176338652275589,
            "C": 0.055229931653173275,
            "O": 0.2207146382371836,
            "Ba": 3.284670655466137e-06
        }
    },
    "0.72 (m)": {
        "ion (g/m^2)": {
            "Ca": 0.18815977567671208,
            "Mg": 0.1141080729533032,
            "C": 0.056388317006386225,
            "O": 0.22534387815330723,
            "Ba": 1.0021029118371265e-07
        }
    },
    "0.804 (m)": {
        "ion (g/m^2)": {
            "Ca": 0.19299264662731255,
            "Mg": 0.11703893099148738,
            "C": 0.05783663807691657,
            "O": 0.23113178430428344,
            "Ba": 0.0
        }
    },
    "0.889 (m)": {
        "ion (g/m^2)": {
            "Ca": 0.19846990037132645,
            "Mg": 0.12036057010142942,
            "C": 0.05947807855656195,
            "O": 0.23769145097068214,
            "Ba": 0.0
        }
    },
    "0.974 (m)": {
        "ion (g/m^2)": {
            "Ca": 0.20523591970216712,
            "Mg": 0.12446377135488725,
            "C": 0.06150574032553566,
            "O": 0.24579456861740995,
            "Ba": 0.0
        }
    }
}