{
    "1.27E-1 (m)": {
        "ion (g/m^2)": {
            "Ca": 0.0,
            "C": 0.01009756408718222,
            "O": 0.04061654985403543,
            "Fe": 0.046949675410150195,
            "Ba": 0.0005660431056053912,
            "S": 0.00013216754302676723
        }
    },
    "2.12E-1 (m)": {
        "ion (g/m^2)": {
            "Ca": 0.0,
            "C": 0.00955847442339015,
            "O": 0.038446837309406845,
            "Fe": 0.04444312189749331,
            "Ba": 0.000533092571391356,
            "S": 0.00012447379831834836
        }
    },
    "2.96E-1 (m)": {
        "ion (g/m^2)": {
            "Ca": 0.0,
            "C": 0.00901938475959808,
            "O": 0.036277398974083205,
            "Fe": 0.04193656838483641,
            "Ba": 0.0005007304395739998,
            "S": 0.00011691744190829409
        }
    },
    "3.81E-1 (m)": {
        "ion (g/m^2)": {
            "Ca": 0.0,
            "C": 0.00849066220472509,
            "O": 0.034150213205588885,
            "Fe": 0.039478217824346004,
            "Ba": 0.00047013351494668145,
            "S": 0.0001097732503933337
        }
    },
    "4.66E-1 (m)": {
        "ion (g/m^2)": {
            "Ca": 0.0,
            "C": 0.007961939649852099,
            "O": 0.03202330164639952,
            "Fe": 0.037019867263855595,
            "Ba": 0.0004401249927160422,
            "S": 0.00010276644717673792
        }
    },
    "5.50E-1 (m)": {
        "ion (g/m^2)": {
            "Ca": 0.0,
            "C": 0.007443584203898186,
            "O": 0.029938642654039473,
            "Fe": 0.03460971965553167,
            "Ba": 0.00041188167767544057,
            "S": 9.617180885523603e-05
        }
    },
    "6.35E-1 (m)": {
        "ion (g/m^2)": {
            "Ca": 0.0,
            "C": 0.006925228757944274,
            "O": 0.027854257870984375,
            "Fe": 0.032199572047207733,
            "Ba": 0.00038422676503151816,
            "S": 8.971455883209876e-05
        }
    },
    "7.20E-1 (m)": {
        "ion (g/m^2)": {
            "Ca": 0.24746699118466053,
            "C": 0.07634913948243957,
            "O": 0.305281685148321,
            "Fe": 0.010170822907126993,
            "Ba": 0.00036186747395770846,
            "S": 8.449380349424308e-05
        }
    },
    "8.04E-1 (m)": {
        "ion (g/m^2)": {
            "Ca": 0.374403942973556,
            "C": 0.11243994778612496,
            "O": 0.4494996577767515,
            "Fe": 0.0011038476046123609,
            "Ba": 0.00033774297569386124,
            "S": 7.886088326129355e-05
        }
    },
    "8.89E-1 (m)": {
        "ion (g/m^2)": {
            "Ca": 0.39722856837408294,
            "C": 0.11927180900437691,
            "O": 0.47678966831028774,
            "Fe": 0.001065285242879178,
            "Ba": 0.0003118532702399764,
            "S": 7.281579813325014e-05
        }
    }
}