{
    "1.27E-1 (m)": {
        "ion (g/m^2)": {
            "Ca": 2.7613484882540553,
            "S": 2.209257928935233,
            "O": 4.409393582810712
        },
        "total_moles": 9.38
    },
    "2.12E-1 (m)": {
        "ion (g/m^2)": {
            "Ca": 2.681864043496209,
            "S": 2.1456652166950927,
            "O": 4.282470739808697
        },
        "total_moles": 9.11
    },
    "2.96E-1 (m)": {
        "ion (g/m^2)": {
            "Ca": 2.602379598738363,
            "S": 2.082072504454953,
            "O": 4.1555478968066835
        },
        "total_moles": 8.84
    },
    "3.81E-1 (m)": {
        "ion (g/m^2)": {
            "Ca": 2.525839022304882,
            "S": 2.0208350778533366,
            "O": 4.033325899841781
        },
        "total_moles": 8.58
    },
    "4.66E-1 (m)": {
        "ion (g/m^2)": {
            "Ca": 2.4492984458714004,
            "S": 1.9595976512517206,
            "O": 3.911103902876879
        },
        "total_moles": 8.32
    },
    "5.50E-1 (m)": {
        "ion (g/m^2)": {
            "Ca": 2.3727578694379194,
            "S": 1.8983602246501043,
            "O": 3.7888819059119765
        },
        "total_moles": 8.06
    },
    "6.35E-1 (m)": {
        "ion (g/m^2)": {
            "Ca": 2.2991611613288025,
            "S": 1.8394780836870115,
            "O": 3.671360754984185
        },
        "total_moles": 7.81
    },
    "7.20E-1 (m)": {
        "ion (g/m^2)": {
            "Ca": 2.225564453219686,
            "S": 1.780595942723919,
            "O": 3.553839604056394
        },
        "total_moles": 7.56
    },
    "8.04E-1 (m)": {
        "ion (g/m^2)": {
            "Ca": 2.151967745110569,
            "S": 1.7217138017608264,
            "O": 3.4363184531286035
        },
        "total_moles": 7.31
    },
    "8.89E-1 (m)": {
        "ion (g/m^2)": {
            "Ca": 2.0813149053258178,
            "S": 1.6651869464362579,
            "O": 3.3234981482379244
        },
        "total_moles": 7.07
    }
}