{
    "1.27E-1 (m)": {
        "ion (g/m^2)": {
            "Ba": 102.38201702218095,
            "S": 23.905563915444386,
            "O": 47.724187876099684,
            "Ca": 0.009826837599554312,
            "Mg": 0.0059594113443077875,
            "C": 0.0029449373311284735,
            "Na": 409.10724799662984,
            "Cl": 630.8927520033701
        }
    },
    "2.12E-1 (m)": {
        "ion (g/m^2)": {
            "Ba": 88.26035950188012,
            "S": 20.608244754693438,
            "O": 41.14976281009236,
            "Ca": 0.015336310483238863,
            "Mg": 0.009300589507837728,
            "C": 0.0045960333430070605,
            "Na": 346.56104373560663,
            "Cl": 534.4389562643934
        }
    },
    "2.96E-1 (m)": {
        "ion (g/m^2)": {
            "Ba": 75.9039091716169,
            "S": 17.723090489036355,
            "O": 35.3971939334634,
            "Ca": 0.020201400573510015,
            "Mg": 0.012250986599609782,
            "C": 0.006054018710221485,
            "Na": 297.38949950524244,
            "Cl": 458.6105004947575
        }
    },
    "3.81E-1 (m)": {
        "ion (g/m^2)": {
            "Ba": 65.31266603139129,
            "S": 15.250101118473143,
            "O": 30.466635591310837,
            "Ca": 0.02455098442905045,
            "Mg": 0.014888758833975523,
            "C": 0.00735751556170458,
            "Na": 254.5119129363649,
            "Cl": 392.4880870636351
        }
    },
    "4.23E-2 (m)": {
        "ion (g/m^2)": {
            "Ba": 118.85728412919856,
            "S": 27.752436269653828,
            "O": 55.39471702271606,
            "Ca": 0.0037052010621270357,
            "Mg": 0.0022469911626078545,
            "C": 0.0011103862068189325,
            "Na": 479.91427168835423,
            "Cl": 740.0857283116457
        }
    },
    "4.66E-1 (m)": {
        "ion (g/m^2)": {
            "Ba": 55.60402648618447,
            "S": 12.983194195456864,
            "O": 25.946850998749422,
            "Ca": 0.028449500329201502,
            "Mg": 0.017252984318110745,
            "C": 0.008525834961922761,
            "Na": 216.74816696744523,
            "Cl": 334.2518330325547
        }
    },
    "5.50E-1 (m)": {
        "ion (g/m^2)": {
            "Ba": 47.42523317234358,
            "S": 11.073496848188606,
            "O": 22.13950897750546,
            "Ca": 0.031929167413633844,
            "Mg": 0.019363202105603335,
            "C": 0.009568632443109236,
            "Na": 183.3115168907976,
            "Cl": 282.68848310920237
        }
    },
    "6.35E-1 (m)": {
        "ion (g/m^2)": {
            "Ba": 40.30556417252525,
            "S": 9.41109843797667,
            "O": 18.825396428712043,
            "Ca": 0.03511886224103017,
            "Mg": 0.021297568410804883,
            "C": 0.01052453013419684,
            "Na": 153.8085903525791,
            "Cl": 237.19140964742087
        }
    },
    "7.20E-1 (m)": {
        "ion (g/m^2)": {
            "Ba": 34.127339007393644,
            "S": 7.968521305148129,
            "O": 15.949671491377932,
            "Ca": 0.038018584811390456,
            "Mg": 0.023056083233715375,
            "C": 0.01139352803518557,
            "Na": 127.45264264510391,
            "Cl": 196.54735735489606
        }
    },
    "8.04E-1 (m)": {
        "ion (g/m^2)": {
            "Ba": 28.83171743728084,
            "S": 6.732026619866523,
            "O": 13.484488785987923,
            "Ca": 0.04027392458833735,
            "Mg": 0.024423816984867983,
            "C": 0.012069415291510137,
            "Na": 106.99728024527242,
            "Cl": 165.00271975472756
        }
    },
    "8.89E-1 (m)": {
        "ion (g/m^2)": {
            "Ba": 24.183338503515152,
            "S": 5.646659062786002,
            "O": 11.320936316049705,
            "Ca": 0.04252926436528424,
            "Mg": 0.02579155073602059,
            "C": 0.012745302547834705,
            "Na": 88.9021519684984,
            "Cl": 137.09784803150157
        }
    }
}