elements,ppm
Mn,0.000341881536719463
Fe,0.007017509582140351
B,1.50159733774823
Cl,27658.88667655891
Na,18342.279622976366
S(6),10613.969277238231
Ca,864.7591811139358
K,336.2952370998639
Mg,1839.0098347720134
Sr,9.273257368534455
Ba,0.01228985916311795
Li,0.25473526265371754
Zn,0.0002346245840231609
Ni,0.00013407119087037765
Cu,0.00012289859163117951
Cd,0.0004133861718503311
Co,0.00014524379010957578
Pb,0.000402213572611133
