{
    "0.0423 (m)": {
        "ion (g/m^2)": {
            "Ca": 0.0,
            "C": 0.2830220734908363,
            "O": 1.131887381209661,
            "Fe": 1.315940594144867,
            "Ba": 0.0018240474297055223,
            "S": 0.000425903724930331
        }
    },
    "0.127 (m)": {
        "ion (g/m^2)": {
            "Ca": 0.0,
            "C": 0.008884612343650063,
            "O": 0.03576815016382576,
            "Fe": 0.04130993000667219,
            "Ba": 0.0005636894960186744,
            "S": 0.00013161798983330874
        }
    },
    "0.212 (m)": {
        "ion (g/m^2)": {
            "Ca": 0.0,
            "C": 0.008449193769048777,
            "O": 0.03401493068278125,
            "Fe": 0.03928540601568009,
            "Ba": 0.0005354461809780728,
            "S": 0.00012502335151180684
        }
    },
    "0.296 (m)": {
        "ion (g/m^2)": {
            "Ca": 0.0,
            "C": 0.00801377519444749,
            "O": 0.03226225962034665,
            "Fe": 0.03726088202468798,
            "Ba": 0.0005083796707308295,
            "S": 0.00011870348978703419
        }
    },
    "0.381 (m)": {
        "ion (g/m^2)": {
            "Ca": 0.0,
            "C": 0.0075783566198462035,
            "O": 0.030509862767217018,
            "Fe": 0.03523635803369589,
            "Ba": 0.0004819015628802654,
            "S": 0.00011252101636062615
        }
    },
    "0.466 (m)": {
        "ion (g/m^2)": {
            "Ca": 0.0,
            "C": 0.007142938045244917,
            "O": 0.028757740123392335,
            "Fe": 0.03321183404270379,
            "Ba": 0.0004560118574263806,
            "S": 0.00010647593123258274
        }
    },
    "0.55 (m)": {
        "ion (g/m^2)": {
            "Ca": 0.20101687633446536,
            "C": 0.06395278924749288,
            "O": 0.25577659242810996,
            "Fe": 0.017256656875599352,
            "Ba": 0.0004354177735426086,
            "S": 0.00010166734078982095
        }
    },
    "0.635 (m)": {
        "ion (g/m^2)": {
            "Ca": 0.4324665865363,
            "C": 0.12996474715071787,
            "O": 0.5195697008423661,
            "Fe": 0.0016822830306101046,
            "Ba": 0.0004148236896588366,
            "S": 9.685875034705914e-05
        }
    },
    "0.72 (m)": {
        "ion (g/m^2)": {
            "Ca": 0.4604968282562453,
            "C": 0.13837634120521491,
            "O": 0.5531733250297324,
            "Fe": 0.0017353062779932311,
            "Ba": 0.0003901107889983101,
            "S": 9.108844181574498e-05
        }
    },
    "0.804 (m)": {
        "ion (g/m^2)": {
            "Ca": 0.4885270699761907,
            "C": 0.14678586183792813,
            "O": 0.5867692116479257,
            "Fe": 0.0017786889349430618,
            "Ba": 0.0003665746931311421,
            "S": 8.559290988116007e-05
        }
    },
    "0.889 (m)": {
        "ion (g/m^2)": {
            "Ca": 0.5245659521875491,
            "C": 0.15759025326894927,
            "O": 0.6299356884524814,
            "Fe": 0.0017979701158096532,
            "Ba": 0.00034303859726397405,
            "S": 8.009737794657515e-05
        }
    },
    "0.974 (m)": {
        "ion (g/m^2)": {
            "Ca": 0.5646091546446138,
            "C": 0.16958223134565123,
            "O": 0.6778486503268595,
            "Fe": 0.0017594077540764705,
            "Ba": 0.00032067930619016446,
            "S": 7.487662260871948e-05
        }
    }
}