{
    "0.0423 (m)": {
        "ion (g/m^2)": {
            "Ca": 0.0,
            "C": 0.2726549645717581,
            "O": 1.0904711527604656,
            "Fe": 1.2677376419783881,
            "Ba": 0.0018534675495394826,
            "S": 0.00043277313984856216
        }
    },
    "0.127 (m)": {
        "ion (g/m^2)": {
            "Ca": 0.0,
            "C": 0.008615067511754029,
            "O": 0.034695907519539444,
            "Fe": 0.04005665325034375,
            "Ba": 0.0005742807391588999,
            "S": 0.00013409097920387194
        }
    },
    "0.212 (m)": {
        "ion (g/m^2)": {
            "Ca": 0.0,
            "C": 0.008179648937152742,
            "O": 0.032942413829189984,
            "Fe": 0.03803212925935165,
            "Ba": 0.0005454490217216191,
            "S": 0.00012735895258400543
        }
    },
    "0.296 (m)": {
        "ion (g/m^2)": {
            "Ca": 0.0,
            "C": 0.007754597471470535,
            "O": 0.031230624287059923,
            "Fe": 0.03605580822052602,
            "Ba": 0.0005172057066810175,
            "S": 0.00012076431426250354
        }
    },
    "0.381 (m)": {
        "ion (g/m^2)": {
            "Ca": 0.0,
            "C": 0.007319178896869246,
            "O": 0.02947767901532037,
            "Fe": 0.03403128422953392,
            "Ba": 0.000489550794037095,
            "S": 0.00011430706423936626
        }
    },
    "0.466 (m)": {
        "ion (g/m^2)": {
            "Ca": 0.0,
            "C": 0.0069044945401061176,
            "O": 0.02780814204001962,
            "Fe": 0.03210316614287478,
            "Ba": 0.00046307268618653107,
            "S": 0.00010812459081295823
        }
    },
    "0.55 (m)": {
        "ion (g/m^2)": {
            "Ca": 0.209425948850449,
            "C": 0.06621366859492174,
            "O": 0.26481473067121397,
            "Fe": 0.01605158307143739,
            "Ba": 0.0004418901999060798,
            "S": 0.00010317861207183181
        }
    },
    "0.635 (m)": {
        "ion (g/m^2)": {
            "Ca": 0.4364709067820065,
            "C": 0.1311523337963987,
            "O": 0.5243183795866282,
            "Fe": 0.0016244394880103304,
            "Ba": 0.00042070771362562857,
            "S": 9.823263333070539e-05
        }
    },
    "0.72 (m)": {
        "ion (g/m^2)": {
            "Ca": 0.4604968282562453,
            "C": 0.138363900674512,
            "O": 0.5531260769867796,
            "Fe": 0.0016774627353934566,
            "Ba": 0.0003954064105684229,
            "S": 9.23249365010266e-05
        }
    },
    "0.804 (m)": {
        "ion (g/m^2)": {
            "Ca": 0.4885270699761907,
            "C": 0.14677238459633332,
            "O": 0.5867172721924716,
            "Fe": 0.0017160250971266396,
            "Ba": 0.0003706935099078965,
            "S": 8.655462796971243e-05
        }
    },
    "0.889 (m)": {
        "ion (g/m^2)": {
            "Ca": 0.5245659521875491,
            "C": 0.15757573931646257,
            "O": 0.629879331793831,
            "Fe": 0.0017304859827765831,
            "Ba": 0.0003465690116440493,
            "S": 8.092170773676289e-05
        }
    },
    "0.974 (m)": {
        "ion (g/m^2)": {
            "Ca": 0.5646091546446138,
            "C": 0.16956771739316454,
            "O": 0.677792019458904,
            "Fe": 0.0016919236210434004,
            "Ba": 0.0003236213181735605,
            "S": 7.55635641005426e-05
        }
    }
}