Distance ($m$),Calcite (g/m^2),Siderite (g/m^2),Barite (g/m^2)
0.0423,0.0,31.0,0.0371
0.127,0.0,1.0,0.0118
0.212,0.0,0.973,0.0114
0.296,0.0,0.943,0.0111
0.381,0.0,0.912,0.0107
0.466,0.0,0.88,0.0104
0.55,6.86,0.464,0.0102
0.635,15.1,0.0467,0.00993
0.72,16.4,0.0495,0.00958
0.804,17.9,0.052,0.00923
0.889,19.6,0.0539,0.00887
0.974,21.7,0.0543,0.00852
