{
    "0.0423 (m)": {
        "ion (g/m^2)": {
            "Ca": 0.0,
            "S": 0.0,
            "O": 0.0,
            "H": 0.0
        }
    },
    "0.127 (m)": {
        "ion (g/m^2)": {
            "Ca": 0.0,
            "S": 0.0,
            "O": 0.0,
            "H": 0.0
        }
    },
    "0.212 (m)": {
        "ion (g/m^2)": {
            "Ca": 0.0,
            "S": 0.0,
            "O": 0.0,
            "H": 0.0
        }
    },
    "0.296 (m)": {
        "ion (g/m^2)": {
            "Ca": 0.0,
            "S": 0.0,
            "O": 0.0,
            "H": 0.0
        }
    },
    "0.381 (m)": {
        "ion (g/m^2)": {
            "Ca": 0.0,
            "S": 0.0,
            "O": 0.0,
            "H": 0.0
        }
    },
    "0.466 (m)": {
        "ion (g/m^2)": {
            "Ca": 0.0,
            "S": 0.0,
            "O": 0.0,
            "H": 0.0
        }
    },
    "0.55 (m)": {
        "ion (g/m^2)": {
            "Ca": 2.1422648295997537,
            "S": 1.7139508398901164,
            "O": 4.276030729414928,
            "H": 0.10775360109520313
        }
    },
    "0.635 (m)": {
        "ion (g/m^2)": {
            "Ca": 2.131865485766745,
            "S": 1.7056306901819118,
            "O": 4.2552732986896125,
            "H": 0.10723052536173126
        }
    },
    "0.72 (m)": {
        "ion (g/m^2)": {
            "Ca": 2.0798687666017024,
            "S": 1.6640299416408897,
            "O": 4.1514861450630365,
            "H": 0.10461514669437197
        }
    },
    "0.804 (m)": {
        "ion (g/m^2)": {
            "Ca": 2.030471883394912,
            "S": 1.6245092305269184,
            "O": 4.052888349117789,
            "H": 0.10213053696038063
        }
    },
    "0.889 (m)": {
        "ion (g/m^2)": {
            "Ca": 1.9810750001881217,
            "S": 1.5849885194129474,
            "O": 3.9542905531725423,
            "H": 0.0996459272263893
        }
    },
    "0.974 (m)": {
        "ion (g/m^2)": {
            "Ca": 1.931678116981331,
            "S": 1.5454678082989763,
            "O": 3.855692757227295,
            "H": 0.09716131749239797
        }
    }
}