{
    "1.27E-1 (m)": {
        "ion (g/m^2)": {
            "Ba": 0.0037657753387468854,
            "S": 0.0008792851095335867,
            "O": 0.048038436602293684,
            "Ca": 0.03864624079221536,
            "Mg": 0.02343672045647972,
            "C": 0.01158162593650035
        },
        "total_grams": 0.3514
    },
    "2.12E-1 (m)": {
        "ion (g/m^2)": {
            "Ba": 0.003565718523875957,
            "S": 0.0008325730880896149,
            "O": 0.04526210416031444,
            "Ca": 0.0364058790071594,
            "Mg": 0.022078069995234522,
            "C": 0.010910227331485839
        },
        "total_grams": 0.33106
    },
    "2.96E-1 (m)": {
        "ion (g/m^2)": {
            "Ba": 0.003400965852805781,
            "S": 0.0007941043645475204,
            "O": 0.04263637934054726,
            "Ca": 0.03427753531135624,
            "Mg": 0.02078735205705158,
            "C": 0.01027239865672205
        },
        "total_grams": 0.31178
    },
    "3.81E-1 (m)": {
        "ion (g/m^2)": {
            "Ba": 0.0032420972057023963,
            "S": 0.0007570095239890722,
            "O": 0.04014755167774435,
            "Ca": 0.032261209704805865,
            "Mg": 0.0195645666419309,
            "C": 0.009668139912208988
        },
        "total_grams": 0.29351
    },
    "4.66E-1 (m)": {
        "ion (g/m^2)": {
            "Ba": 0.0031008806304993882,
            "S": 0.0007240363323815628,
            "O": 0.03766695029409014,
            "Ca": 0.030244884098255504,
            "Mg": 0.018341781226810218,
            "C": 0.009063881167695928
        },
        "total_grams": 0.27527
    },
    "5.50E-1 (m)": {
        "ion (g/m^2)": {
            "Ba": 0.0029596640552963798,
            "S": 0.0006910631407740532,
            "O": 0.03585712423000945,
            "Ca": 0.028788648937969126,
            "Mg": 0.017458658427000836,
            "C": 0.008627472074436492
        },
        "total_grams": 0.26203
    },
    "6.35E-1 (m)": {
        "ion (g/m^2)": {
            "Ba": 0.002830215528026956,
            "S": 0.0006608377151338362,
            "O": 0.03821158933338384,
            "Ca": 0.030804974544519498,
            "Mg": 0.01868144384212152,
            "C": 0.009231730818949556
        },
        "total_grams": 0.27981
    },
    "7.20E-1 (m)": {
        "ion (g/m^2)": {
            "Ba": 0.0027066510247243237,
            "S": 0.0006319861724772654,
            "O": 0.03721491993194009,
            "Ca": 0.030020847919749908,
            "Mg": 0.018205916180685698,
            "C": 0.008996741307194476
        },
        "total_grams": 0.2726
    },
    "8.04E-1 (m)": {
        "ion (g/m^2)": {
            "Ba": 0.002588970545388484,
            "S": 0.0006045085128043408,
            "O": 0.03622099262354589,
            "Ca": 0.02923672129498032,
            "Mg": 0.01773038851924988,
            "C": 0.008761751795439397
        },
        "total_grams": 0.2654
    },
    "8.89E-1 (m)": {
        "ion (g/m^2)": {
            "Ba": 0.0024771740900194354,
            "S": 0.0005784047361150625,
            "O": 0.03522980740820126,
            "Ca": 0.028452594670210732,
            "Mg": 0.017254860857814056,
            "C": 0.008526762283684316
        },
        "total_grams": 0.25821
    }
}