{
    "0.0423 (m)": {
        "ion (g/m^2)": {
            "Ca": 24.646444884230174,
            "S": 19.718754808444544,
            "O": 49.19511081899698,
            "H": 1.2396894883283078
        }
    },
    "0.127 (m)": {
        "ion (g/m^2)": {
            "Ca": 2.495842519922043,
            "S": 1.9968359299690674,
            "O": 4.981783374075643,
            "H": 0.12553817603324635
        }
    },
    "0.212 (m)": {
        "ion (g/m^2)": {
            "Ca": 2.4386461288404964,
            "S": 1.9510751065739433,
            "O": 4.867617505086411,
            "H": 0.12266125949915115
        }
    },
    "0.296 (m)": {
        "ion (g/m^2)": {
            "Ca": 2.3814497377589494,
            "S": 1.9053142831788188,
            "O": 4.753451636097177,
            "H": 0.11978434296505591
        }
    },
    "0.381 (m)": {
        "ion (g/m^2)": {
            "Ca": 2.3242533466774025,
            "S": 1.859553459783694,
            "O": 4.639285767107943,
            "H": 0.11690742643096066
        }
    },
    "0.466 (m)": {
        "ion (g/m^2)": {
            "Ca": 2.269656791554108,
            "S": 1.815872673815621,
            "O": 4.530309255800039,
            "H": 0.11416127883023341
        }
    },
    "0.55 (m)": {
        "ion (g/m^2)": {
            "Ca": 2.215060236430813,
            "S": 1.7721918878475473,
            "O": 4.421332744492133,
            "H": 0.11141513122950614
        }
    },
    "0.635 (m)": {
        "ion (g/m^2)": {
            "Ca": 2.1604636813075184,
            "S": 1.7285111018794743,
            "O": 4.31235623318423,
            "H": 0.10866898362877889
        }
    },
    "0.72 (m)": {
        "ion (g/m^2)": {
            "Ca": 2.1058671261842234,
            "S": 1.6848303159114006,
            "O": 4.203379721876324,
            "H": 0.10592283602805161
        }
    },
    "0.804 (m)": {
        "ion (g/m^2)": {
            "Ca": 2.0538704070191813,
            "S": 1.6432295673703787,
            "O": 4.099592568249749,
            "H": 0.10330745736069233
        }
    },
    "0.889 (m)": {
        "ion (g/m^2)": {
            "Ca": 2.0018736878541388,
            "S": 1.6016288188293564,
            "O": 3.9958054146231725,
            "H": 0.10069207869333302
        }
    },
    "0.974 (m)": {
        "ion (g/m^2)": {
            "Ca": 1.949876968689096,
            "S": 1.560028070288334,
            "O": 3.8920182609965965,
            "H": 0.09807670002597373
        }
    }
}