elements,ppm
Ca,999.5047942331006
S(6),2467.527460762967
