{
    "0.0423 (m)": {
        "ion (g/m^2)": {
            "Ca": 0.0,
            "S": 0.0,
            "O": 0.0,
            "H": 0.0
        }
    },
    "0.127 (m)": {
        "ion (g/m^2)": {
            "Ca": 0.0,
            "S": 0.0,
            "O": 0.0,
            "H": 0.0
        }
    },
    "0.212 (m)": {
        "ion (g/m^2)": {
            "Ca": 0.0,
            "S": 0.0,
            "O": 0.0,
            "H": 0.0
        }
    },
    "0.296 (m)": {
        "ion (g/m^2)": {
            "Ca": 0.4601709646106267,
            "S": 0.36816662458804683,
            "O": 0.9185163095951968,
            "H": 0.0231461012061298
        }
    },
    "0.381 (m)": {
        "ion (g/m^2)": {
            "Ca": 2.859819554077341,
            "S": 2.2880411697562235,
            "O": 5.708293449461675,
            "H": 0.14384582670476145
        }
    },
    "0.466 (m)": {
        "ion (g/m^2)": {
            "Ca": 2.521840879504564,
            "S": 2.0176363042395784,
            "O": 5.033676950888931,
            "H": 0.126845865366926
        }
    },
    "0.55 (m)": {
        "ion (g/m^2)": {
            "Ca": 2.191661712806544,
            "S": 1.7534715510040875,
            "O": 4.374628525360174,
            "H": 0.11023821082919445
        }
    },
    "0.635 (m)": {
        "ion (g/m^2)": {
            "Ca": 1.8718818899415322,
            "S": 1.4976269474768007,
            "O": 3.736337530556733,
            "H": 0.09415363202493478
        }
    },
    "0.72 (m)": {
        "ion (g/m^2)": {
            "Ca": 1.5573017389930248,
            "S": 1.2459424188036161,
            "O": 3.1084252511159485,
            "H": 0.07833059108741101
        }
    },
    "0.804 (m)": {
        "ion (g/m^2)": {
            "Ca": 1.2531209318775258,
            "S": 1.0025780398386361,
            "O": 2.5012704024004795,
            "H": 0.06303062588335911
        }
    },
    "0.889 (m)": {
        "ion (g/m^2)": {
            "Ca": 0.9567396326367832,
            "S": 0.7654537731548093,
            "O": 1.909683626728997,
            "H": 0.04812296747941111
        }
    },
    "0.974 (m)": {
        "ion (g/m^2)": {
            "Ca": 0.6681578412707968,
            "S": 0.5345696187521358,
            "O": 1.3336649241015004,
            "H": 0.033607615875566994
        }
    }
}