{
    "1.27E-1 (m)": {
        "ion (g/m^2)": {
            "Ca": 2.4386461288404964,
            "S": 1.9510751065739433,
            "O": 4.867617505086411,
            "H": 0.12266125949915115
        }
    },
    "2.12E-1 (m)": {
        "ion (g/m^2)": {
            "Ca": 2.3684505579676887,
            "S": 1.894914096043563,
            "O": 4.727504847690533,
            "H": 0.11913049829821608
        }
    },
    "2.96E-1 (m)": {
        "ion (g/m^2)": {
            "Ca": 2.298254987094881,
            "S": 1.838753085513183,
            "O": 4.587392190294655,
            "H": 0.11559973709728102
        }
    },
    "3.81E-1 (m)": {
        "ion (g/m^2)": {
            "Ca": 2.2306592521803257,
            "S": 1.7846721124098541,
            "O": 4.452468890580107,
            "H": 0.11219974482971394
        }
    },
    "4.66E-1 (m)": {
        "ion (g/m^2)": {
            "Ca": 2.1630635172657704,
            "S": 1.7305911393065254,
            "O": 4.317545590865558,
            "H": 0.10879975256214686
        }
    },
    "5.50E-1 (m)": {
        "ion (g/m^2)": {
            "Ca": 2.095467782351215,
            "S": 1.6765101662031965,
            "O": 4.182622291151009,
            "H": 0.10539976029457976
        }
    },
    "6.35E-1 (m)": {
        "ion (g/m^2)": {
            "Ca": 2.030471883394912,
            "S": 1.6245092305269184,
            "O": 4.052888349117789,
            "H": 0.10213053696038063
        }
    },
    "7.20E-1 (m)": {
        "ion (g/m^2)": {
            "Ca": 1.9654759844386087,
            "S": 1.5725082948506406,
            "O": 3.9231544070845694,
            "H": 0.0988613136261815
        }
    },
    "8.04E-1 (m)": {
        "ion (g/m^2)": {
            "Ca": 1.9004800854823054,
            "S": 1.520507359174363,
            "O": 3.793420465051349,
            "H": 0.09559209029198239
        }
    },
    "8.89E-1 (m)": {
        "ion (g/m^2)": {
            "Ca": 1.8380840224842545,
            "S": 1.4705864609251362,
            "O": 3.6688758806994586,
            "H": 0.09245363589115123
        }
    }
}