{
    "35.9 (m)": {
        "ion (g/m^2)": {
            "Ba": 3.930528009817062e-06,
            "S": 0.0688482696220005,
            "O": 0.17110897382778212,
            "Sr": 0.00359194937353892,
            "K": 0.1646917189963299,
            "Ca": 0.42204614484101033,
            "H": 0.004245692811328389
        }
    },
    "38.9 (m)": {
        "ion (g/m^2)": {
            "Ba": 9.590959065870974e-06,
            "S": 0.17065229059990672,
            "O": 0.4241286805444358,
            "Sr": 0.008872544269299324,
            "K": 0.4082442852992458,
            "Ca": 1.04618451865063,
            "H": 0.0105243896774162
        }
    },
    "41.9 (m)": {
        "ion (g/m^2)": {
            "Ba": 1.529846231365922e-05,
            "S": 0.27223403619336406,
            "O": 0.676582517109057,
            "Sr": 0.014215151571243003,
            "K": 0.6511994209407482,
            "Ca": 1.6687918907256394,
            "H": 0.01678768499763462
        }
    },
    "44.9 (m)": {
        "ion (g/m^2)": {
            "Ba": 2.1005965561447467e-05,
            "S": 0.37298172457075474,
            "O": 0.9269642258803005,
            "Sr": 0.01951005702227647,
            "K": 0.8921631210442056,
            "Ca": 2.28629592368528,
            "H": 0.02299964183162175
        }
    },
    "47.9 (m)": {
        "ion (g/m^2)": {
            "Ba": 2.6654628569567797e-05,
            "S": 0.4745459996820652,
            "O": 1.1793831936182184,
            "Sr": 0.024804962473309936,
            "K": 1.1351182566857079,
            "Ca": 2.908903295760289,
            "H": 0.029262937151840168
        }
    },
    "50.8 (m)": {
        "ion (g/m^2)": {
            "Ba": 3.236213181735605e-05,
            "S": 0.5761102885322055,
            "O": 1.4318021887770669,
            "Sr": 0.030099867924343406,
            "K": 1.3780733923272102,
            "Ca": 3.531510667835298,
            "H": 0.03552623247205859
        }
    },
    "53.8 (m)": {
        "ion (g/m^2)": {
            "Ba": 3.801079482547637e-05,
            "S": 0.677674563643516,
            "O": 1.6842211565149847,
            "Sr": 0.03539477337537687,
            "K": 1.6210285279687127,
            "Ca": 4.1541180399103075,
            "H": 0.041789527792277015
        }
    },
    "56.8 (m)": {
        "ion (g/m^2)": {
            "Ba": 4.36594578335967e-05,
            "S": 0.7784396950253938,
            "O": 1.9346376792710704,
            "Sr": 0.04073738067732055,
            "K": 1.86199222807217,
            "Ca": 4.771622072869947,
            "H": 0.048001484626264135
        }
    },
    "59.8 (m)": {
        "ion (g/m^2)": {
            "Ba": 4.930812084171703e-05,
            "S": 0.8824537715549532,
            "O": 2.193168506171803,
            "Sr": 0.04603228612835402,
            "K": 2.1109216703278078,
            "Ca": 5.409539462291063,
            "H": 0.054418795405176454
        }
    },
    "62.8 (m)": {
        "ion (g/m^2)": {
            "Ba": 5.4956783849837354e-05,
            "S": 0.9824546726940324,
            "O": 2.4416522667576026,
            "Sr": 0.051517998983028335,
            "K": 2.34989393489322,
            "Ca": 6.021940156135336,
            "H": 0.060579413752932285
        }
    },
    "65.8 (m)": {
        "ion (g/m^2)": {
            "Ba": 6.060544685795768e-05,
            "S": 1.0823682901165266,
            "O": 2.689961820314538,
            "Sr": 0.05676520258315158,
            "K": 2.588866199458632,
            "Ca": 6.634340849979607,
            "H": 0.0667400321006881
        }
    },
    "68.8 (m)": {
        "ion (g/m^2)": {
            "Ba": 6.590106842807049e-05,
            "S": 1.1822818251060419,
            "O": 2.93827120934589,
            "Sr": 0.062012406183274846,
            "K": 2.827838464024044,
            "Ca": 7.246741543823877,
            "H": 0.07290065044844392
        }
    },
    "71.8 (m)": {
        "ion (g/m^2)": {
            "Ba": 7.178509239486249e-05,
            "S": 1.2821954974838552,
            "O": 3.1865808725865468,
            "Sr": 0.0672596097833981,
            "K": 3.0668107285894566,
            "Ca": 7.8591422376681495,
            "H": 0.07906126879619975
        }
    },
    "74.8 (m)": {
        "ion (g/m^2)": {
            "Ba": 7.766911636165452e-05,
            "S": 1.3821091698616688,
            "O": 3.434890535827204,
            "Sr": 0.07250681338352136,
            "K": 3.305782993154869,
            "Ca": 8.47154293151242,
            "H": 0.08522188714395558
        }
    },
    "77.8 (m)": {
        "ion (g/m^2)": {
            "Ba": 8.296473793176731e-05,
            "S": 1.4820227048511838,
            "O": 3.683199924858556,
            "Sr": 0.07775401698364462,
            "K": 3.544755257720281,
            "Ca": 9.083943625356692,
            "H": 0.09138250549171141
        }
    },
    "80.8 (m)": {
        "ion (g/m^2)": {
            "Ba": 8.884876189855933e-05,
            "S": 1.5902769493896642,
            "O": 3.9522308660329912,
            "Sr": 0.08347823909286997,
            "K": 3.803641877666144,
            "Ca": 9.747377710354654,
            "H": 0.09805650870178022
        }
    },
    "83.8 (m)": {
        "ion (g/m^2)": {
            "Ba": 9.414438346867214e-05,
            "S": 1.690190484379179,
            "O": 4.200540255064343,
            "Sr": 0.08872544269299323,
            "K": 4.042614142231557,
            "Ca": 10.359778404198924,
            "H": 0.10421712704953603
        }
    },
    "86.7 (m)": {
        "ion (g/m^2)": {
            "Ba": 0.00010002840743546415,
            "S": 1.7901041567569926,
            "O": 4.448849918305,
            "Sr": 0.0939726462931165,
            "K": 4.2815864067969684,
            "Ca": 10.972179098043195,
            "H": 0.11037774539729187
        }
    },
    "89.7 (m)": {
        "ion (g/m^2)": {
            "Ba": 0.00010532402900557694,
            "S": 1.8900176917465077,
            "O": 4.697159307336352,
            "Sr": 0.09921984989323974,
            "K": 4.52055867136238,
            "Ca": 11.584579791887466,
            "H": 0.11653836374504768
        }
    },
    "92.7 (m)": {
        "ion (g/m^2)": {
            "Ba": 0.00011120805297236896,
            "S": 1.9899313641243213,
            "O": 4.945468970577009,
            "Sr": 0.10446705349336301,
            "K": 4.759530935927792,
            "Ca": 12.196980485731737,
            "H": 0.1226989820928035
        }
    },
    "95.7 (m)": {
        "ion (g/m^2)": {
            "Ba": 0.00011650367454248175,
            "S": 2.0900194665470067,
            "O": 5.194126773666089,
            "Sr": 0.11019127560258839,
            "K": 4.9985032004932055,
            "Ca": 12.80938117957601,
            "H": 0.12885960044055933
        }
    },
    "98.7 (m)": {
        "ion (g/m^2)": {
            "Ba": 0.00012238769850927376,
            "S": 2.18993313892482,
            "O": 5.442436436906746,
            "Sr": 0.11543847920271164,
            "K": 5.237475465058617,
            "Ca": 13.421781873420281,
            "H": 0.13502021878831516
        }
    },
    "102.0 (m)": {
        "ion (g/m^2)": {
            "Ba": 0.00012768332007938657,
            "S": 2.289846673914335,
            "O": 5.690745825938099,
            "Sr": 0.12068568280283488,
            "K": 5.476447729624029,
            "Ca": 14.034182567264551,
            "H": 0.141180837136071
        }
    },
    "105.0 (m)": {
        "ion (g/m^2)": {
            "Ba": 0.00013356734404617858,
            "S": 2.3897603462921486,
            "O": 5.939055489178756,
            "Sr": 0.12593288640295816,
            "K": 5.715419994189442,
            "Ca": 14.646583261108823,
            "H": 0.1473414554838268
        }
    },
    "108.0 (m)": {
        "ion (g/m^2)": {
            "Ba": 0.0001388629656162914,
            "S": 2.4896738812816634,
            "O": 6.187364878210108,
            "Sr": 0.13118009000308142,