{
    "1.026E2 (m)": {
        "ion (g/m^2)": {
            "Ba": 0.00011114921273270103,
            "S": 1.967258561324988,
            "O": 4.88880817976664,
            "Sr": 0.10499177385337533,
            "K": 4.70377074086253,
            "Ca": 12.054086990501409,
            "H": 0.12126150447832716
        }
    },
    "1.066E2 (m)": {
        "ion (g/m^2)": {
            "Ba": 0.0001186807634101948,
            "S": 2.1005523637760204,
            "O": 5.220038563934234,
            "Sr": 0.11219475334081726,
            "K": 5.022400426949746,
            "Ca": 12.870621248960436,
            "H": 0.1294756622753349
        }
    },
    "1.105E2 (m)": {
        "ion (g/m^2)": {
            "Ba": 0.0001262123140876886,
            "S": 2.234645309956486,
            "O": 5.553271393083662,
            "Sr": 0.11935003097734896,
            "K": 5.343021548575007,
            "Ca": 13.692258846534832,
            "H": 0.13774115855857397
        }
    },
    "1.144E2 (m)": {
        "ion (g/m^2)": {
            "Ba": 0.0001336850245255144,
            "S": 2.3679390986686886,
            "O": 5.884501749830328,
            "Sr": 0.1265530104647909,
            "K": 5.661651234662224,
            "Ca": 14.508793104993861,
            "H": 0.14595531635558176
        }
    },
    "1.184E2 (m)": {
        "ion (g/m^2)": {
            "Ba": 0.0001412165752030082,
            "S": 2.5012154443764043,
            "O": 6.21569729259215,
            "Sr": 0.1337082881013226,
            "K": 5.98028092074944,
            "Ca": 15.32532736345289,
            "H": 0.15416947415258953
        }
    },
    "1.223E2 (m)": {
        "ion (g/m^2)": {
            "Ba": 0.00014868928564083406,
            "S": 2.6345092330886066,
            "O": 6.546927649338815,
            "Sr": 0.14091126758876452,
            "K": 6.298910606836656,
            "Ca": 16.141861621911918,
            "H": 0.1623836319495973
        }
    },
    "1.263E2 (m)": {
        "ion (g/m^2)": {
            "Ba": 0.00015622083631832781,
            "S": 2.767785578796322,
            "O": 6.878123192100637,
            "Sr": 0.14806654522529625,
            "K": 6.617540292923872,
            "Ca": 16.958395880370947,
            "H": 0.17059778974660503
        }
    },
    "1.302E2 (m)": {
        "ion (g/m^2)": {
            "Ba": 0.00016369354675615366,
            "S": 2.9010793675085247,
            "O": 7.209353548847303,
            "Sr": 0.15526952471273817,
            "K": 6.936169979011089,
            "Ca": 17.774930138829976,
            "H": 0.17881194754361282
        }
    },
    "1.342E2 (m)": {
        "ion (g/m^2)": {
            "Ba": 0.00017122509743364744,
            "S": 3.035189770432307,
            "O": 7.542621219402503,
            "Sr": 0.16247250420018008,
            "K": 7.25679110063635,
            "Ca": 18.59656773640437,
            "H": 0.18707744382685187
        }
    },
    "1.381E2 (m)": {
        "ion (g/m^2)": {
            "Ba": 0.00017875664811114122,
            "S": 3.1684661161400225,
            "O": 7.873816762164326,
            "Sr": 0.16962778183671182,
            "K": 7.575420786723566,
            "Ca": 19.4131019948634,
            "H": 0.19529160162385964
        }
    },
    "1.421E2 (m)": {
        "ion (g/m^2)": {
            "Ba": 0.00018622935854896704,
            "S": 3.3017599048522253,
            "O": 8.205047118910992,
            "Sr": 0.1768307613241537,
            "K": 7.8940504728107825,
            "Ca": 20.22963625332243,
            "H": 0.2035057594208674
        }
    },
    "1.460E2 (m)": {
        "ion (g/m^2)": {
            "Ba": 0.00019376090922646082,
            "S": 3.435036250559941,
            "O": 8.536242661672814,
            "Sr": 0.18398603896068544,
            "K": 8.212680158898,
            "Ca": 21.046170511781458,
            "H": 0.2117199172178752
        }
    },
    "1.500E2 (m)": {
        "ion (g/m^2)": {
            "Ba": 0.0002012336196642867,
            "S": 3.5683300392721438,
            "O": 8.867473018419481,
            "Sr": 0.19118901844812736,
            "K": 8.531309844985216,
            "Ca": 21.862704770240487,
            "H": 0.21993407501488296
        }
    },
    "1.539E2 (m)": {
        "ion (g/m^2)": {
            "Ba": 0.00020876517034178045,
            "S": 3.701623841723176,
            "O": 9.198703402587075,
            "Sr": 0.19839199793556928,
            "K": 8.849939531072431,
            "Ca": 22.679239028699513,
            "H": 0.2281482328118907
        }
    },
    "1.579E2 (m)": {
        "ion (g/m^2)": {
            "Ba": 0.0002162378807796063,
            "S": 3.834900173692062,
            "O": 9.529898917927968,
            "Sr": 0.205547275572101,
            "K": 9.168569217159646,
            "Ca": 23.495773287158542,
            "H": 0.23636239060889846
        }
    },
    "1.618E2 (m)": {
        "ion (g/m^2)": {
            "Ba": 0.00022376943145710005,
            "S": 3.9681939761430947,
            "O": 9.861129302095563,
            "Sr": 0.21275025505954293,
            "K": 9.487198903246863,
            "Ca": 24.31230754561757,
            "H": 0.24457654840590626
        }
    },
    "1.657E2 (m)": {
        "ion (g/m^2)": {
            "Ba": 0.00023130098213459385,
            "S": 4.10228692232356,
            "O": 10.19436213124499,
            "Sr": 0.21990553269607466,
            "K": 9.807820024872125,
            "Ca": 25.13394514319197,
            "H": 0.2528420446891453
        }
    },
    "1.697E2 (m)": {
        "ion (g/m^2)": {
            "Ba": 0.00023877369257241967,
            "S": 4.235580711035763,
            "O": 10.525592487991657,
            "Sr": 0.22710851218351658,
            "K": 10.126449710959342,
            "Ca": 25.950479401651,
            "H": 0.2610562024861531
        }
    },
    "1.736E2 (m)": {
        "ion (g/m^2)": {
            "Ba": 0.0002463052432499134,
            "S": 4.368874513486794,
            "O": 10.856822872159253,
            "Sr": 0.2343114916709585,
            "K": 10.445079397046559,
            "Ca": 26.767013660110027,
            "H": 0.26927036028316087
        }
    },
    "1.776E2 (m)": {
        "ion (g/m^2)": {
            "Ba": 0.0002537779536877393,
            "S": 4.502150845455681,
            "O": 11.188018387500142,
            "Sr": 0.2414667693074902,
            "K": 10.763709083133774,
            "Ca": 27.583547918569053,
            "H": 0.2774845180801686
        }
    },
    "1.815E2 (m)": {
        "ion (g/m^2)": {
            "Ba": 0.0002613095043652331,
            "S": 4.635444647906713,
            "O": 11.519248771667739,
            "Sr": 0.24866974879493212,
            "K": 11.08233876922099,
            "Ca": 28.400082177028082,
            "H": 0.28569867587717634
        }
    },
    "1.855E2 (m)": {
        "ion (g/m^2)": {
            "Ba": 0.00026884105504272686,
            "S": 4.768720993614429,
            "O": 11.850444314429561,
            "Sr": 0.2558250264314638,
            "K": 11.400968455308206,
            "Ca": 29.21661643548711,
            "H": 0.29391283367418414
        }
    },
    "1.894E2 (m)": {
        "ion (g/m^2)": {
            "Ba": 0.0002763137654805527,
            "S": 4.902014782326632,
            "O": 12.181674671176228,
            "Sr": 0.26302800591890574,
            "K": 11.719598141395423,
            "Ca": 30.03315069394614,
            "H": 0.30212699147119193
        }
    },
    "1.934E2 (m)": {
        "ion (g/m^2)": {
            "Ba": 0.0002838453161580465,
            "S": 5.036125185250413,
            "O": 12.514942341731428,
            "Sr": 0.2702309854063477,
            "K": 12.040219263020685,
            "Ca": 30.85478829152054,
            "H": 0.31039248775443096
        }
    },
    "1.973E2 (m)": {
        "ion (g/m^2)": {
            "Ba": 0.00029131802659587236,
            "S": 5.1694015172193,
            "O": 12.84613785707232,