elements,conc (input units)
Ca,26889.29485161898
Mg,12510.99135457272
Na,72825.17355646807
Sr,485.5011570431205
Cl,132579.16211562135
S(6),84029.0464113093
Fe,7.4692485698941615
