{
    "1.27E-1 (m)": {
        "ion (g/m^2)": {
            "Ca": 0.11921081678147855,
            "Mg": 0.07229449827520923,
            "C": 0.035725469262870006,
            "O": 0.14276921568044218,
            "K": 0.0,
            "S": 0.0,
            "H": 0.0
        },
        "total_grams": 0.37
    },
    "2.12E-1 (m)": {
        "ion (g/m^2)": {
            "Ca": 0.11759985979794504,
            "Mg": 0.0713175455958145,
            "C": 0.0352426926512096,
            "O": 0.1408399019550308,
            "K": 0.0,
            "S": 0.0,
            "H": 0.0
        },
        "total_grams": 0.365
    },
    "2.96E-1 (m)": {
        "ion (g/m^2)": {
            "Ca": 0.11566671141770485,
            "Mg": 0.07014520238054084,
            "C": 0.03466336071721711,
            "O": 0.13852472548453715,
            "K": 0.0,
            "S": 0.0,
            "H": 0.0
        },
        "total_grams": 0.359
    },
    "3.81E-1 (m)": {
        "ion (g/m^2)": {
            "Ca": 0.11373356303746467,
            "Mg": 0.06897285916526719,
            "C": 0.034084028783224626,
            "O": 0.1362095490140435,
            "K": 0.0,
            "S": 0.0,
            "H": 0.0
        },
        "total_grams": 0.353
    },
    "4.66E-1 (m)": {
        "ion (g/m^2)": {
            "Ca": 0.11212260605393116,
            "Mg": 0.06799590648587246,
            "C": 0.03360125217156422,
            "O": 0.13428023528863212,
            "K": 0.0,
            "S": 0.0,
            "H": 0.0
        },
        "total_grams": 0.348
    },
    "5.50E-1 (m)": {
        "ion (g/m^2)": {
            "Ca": 0.1082563092934508,
            "Mg": 0.06565122005532514,
            "C": 0.04913976762165363,
            "O": 0.15189212058368426,
            "K": 0.10870828946387265,
            "S": 0.04457650718393224,
            "H": 0.0056049205864303975
        },
        "total_grams": 0.7290000000000001
    },
    "6.35E-1 (m)": {
        "ion (g/m^2)": {
            "Ca": 0.08924701688775556,
            "Mg": 0.05412317843846746,
            "C": 0.20518896203639966,
            "O": 0.34458728978057873,
            "K": 1.1617679790032192,
            "S": 0.47639015311072624,
            "H": 0.05989991466414165
        },
        "total_grams": 4.477
    },
    "7.20E-1 (m)": {
        "ion (g/m^2)": {
            "Ca": 0.08763605990422207,
            "Mg": 0.053146225759072734,
            "C": 0.1987580808330588,
            "O": 0.334734532408741,
            "K": 1.1230423797031117,
            "S": 0.46051048134036865,
            "H": 0.05790325084200359
        },
        "total_grams": 4.332
    },
    "8.04E-1 (m)": {
        "ion (g/m^2)": {
            "Ca": 0.08699167711080867,
            "Mg": 0.05275544468731485,
            "C": 0.18411957332288503,
            "O": 0.3147201580629698,
            "K": 1.0289944956885655,
            "S": 0.4219455641837861,
            "H": 0.05305421013109689
        },
        "total_grams": 3.99
    },
    "8.89E-1 (m)": {
        "ion (g/m^2)": {
            "Ca": 0.08666948571410198,
            "Mg": 0.0525600541514359,
            "C": 0.1695776211350433,
            "O": 0.29509164646228087,
            "K": 0.9349466116740192,
            "S": 0.3833806470272035,
            "H": 0.04820516942019018
        },
        "total_grams": 3.649
    }
}