{
    "0.0423 (m)": {
        "ion (g/m^2)": {
            "Ca": 55.63911133049215,
            "S": 44.514898568097976,
            "O": 88.84599010140987
        }
    },
    "0.127 (m)": {
        "ion (g/m^2)": {
            "Ca": 2.0371568804603477,
            "S": 1.6298576618584022,
            "O": 3.25298545768125
        }
    },
    "0.212 (m)": {
        "ion (g/m^2)": {
            "Ca": 1.9900549872705129,
            "S": 1.592173091642023,
            "O": 3.1777719210874635
        }
    },
    "0.296 (m)": {
        "ion (g/m^2)": {
            "Ca": 1.942953094080678,
            "S": 1.5544885214256436,
            "O": 3.1025583844936775
        }
    },
    "0.381 (m)": {
        "ion (g/m^2)": {
            "Ca": 1.8958512008908437,
            "S": 1.5168039512092646,
            "O": 3.027344847899892
        }
    },
    "0.466 (m)": {
        "ion (g/m^2)": {
            "Ca": 1.848749307701009,
            "S": 1.4791193809928853,
            "O": 2.9521313113061054
        }
    },
    "0.55 (m)": {
        "ion (g/m^2)": {
            "Ca": 1.804591282835539,
            "S": 1.4437900964150296,
            "O": 2.881618620749431
        }
    },
    "0.635 (m)": {
        "ion (g/m^2)": {
            "Ca": 1.7604332579700692,
            "S": 1.4084608118371742,
            "O": 2.8111059301927566
        }
    },
    "0.72 (m)": {
        "ion (g/m^2)": {
            "Ca": 1.7133313647802346,
            "S": 1.370776241620795,
            "O": 2.7358923935989705
        }
    },
    "0.804 (m)": {
        "ion (g/m^2)": {
            "Ca": 1.6691733399147646,
            "S": 1.3354469570429393,
            "O": 2.6653797030422957
        }
    },
    "0.889 (m)": {
        "ion (g/m^2)": {
            "Ca": 1.6250153150492945,
            "S": 1.3001176724650838,
            "O": 2.5948670124856212
        }
    },
    "0.974 (m)": {
        "ion (g/m^2)": {
            "Ca": 1.5838011585081893,
            "S": 1.267143673525752,
            "O": 2.5290551679660584
        }
    }
}