{
    "0.0423 (m)": {
        "ion (g/m^2)": {
            "Ca": 55.63911133049215,
            "S": 44.514898568097976,
            "O": 88.84599010140987
        }
    },
    "0.127 (m)": {
        "ion (g/m^2)": {
            "Ca": 2.0459884854334414,
            "S": 1.6369235187739732,
            "O": 3.267087995792585
        }
    },
    "0.212 (m)": {
        "ion (g/m^2)": {
            "Ca": 1.9959427239192422,
            "S": 1.5968836629190704,
            "O": 3.1871736131616872
        }
    },
    "0.296 (m)": {
        "ion (g/m^2)": {
            "Ca": 1.9488408307294076,
            "S": 1.559199092702691,
            "O": 3.111960076567901
        }
    },
    "0.381 (m)": {
        "ion (g/m^2)": {
            "Ca": 1.8987950692152085,
            "S": 1.5191592368477882,
            "O": 3.032045693937003
        }
    },
    "0.466 (m)": {
        "ion (g/m^2)": {
            "Ca": 1.8516931760253736,
            "S": 1.481474666631409,
            "O": 2.956832157343217
        }
    },
    "0.55 (m)": {
        "ion (g/m^2)": {
            "Ca": 1.804591282835539,
            "S": 1.4437900964150296,
            "O": 2.881618620749431
        }
    },
    "0.635 (m)": {
        "ion (g/m^2)": {
            "Ca": 1.7574893896457044,
            "S": 1.4061055261986504,
            "O": 2.8064050841556445
        }
    },
    "0.72 (m)": {
        "ion (g/m^2)": {
            "Ca": 1.7103874964558696,
            "S": 1.368420955982271,
            "O": 2.7311915475618584
        }
    },
    "0.804 (m)": {
        "ion (g/m^2)": {
            "Ca": 1.6662294715903998,
            "S": 1.3330916714044156,
            "O": 2.6606788570051845
        }
    },
    "0.889 (m)": {
        "ion (g/m^2)": {
            "Ca": 1.6191275784005652,
            "S": 1.2954071011880364,
            "O": 2.585465320411398
        }
    },
    "0.974 (m)": {
        "ion (g/m^2)": {
            "Ca": 1.5749695535350952,
            "S": 1.2600778166101807,
            "O": 2.5149526298547236
        }
    }
}