{
    "1.27E-1 (m)": {
        "ion (g/m^2)": {
            "Ca": 1.9900549872705129,
            "S": 1.592173091642023,
            "O": 3.1777719210874635
        }
    },
    "2.12E-1 (m)": {
        "ion (g/m^2)": {
            "Ca": 1.9341214891075844,
            "S": 1.5474226645100726,
            "O": 3.088455846382343
        }
    },
    "2.96E-1 (m)": {
        "ion (g/m^2)": {
            "Ca": 1.875244122620291,
            "S": 1.5003169517395984,
            "O": 2.99443892564011
        }
    },
    "3.81E-1 (m)": {
        "ion (g/m^2)": {
            "Ca": 1.8193106244573622,
            "S": 1.4555665246076481,
            "O": 2.905122850934989
        }
    },
    "4.66E-1 (m)": {
        "ion (g/m^2)": {
            "Ca": 1.7633771262944338,
            "S": 1.4108160974756978,
            "O": 2.815806776229868
        }
    },
    "5.50E-1 (m)": {
        "ion (g/m^2)": {
            "Ca": 1.7103874964558696,
            "S": 1.368420955982271,
            "O": 2.7311915475618584
        }
    },
    "6.35E-1 (m)": {
        "ion (g/m^2)": {
            "Ca": 1.6544539982929412,
            "S": 1.3236705288503208,
            "O": 2.6418754728567375
        }
    },
    "7.20E-1 (m)": {
        "ion (g/m^2)": {
            "Ca": 1.6014643684543775,
            "S": 1.2812753873568943,
            "O": 2.5572602441887287
        }
    },
    "8.04E-1 (m)": {
        "ion (g/m^2)": {
            "Ca": 1.5484747386158133,
            "S": 1.2388802458634676,
            "O": 2.472645015520719
        }
    },
    "8.89E-1 (m)": {
        "ion (g/m^2)": {
            "Ca": 1.4954851087772494,
            "S": 1.1964851043700409,
            "O": 2.3880297868527096
        }
    }
}