elements,conc (input units)
Ca,807.8541460980482
Mg,375.8765818650641
Na,2187.9383123488806
Sr,14.586255415659204
Cl,3983.169748122321
S(6),2524.5442065564007
Fe,0.22440392947168009
