elements,conc (input units)
Ca,7513.702404553613
Mg,3495.9587576742506
Na,20349.61067899937
Sr,135.66407119332914
Cl,37046.727133562956
S(6),23480.32001423004
Fe,2.087139556820448
