elements,ppm
Ca,789.4849258725083
Mg,367.3297918990143
Na,2138.18834090471
Sr,14.254588939364734
Cl,3892.599287288062
S(6),2467.1403933515885
Fe,0.219301368297919
