{
    "0.0423 (m)": {
        "ion (g/m^2)": {
            "Ca": 21.162664700172325,
            "S": 16.931504656196054,
            "O": 42.2413715260164,
            "H": 1.064459117615235
        }
    },
    "0.127 (m)": {
        "ion (g/m^2)": {
            "Ca": 2.3476518703016716,
            "S": 1.878273796627154,
            "O": 4.685989986239902,
            "H": 0.11808434683127235
        }
    },
    "0.212 (m)": {
        "ion (g/m^2)": {
            "Ca": 2.290455479220125,
            "S": 1.8325129732320298,
            "O": 4.571824117250669,
            "H": 0.11520743029717714
        }
    },
    "0.296 (m)": {
        "ion (g/m^2)": {
            "Ca": 2.23585892409683,
            "S": 1.7888321872639563,
            "O": 4.462847605942764,
            "H": 0.11246128269644987
        }
    },
    "0.381 (m)": {
        "ion (g/m^2)": {
            "Ca": 2.1812623689735355,
            "S": 1.745151401295883,
            "O": 4.35387109463486,
            "H": 0.10971513509572262
        }
    },
    "0.466 (m)": {
        "ion (g/m^2)": {
            "Ca": 2.1266658138502406,
            "S": 1.7014706153278096,
            "O": 4.244894583326954,
            "H": 0.10696898749499534
        }
    },
    "0.55 (m)": {
        "ion (g/m^2)": {
            "Ca": 2.072069258726946,
            "S": 1.6577898293597364,
            "O": 4.13591807201905,
            "H": 0.10422283989426807
        }
    },
    "0.635 (m)": {
        "ion (g/m^2)": {
            "Ca": 2.0200725395619035,
            "S": 1.616189080818714,
            "O": 4.032130918392474,
            "H": 0.10160746122690877
        }
    },
    "0.72 (m)": {
        "ion (g/m^2)": {
            "Ca": 1.968075820396861,
            "S": 1.574588332277692,
            "O": 3.9283437647658985,
            "H": 0.09899208255954949
        }
    },
    "0.804 (m)": {
        "ion (g/m^2)": {
            "Ca": 1.9160791012318183,
            "S": 1.5329875837366695,
            "O": 3.8245566111393225,
            "H": 0.09637670389219018
        }
    },
    "0.889 (m)": {
        "ion (g/m^2)": {
            "Ca": 1.8640823820667758,
            "S": 1.4913868351956474,
            "O": 3.7207694575127466,
            "H": 0.09376132522483088
        }
    },
    "0.974 (m)": {
        "ion (g/m^2)": {
            "Ca": 1.8146854988599854,
            "S": 1.4518661240816764,
            "O": 3.6221716615674997,
            "H": 0.09127671549083954
        }
    }
}