elements,ppm
Ca,894.1570675979364
S(6),2207.4502606324054
