{
    "0.0423 (m)": {
        "ion (g/m^2)": {
            "Ca": 64.9958989563032,
            "S": 52.000935676277805,
            "O": 129.7339420332199,
            "H": 3.269223334199124
        }
    },
    "0.127 (m)": {
        "ion (g/m^2)": {
            "Ca": 1.7028925526551437,
            "S": 1.3624245147184784,
            "O": 3.399029281270361,
            "H": 0.08565365135601705
        }
    },
    "0.212 (m)": {
        "ion (g/m^2)": {
            "Ca": 1.663895013281362,
            "S": 1.331223953312712,
            "O": 3.3211889160504295,
            "H": 0.08369211735549759
        }
    },
    "0.296 (m)": {
        "ion (g/m^2)": {
            "Ca": 1.622297637949328,
            "S": 1.297943354479894,
            "O": 3.2381591931491687,
            "H": 0.08159981442161014
        }
    },
    "0.381 (m)": {
        "ion (g/m^2)": {
            "Ca": 1.5833000985755459,
            "S": 1.2667427930741273,
            "O": 3.1603188279292365,
            "H": 0.07963828042109065
        }
    },
    "0.466 (m)": {
        "ion (g/m^2)": {
            "Ca": 1.544302559201764,
            "S": 1.2355422316683606,
            "O": 3.0824784627093047,
            "H": 0.0776767464205712
        }
    },
    "0.55 (m)": {
        "ion (g/m^2)": {
            "Ca": 1.5079048557862342,
            "S": 1.206421707689645,
            "O": 3.009827455170701,
            "H": 0.07584598135341968
        }
    },
    "0.635 (m)": {
        "ion (g/m^2)": {
            "Ca": 1.4689073164124524,
            "S": 1.1752211462838784,
            "O": 2.93198708995077,
            "H": 0.0738844473529002
        }
    },
    "0.72 (m)": {
        "ion (g/m^2)": {
            "Ca": 1.4325096129969224,
            "S": 1.1461006223051626,
            "O": 2.8593360824121663,
            "H": 0.0720536822857487
        }
    },
    "0.804 (m)": {
        "ion (g/m^2)": {
            "Ca": 1.3961119095813928,
            "S": 1.1169800983264473,
            "O": 2.786685074873563,
            "H": 0.07022291721859719
        }
    },
    "0.889 (m)": {
        "ion (g/m^2)": {
            "Ca": 1.3571143702076107,
            "S": 1.0857795369206804,
            "O": 2.708844709653631,
            "H": 0.0682613832180777
        }
    },
    "0.974 (m)": {
        "ion (g/m^2)": {
            "Ca": 1.323316502750333,
            "S": 1.058739050369016,
            "O": 2.641383059796357,
            "H": 0.06656138708429417
        }
    }
}