elements,ppm
Mn,3748.1429783741273
Fe,33.2335344082506
B,24.987619855827514
Cl,102324.30330961366
Na,40979.696563557125
S(6),56.22214467561191
Ca,10977.061402665027
K,437.2833474769815
Mg,1050.729414937547
Sr,3017.255097591172
Ba,1201.9045150653035
Li,118.6911943151807
