elements,ppm
Mn,3353.0890034922613
Fe,29.730722497631387
B,22.35392668994841
Cl,91539.32979533874
Na,36660.43977151539
S(6),50.296335052383924
Ca,9820.079994894337
K,391.19371707409715
Mg,939.9826173123306
Sr,2699.2366478112704
Ba,1075.2238737865184
Li,106.18115177725494
