{
    "0.0423 (m)": {
        "ion (g/m^2)": {
            "Ba": 20.770604602775787,
            "S": 4.849806932271188,
            "O": 15.338458506886582,
            "Ca": 4.725097889933648,
            "C": 1.4160320681327927
        }
    },
    "0.127 (m)": {
        "ion (g/m^2)": {
            "Ba": 0.00152396220739913,
            "S": 0.0003558356927643733,
            "O": 0.04593320590952586,
            "Ca": 0.03776073991701212,
            "C": 0.011316256273298502
        }
    },
    "0.212 (m)": {
        "ion (g/m^2)": {
            "Ba": 0.0014768900156647941,
            "S": 0.0003448446288952035,
            "O": 0.045335790855780204,
            "Ca": 0.03728022148752734,
            "C": 0.011172253012132457
        }
    },
    "0.296 (m)": {
        "ion (g/m^2)": {
            "Ba": 0.00143570184789725,
            "S": 0.00033522744800967987,
            "O": 0.044693161369305,
            "Ca": 0.0367596598555855,
            "C": 0.011016249479202574
        }
    },
    "0.381 (m)": {
        "ion (g/m^2)": {
            "Ba": 0.0013886296561629139,
            "S": 0.0003242363841405101,
            "O": 0.04409574631555933,
            "Ca": 0.03627914142610072,
            "C": 0.010872246218036527
        }
    },
    "0.466 (m)": {
        "ion (g/m^2)": {
            "Ba": 0.0013474414883953697,
            "S": 0.00031461920325498644,
            "O": 0.04345311682908412,
            "Ca": 0.03575857979415888,
            "C": 0.010716242685106642
        }
    },
    "0.55 (m)": {
        "ion (g/m^2)": {
            "Ba": 0.0013003692966610339,
            "S": 0.00030362813938581665,
            "O": 0.042807745249559354,
            "Ca": 0.035238018162217034,
            "C": 0.010560239152176758
        }
    },
    "0.635 (m)": {
        "ion (g/m^2)": {
            "Ba": 0.0012591811288934897,
            "S": 0.000294010958500293,
            "O": 0.04216511576308414,
            "Ca": 0.03471745653027519,
            "C": 0.010404235619246874
        }
    },
    "0.72 (m)": {
        "ion (g/m^2)": {
            "Ba": 0.0012179929611259455,
            "S": 0.00028439377761476937,
            "O": 0.04152248627660894,
            "Ca": 0.03419689489833335,
            "C": 0.010248232086316991
        }
    },
    "0.804 (m)": {
        "ion (g/m^2)": {
            "Ba": 0.0011768047933584016,
            "S": 0.00027477659672924584,
            "O": 0.04083190026435464,
            "Ca": 0.03363629006393445,
            "C": 0.01008022828162327
        }
    },
    "0.889 (m)": {
        "ion (g/m^2)": {
            "Ba": 0.0011356166255908576,
            "S": 0.0002651594158437222,
            "O": 0.04014131425210034,
            "Ca": 0.03307568522953554,
            "C": 0.009912224476929549
        }
    },
    "0.974 (m)": {
        "ion (g/m^2)": {
            "Ba": 0.0010944284578233135,
            "S": 0.0002555422349581986,
            "O": 0.03945072823984603,
            "Ca": 0.03251508039513663,
            "C": 0.009744220672235826
        }
    }
}