{
    "0.0423 (m)": {
        "ion (g/m^2)": {
            "Ba": 20.770604602775787,
            "S": 4.849806932271188,
            "O": 15.338458506886582,
            "Ca": 4.725097889933648,
            "C": 1.4160320681327927
        }
    },
    "0.127 (m)": {
        "ion (g/m^2)": {
            "Ba": 0.0015180781834323379,
            "S": 0.0003544618097807271,
            "O": 0.04573863771335991,
            "Ca": 0.03760056710718386,
            "C": 0.011268255186243154
        }
    },
    "0.212 (m)": {
        "ion (g/m^2)": {
            "Ba": 0.0014768900156647941,
            "S": 0.0003448446288952035,
            "O": 0.045143964752663815,
            "Ca": 0.03712004867769909,
            "C": 0.011124251925077109
        }
    },
    "0.296 (m)": {
        "ion (g/m^2)": {
            "Ba": 0.0014298178239304578,
            "S": 0.00033385356502603367,
            "O": 0.04459450622469724,
            "Ca": 0.03667957345067137,
            "C": 0.010992248935674898
        }
    },
    "0.381 (m)": {
        "ion (g/m^2)": {
            "Ba": 0.0013886296561629139,
            "S": 0.0003242363841405101,
            "O": 0.04399983326400112,
            "Ca": 0.03619905502118659,
            "C": 0.010848245674508851
        }
    },
    "0.466 (m)": {
        "ion (g/m^2)": {
            "Ba": 0.0013415574644285778,
            "S": 0.00031324532027134024,
            "O": 0.043402418210255464,
            "Ca": 0.035718536591701815,
            "C": 0.010704242413342805
        }
    },
    "0.55 (m)": {
        "ion (g/m^2)": {
            "Ba": 0.0013003692966610339,
            "S": 0.00030362813938581665,
            "O": 0.042807745249559354,
            "Ca": 0.035238018162217034,
            "C": 0.010560239152176758
        }
    },
    "0.635 (m)": {
        "ion (g/m^2)": {
            "Ba": 0.0012591811288934897,
            "S": 0.000294010958500293,
            "O": 0.04221307228886324,
            "Ca": 0.03475749973273226,
            "C": 0.010416235891010713
        }
    },
    "0.72 (m)": {
        "ion (g/m^2)": {
            "Ba": 0.0012179929611259455,
            "S": 0.00028439377761476937,
            "O": 0.041570442802388044,
            "Ca": 0.03423693810079042,
            "C": 0.010260232358080828
        }
    },
    "0.804 (m)": {
        "ion (g/m^2)": {
            "Ba": 0.0011826888173251937,
            "S": 0.00027615047971289204,
            "O": 0.04093055540896239,
            "Ca": 0.03371637646884857,
            "C": 0.010104228825150944
        }
    },
    "0.889 (m)": {
        "ion (g/m^2)": {
            "Ba": 0.0011415006495576496,
            "S": 0.00026653329882736845,
            "O": 0.04028792592248719,
            "Ca": 0.03319581483690673,
            "C": 0.00994822529222106
        }
    },
    "0.974 (m)": {
        "ion (g/m^2)": {
            "Ba": 0.0011003124817901054,
            "S": 0.0002569161179418448,
            "O": 0.03964529643601199,
            "Ca": 0.032675253204964894,
            "C": 0.009792221759291177
        }
    }
}