elements,ppm
Mn,12.428783239611315
Fe,4.135476437640456
B,3.096018846557855
Cl,154364.25837000457
Na,87627.39262459776
S(6),1363.5895280868529
Ca,6661.470153604626
K,412.4299474295481
Mg,1475.359161536595
Sr,111.21078528249333
Ba,1075.2238737865184
Li,33.89972982530676
