{
    "0.0423 (m)": {
        "ion (g/m^2)": {
            "Ba": 350.68782842080367,
            "S": 81.88342582531526,
            "O": 167.827581047819,
            "Ca": 3.672981922456366,
            "Mg": 2.22745210901996,
            "C": 1.1007306745857246
        }
    },
    "0.127 (m)": {
        "ion (g/m^2)": {
            "Ba": 0.0030949966065325963,
            "S": 0.0007226624493979164,
            "O": 0.08980490956791073,
            "Ca": 0.07378182984583402,
            "Mg": 0.04474443271627815,
            "C": 0.022111168814046574
        }
    },
    "0.212 (m)": {
        "ion (g/m^2)": {
            "Ba": 0.0029243599114956277,
            "S": 0.0006828198428721758,
            "O": 0.08586676141865068,
            "Ca": 0.07055991587876703,
            "Mg": 0.04279052735748871,
            "C": 0.02114561559072576
        }
    },
    "0.296 (m)": {
        "ion (g/m^2)": {
            "Ba": 0.0027772593123258278,
            "S": 0.0006484727682810202,
            "O": 0.08193958164158886,
            "Ca": 0.06733800191170004,
            "Mg": 0.040836621998699266,
            "C": 0.02018006236740495
        }
    },
    "0.381 (m)": {
        "ion (g/m^2)": {
            "Ba": 0.0026419267610896116,
            "S": 0.0006168734596571568,
            "O": 0.07840374879570848,
            "Ca": 0.06443827934133976,
            "Mg": 0.03907810717578877,
            "C": 0.01931106446641622
        }
    },
    "0.466 (m)": {
        "ion (g/m^2)": {
            "Ba": 0.0025124782338201875,
            "S": 0.0005866480340169398,
            "O": 0.0752565207879599,
            "Ca": 0.061860748167686164,
            "Mg": 0.03751498288875722,
            "C": 0.018538621887759572
        }
    },
    "0.55 (m)": {
        "ion (g/m^2)": {
            "Ba": 0.0023830297065507633,
            "S": 0.0005564226083767227,
            "O": 0.0724951555252936,
            "Ca": 0.05960540839073927,
            "Mg": 0.036147249137604615,
            "C": 0.017862734631435003
        }
    },
    "0.635 (m)": {
        "ion (g/m^2)": {
            "Ba": 0.002259465203248131,
            "S": 0.000527571065720152,
            "O": 0.0759103362769933,
            "Ca": 0.06250513096109957,
            "Mg": 0.037905763960515114,
            "C": 0.018731732532423735
        }
    },
    "0.72 (m)": {
        "ion (g/m^2)": {
            "Ba": 0.002141784723912291,
            "S": 0.0005000934060472274,
            "O": 0.07431204343567296,
            "Ca": 0.06121636537427277,
            "Mg": 0.03712420181699933,
            "C": 0.01834551124309541
        }
    },
    "0.804 (m)": {
        "ion (g/m^2)": {
            "Ba": 0.0020299882685432427,
            "S": 0.000473989629357949,
            "O": 0.07310235543248446,
            "Ca": 0.06024979118415267,
            "Mg": 0.036538030209362506,
            "C": 0.018055845276099165
        }
    },
    "0.889 (m)": {
        "ion (g/m^2)": {
            "Ba": 0.0019181918131741945,
            "S": 0.00044788585266867067,
            "O": 0.07150680468421368,
            "Ca": 0.058961025597325877,
            "Mg": 0.035756468065846723,
            "C": 0.01766962398677084
        }
    },
    "0.974 (m)": {
        "ion (g/m^2)": {
            "Ba": 0.0018063953578051463,
            "S": 0.0004217820759793923,
            "O": 0.06991125393594289,
            "Ca": 0.05767226001049908,
            "Mg": 0.03497490592233095,
            "C": 0.017283402697442517
        }
    }
}