elements,conc (input units)
Mn,0.0003420262528394234
Fe,0.007020480046027511
B,1.5022329536476635
Cl,27670.594494420802
Na,18350.04378469079
S,10618.462097955955
Ca,865.1252277703062
K,336.43758857734133
Mg,1839.7882750774213
Sr,9.277182675056256
Ba,0.012295061376580579
Li,0.25484309035094294
