{
    "0.0423 (m)": {
        "ion (g/m^2)": {
            "Ca": 21.457947020666136,
            "Mg": 13.013009689537661,
            "C": 6.43287904924518,
            "O": 25.707628629595273,
            "Ba": 0.026235610955735882
        }
    },
    "0.127 (m)": {
        "ion (g/m^2)": {
            "Ca": 2.0040304875156663,
            "Mg": 1.2153291331670308,
            "C": 0.6005877993600254,
            "O": 2.4001210013773027,
            "Ba": 0.00015657857997455101
        }
    },
    "0.212 (m)": {
        "ion (g/m^2)": {
            "Ca": 2.081356422725274,
            "Mg": 1.2622228617779774,
            "C": 0.6237603463488192,
            "O": 2.492725141425553,
            "Ba": 0.00014822772237590832
        }
    },
    "0.296 (m)": {
        "ion (g/m^2)": {
            "Ca": 2.161904271901949,
            "Mg": 1.3110704957477133,
            "C": 0.6478982031039653,
            "O": 2.5891869360007944,
            "Ba": 0.00013709324557771802
        }
    },
    "0.381 (m)": {
        "ion (g/m^2)": {
            "Ca": 2.2456740350456905,
            "Mg": 1.3618720350762388,
            "C": 0.6730013696254635,
            "O": 2.6895063851030265,
            "Ba": 0.00012317514957998013
        }
    },
    "0.466 (m)": {
        "ion (g/m^2)": {
            "Ca": 2.339109540090633,
            "Mg": 1.4185352904811324,
            "C": 0.7010007697672294,
            "O": 2.8014000139410213,
            "Ba": 0.000104385719983034
        }
    },
    "0.55 (m)": {
        "ion (g/m^2)": {
            "Ca": 2.442210787036777,
            "Mg": 1.4810602619623945,
            "C": 0.7318962818007784,
            "O": 2.9248673360528628,
            "Ba": 7.933314718710585e-05
        }
    },
    "0.635 (m)": {
        "ion (g/m^2)": {
            "Ca": 2.554977775884121,
            "Mg": 1.5494469495200247,
            "C": 0.765687747479081,
            "O": 3.0599077190380597,
            "Ba": 4.620807871248973e-05
        }
    },
    "0.72 (m)": {
        "ion (g/m^2)": {
            "Ca": 2.680632420599734,
            "Mg": 1.625649258512813,
            "C": 0.8033404741339198,
            "O": 3.2103788076943656,
            "Ba": 2.1990591676425834e-06
        }
    },
    "0.804 (m)": {
        "ion (g/m^2)": {
            "Ca": 2.8223966351506813,
            "Mg": 1.7116210942995482,
            "C": 0.8458246236290304,
            "O": 3.3801576469207393,
            "Ba": 0.0
        }
    },
    "0.889 (m)": {
        "ion (g/m^2)": {
            "Ca": 2.9834923335040306,
            "Mg": 1.8093163622390203,
            "C": 0.8941022847950709,
            "O": 3.5730890194618774,
            "Ba": 0.0
        }
    },
    "0.974 (m)": {
        "ion (g/m^2)": {
            "Ca": 3.173585257560983,
            "Mg": 1.924596778407597,
            "C": 0.9510699249709987,
            "O": 3.8007480390604202,
            "Ba": 0.0
        }
    }
}