{
    "1.27E-1 (m)": {
        "ion (g/m^2)": {
            "Ca": 2.8261135913900772,
            "S": 2.2610742129827544,
            "O": 4.512812195627167
        },
        "total_moles": 9.6
    },
    "2.12E-1 (m)": {
        "ion (g/m^2)": {
            "Ca": 2.743685278307867,
            "S": 2.1951262151040907,
            "O": 4.381188506588042
        },
        "total_moles": 9.32
    },
    "2.96E-1 (m)": {
        "ion (g/m^2)": {
            "Ca": 2.664200833550021,
            "S": 2.131533502863951,
            "O": 4.254265663586028
        },
        "total_moles": 9.05
    },
    "3.81E-1 (m)": {
        "ion (g/m^2)": {
            "Ca": 2.5847163887921747,
            "S": 2.0679407906238105,
            "O": 4.127342820584014
        },
        "total_moles": 8.78
    },
    "4.66E-1 (m)": {
        "ion (g/m^2)": {
            "Ca": 2.5081758123586937,
            "S": 2.0067033640221945,
            "O": 4.005120823619111
        },
        "total_moles": 8.52
    },
    "5.50E-1 (m)": {
        "ion (g/m^2)": {
            "Ca": 2.4316352359252122,
            "S": 1.9454659374205783,
            "O": 3.8828988266542086
        },
        "total_moles": 8.26
    },
    "6.35E-1 (m)": {
        "ion (g/m^2)": {
            "Ca": 2.3550946594917312,
            "S": 1.884228510818962,
            "O": 3.7606768296893063
        },
        "total_moles": 8.0
    },
    "7.20E-1 (m)": {
        "ion (g/m^2)": {
            "Ca": 2.2785540830582502,
            "S": 1.8229910842173458,
            "O": 3.638454832724404
        },
        "total_moles": 7.74
    },
    "8.04E-1 (m)": {
        "ion (g/m^2)": {
            "Ca": 2.2049573749491334,
            "S": 1.7641089432542532,
            "O": 3.5209336817966133
        },
        "total_moles": 7.49
    },
    "8.89E-1 (m)": {
        "ion (g/m^2)": {
            "Ca": 2.131360666840017,
            "S": 1.7052268022911607,
            "O": 3.403412530868822
        },
        "total_moles": 7.24
    }
}