{
    "1.00707 (m)": {
        "ion (g/m^2)": {
            "Ca": 0.0,
            "S": 0.0,
            "O": 0.0
        },
        "total_grams": 0.0
    },
    "1.01424 (m)": {
        "ion (g/m^2)": {
            "Ca": 0.0,
            "S": 0.0,
            "O": 0.0
        },
        "total_grams": 0.0
    },
    "1.02152 (m)": {
        "ion (g/m^2)": {
            "Ca": 0.0,
            "S": 0.0,
            "O": 0.0
        },
        "total_grams": 0.0
    },
    "1.0289 (m)": {
        "ion (g/m^2)": {
            "Ca": 0.0,
            "S": 0.0,
            "O": 0.0
        },
        "total_grams": 0.0
    },
    "1.03639 (m)": {
        "ion (g/m^2)": {
            "Ca": 0.0,
            "S": 0.0,
            "O": 0.0
        },
        "total_grams": 0.0
    },
    "1.04399 (m)": {
        "ion (g/m^2)": {
            "Ca": 0.0,
            "S": 0.0,
            "O": 0.0
        },
        "total_grams": 0.0
    },
    "1.0517 (m)": {
        "ion (g/m^2)": {
            "Ca": 0.0,
            "S": 0.0,
            "O": 0.0
        },
        "total_grams": 0.0
    },
    "1.05953 (m)": {
        "ion (g/m^2)": {
            "Ca": 0.04047980032893769,
            "S": 0.03238646632934246,
            "O": 0.06463920528796903
        },
        "total_grams": 0.13750547194624918
    },
    "1.06747 (m)": {
        "ion (g/m^2)": {
            "Ca": 0.17571364299819595,
            "S": 0.1405823135569927,
            "O": 0.28058414689209404
        },
        "total_grams": 0.5968801034472827
    },
    "1.07554 (m)": {
        "ion (g/m^2)": {
            "Ca": 0.3111349680882258,
            "S": 0.2489281588839004,
            "O": 0.49682846533567143
        },
        "total_grams": 1.0568915923077977
    },
    "1.08373 (m)": {
        "ion (g/m^2)": {
            "Ca": 0.44674610257362546,
            "S": 0.35742586404070315,
            "O": 0.7133758763926806
        },
        "total_grams": 1.5175478430070093
    },
    "1.09205 (m)": {
        "ion (g/m^2)": {
            "Ca": 0.5825494201466533,
            "S": 0.4660773281351973,
            "O": 0.9302301704370841
        },
        "total_grams": 1.9788569187189349
    },
    "1.1005 (m)": {
        "ion (g/m^2)": {
            "Ca": 0.7185473420699019,
            "S": 0.5748844883345328,
            "O": 1.1473952138044001
        },
        "total_grams": 2.440827044208835
    },
    "1.10908 (m)": {
        "ion (g/m^2)": {
            "Ca": 0.8547423382552534,
            "S": 0.6838493207284471,
            "O": 1.3648749505146067
        },
        "total_grams": 2.9034666094983073
    },
    "1.11779 (m)": {
        "ion (g/m^2)": {
            "Ca": 0.9911369283611675,
            "S": 0.792973841207167,
            "O": 1.5826734040243189
        },
        "total_grams": 3.3667841735926536
    }
}