{
    "0.0423 (m)": {
        "ion (g/m^2)": {
            "Ca": 1.8203813913928482,
            "Mg": 1.1039565277160328,
            "C": 0.5457323367510979,
            "O": 2.180902848780383,
            "Ba": 0.0022268953596380594
        }
    },
    "0.127 (m)": {
        "ion (g/m^2)": {
            "Ca": 0.16560637790724317,
            "Mg": 0.10043073544177715,
            "C": 0.049630567753593445,
            "O": 0.19833797506810832,
            "Ba": 1.294382927789622e-05
        }
    },
    "0.212 (m)": {
        "ion (g/m^2)": {
            "Ca": 0.16818390908089675,
            "Mg": 0.1019938597288087,
            "C": 0.0504029251223111,
            "O": 0.20142453650542538,
            "Ba": 1.1969562558054568e-05
        }
    },
    "0.296 (m)": {
        "ion (g/m^2)": {
            "Ca": 0.17076144025455037,
            "Mg": 0.10355698401584025,
            "C": 0.05117527031818033,
            "O": 0.2045110492965508,
            "Ba": 1.0856114878235538e-05
        }
    },
    "0.381 (m)": {
        "ion (g/m^2)": {
            "Ca": 0.17366116282491065,
            "Mg": 0.10531549883875076,
            "C": 0.052044152577108996,
            "O": 0.20798335186347117,
            "Ba": 9.53389575845044e-06
        }
    },
    "0.466 (m)": {
        "ion (g/m^2)": {
            "Ca": 0.17688307679197765,
            "Mg": 0.10726940419754019,
            "C": 0.053009559726248684,
            "O": 0.21184139555999476,
            "Ba": 7.863724238721896e-06
        }
    },
    "0.55 (m)": {
        "ion (g/m^2)": {
            "Ca": 0.18042718215575132,
            "Mg": 0.10941870009220858,
            "C": 0.054071492374241796,
            "O": 0.21608518281843128,
            "Ba": 5.852559367048775e-06
        }
    },
    "0.635 (m)": {
        "ion (g/m^2)": {
            "Ca": 0.18429347891623168,
            "Mg": 0.11176338652275589,
            "C": 0.055229936522312645,
            "O": 0.22071465769566023,
            "Ba": 3.3403430394570886e-06
        }
    },
    "0.72 (m)": {
        "ion (g/m^2)": {
            "Ca": 0.18848196707341877,
            "Mg": 0.11430346348918216,
            "C": 0.05648487798909283,
            "O": 0.22572976351886861,
            "Ba": 1.6492943757319374e-07
        }
    },
    "0.804 (m)": {
        "ion (g/m^2)": {
            "Ca": 0.19331483802401925,
            "Mg": 0.11723432152736632,
            "C": 0.057933193399248656,
            "O": 0.2315176470493657,
            "Ba": 0.0
        }
    },
    "0.889 (m)": {
        "ion (g/m^2)": {
            "Ca": 0.19911428316473984,
            "Mg": 0.1207513511731873,
            "C": 0.05967118920122612,
            "O": 0.2384631764608467,
            "Ba": 0.0
        }
    },
    "0.974 (m)": {
        "ion (g/m^2)": {
            "Ca": 0.2058803024955805,
            "Mg": 0.12485455242664513,
            "C": 0.06169885097019982,
            "O": 0.2465662941075745,
            "Ba": 0.0
        }
    }
}