{
    "1.00707 (m)": {
        "ion (g/m^2)": {
            "Ca": 0.0,
            "S": 0.0,
            "O": 0.0,
            "H": 0.0
        }
    },
    "1.01424 (m)": {
        "ion (g/m^2)": {
            "Ca": 0.0,
            "S": 0.0,
            "O": 0.0,
            "H": 0.0
        }
    },
    "1.02152 (m)": {
        "ion (g/m^2)": {
            "Ca": 0.0,
            "S": 0.0,
            "O": 0.0,
            "H": 0.0
        }
    },
    "1.0289 (m)": {
        "ion (g/m^2)": {
            "Ca": 0.0,
            "S": 0.0,
            "O": 0.0,
            "H": 0.0
        }
    },
    "1.03639 (m)": {
        "ion (g/m^2)": {
            "Ca": 0.0,
            "S": 0.0,
            "O": 0.0,
            "H": 0.0
        }
    },
    "1.04399 (m)": {
        "ion (g/m^2)": {
            "Ca": 0.0,
            "S": 0.0,
            "O": 0.0,
            "H": 0.0
        }
    },
    "1.0517 (m)": {
        "ion (g/m^2)": {
            "Ca": 0.0,
            "S": 0.0,
            "O": 0.0,
            "H": 0.0
        }
    },
    "1.05953 (m)": {
        "ion (g/m^2)": {
            "Ca": 0.03574916704222878,
            "S": 0.028601652807252503,
            "O": 0.07135650770690094,
            "H": 0.0017981443898669634
        }
    },
    "1.06747 (m)": {
        "ion (g/m^2)": {
            "Ca": 0.15517903557074955,
            "S": 0.12415329546324876,
            "O": 0.30974243496564824,
            "H": 0.0078053374476361745
        }
    },
    "1.07554 (m)": {
        "ion (g/m^2)": {
            "Ca": 0.27477447656561604,
            "S": 0.21983740683358646,
            "O": 0.5484588502874292,
            "H": 0.013820858621166079
        }
    },
    "1.08373 (m)": {
        "ion (g/m^2)": {
            "Ca": 0.3945375450617578,
            "S": 0.3156556310795265,
            "O": 0.7875098555892369,
            "H": 0.019844811276488256
        }
    },
    "1.09205 (m)": {
        "ion (g/m^2)": {
            "Ca": 0.5144703373521495,
            "S": 0.4116096453714425,
            "O": 1.0268996351404738,
            "H": 0.025877300854869285
        }
    },
    "1.1005 (m)": {
        "ion (g/m^2)": {
            "Ca": 0.6345749917408385,
            "S": 0.5077011604912915,
            "O": 1.2666324570660177,
            "H": 0.0319184349106872
        }
    },
    "1.10908 (m)": {
        "ion (g/m^2)": {
            "Ca": 0.7548536894958089,
            "S": 0.6039319215949676,
            "O": 1.5067126752481714,
            "H": 0.03796832315935953
        }
    },
    "1.11779 (m)": {
        "ion (g/m^2)": {
            "Ca": 0.8753086558180355,
            "S": 0.7003037089876067,
            "O": 1.7471447312609258,
            "H": 0.044027077526085666
        }
    }
}