elements,conc (input units)
Li,0.12841262177333218
Na,2250.4311965776465
Mg,308.1902922559972
Ca,802.5788860833261
K,109.15072850733235
Mn,0.2889283989899974
Fe,31.461092334466382
Co,0.4173410207633296
Cu,0.09630946632999912
S(6),1392.6348831317873
Cl,4494.441762066626
F,2.247220881033313
N(5),29.534903007866397
Ba,0.1605157772166652
B,1.7656735493833176
Sr,19.903956374866485
Si,83.4682041526659
C(4),0.6420631088666608
