elements,ppm
Li,0.12828165808061917
Na,2248.136057862851
Mg,307.87597939348603
Ca,801.7603630038699
K,109.03940936852631
Mn,0.28863373068139314
Fe,31.429006229751703
Co,0.41691538876201234
Cu,0.09621124356046439
S(6),1391.214581884315
Cl,4489.858032821671
F,2.2449290164108353
N(5),29.50478135854241
Ba,0.160352072600774
B,1.7638727986085139
Sr,19.883657002495973
Si,83.38307775240247
C(4),0.641408290403096
