{
    "0.0423 (m)": {
        "ion (g/m^2)": {
            "Mg": 0.021083061499209976,
            "C": 0.005209264076292147,
            "O": 0.034696187425474194,
            "H": 0.0013114869990236806
        }
    },
    "0.127 (m)": {
        "ion (g/m^2)": {
            "Mg": 0.0006125255427539335,
            "C": 0.00015134459033850378,
            "O": 0.0010080272751221235,
            "H": 3.81025917854392e-05
        }
    },
    "0.212 (m)": {
        "ion (g/m^2)": {
            "Mg": 0.0005549955194013541,
            "C": 0.0001371299050580918,
            "O": 0.0009133506802211505,
            "H": 3.452389531940347e-05
        }
    },
    "0.296 (m)": {
        "ion (g/m^2)": {
            "Mg": 0.0005008496150695147,
            "C": 0.00012375137773535115,
            "O": 0.0008242432967849407,
            "H": 3.1155710410193375e-05
        }
    },
    "0.381 (m)": {
        "ion (g/m^2)": {
            "Mg": 0.00045008782975841525,
            "C": 0.00011120900837028179,
            "O": 0.000740705124813494,
            "H": 2.799803705780891e-05
        }
    },
    "0.466 (m)": {
        "ion (g/m^2)": {
            "Mg": 0.00039932604444731576,
            "C": 9.866663900521241e-05,
            "O": 0.0006571669528420474,
            "H": 2.484036370542445e-05
        }
    },
    "0.55 (m)": {
        "ion (g/m^2)": {
            "Mg": 0.0003553324971776962,
            "C": 8.779658555548561e-05,
            "O": 0.0005847672038001269,
            "H": 2.2103713466691246e-05
        }
    },
    "0.635 (m)": {
        "ion (g/m^2)": {
            "Mg": 0.00031438465702674265,
            "C": 7.7679074267663e-05,
            "O": 0.0005173797450764932,
            "H": 1.9556523629101112e-05
        }
    },
    "0.72 (m)": {
        "ion (g/m^2)": {
            "Mg": 0.00027580570019030705,
            "C": 6.814687355021026e-05,
            "O": 0.0004538907343781937,
            "H": 1.7156691881288918e-05
        }
    },
    "0.804 (m)": {
        "ion (g/m^2)": {
            "Mg": 0.00023993403857046344,
            "C": 5.928359919889457e-05,
            "O": 0.0003948570928517047,
            "H": 1.4925269378937232e-05
        }
    },
    "0.889 (m)": {
        "ion (g/m^2)": {
            "Mg": 0.0002067696721672118,
            "C": 5.108925121371592e-05,
            "O": 0.0003402788204970262,
            "H": 1.2862256122046048e-05
        }
    },
    "0.974 (m)": {
        "ion (g/m^2)": {
            "Mg": 0.00017597418907847813,
            "C": 4.348021379890716e-05,
            "O": 0.00028959899616768183,
            "H": 1.0946600954932806e-05
        }
    }
}