{
    "1.27E-1 (m)": {
        "ion (g/m^2)": {
            "Ca": 0.0,
            "C": 0.010076829869344063,
            "O": 0.0404656860685774,
            "Fe": 0.04685326950581724,
            "Ba": 0.0004201193112289494,
            "S": 9.809524503234076e-05
        }
    },
    "2.12E-1 (m)": {
        "ion (g/m^2)": {
            "Ca": 0.0,
            "C": 0.009548107314471073,
            "O": 0.03834124239313265,
            "Fe": 0.04439491894532683,
            "Ba": 0.0003954064105684229,
            "S": 9.23249365010266e-05
        }
    },
    "2.96E-1 (m)": {
        "ion (g/m^2)": {
            "Ca": 0.0,
            "C": 0.009009017650679003,
            "O": 0.03617591719738337,
            "Fe": 0.04188836543266994,
            "Ba": 0.0003718703147012549,
            "S": 8.682940456644167e-05
        }
    },
    "3.81E-1 (m)": {
        "ion (g/m^2)": {
            "Ca": 0.0,
            "C": 0.008480295095806011,
            "O": 0.034052021940548516,
            "Fe": 0.03943001487217953,
            "Ba": 0.00034833421883408687,
            "S": 8.133387263185675e-05
        }
    },
    "4.66E-1 (m)": {
        "ion (g/m^2)": {
            "Ca": 0.0,
            "C": 0.007951572540933021,
            "O": 0.031928675102323584,
            "Fe": 0.03697166431168912,
            "Ba": 0.0003259749277602773,
            "S": 7.61131172940011e-05
        }
    },
    "5.50E-1 (m)": {
        "ion (g/m^2)": {
            "Ca": 0.0,
            "C": 0.007433217094979108,
            "O": 0.029847306621623007,
            "Fe": 0.034561516703365186,
            "Ba": 0.000304792441479826,
            "S": 7.116713855287466e-05
        }
    },
    "6.35E-1 (m)": {
        "ion (g/m^2)": {
            "Ca": 0.0,
            "C": 0.006914861649025195,
            "O": 0.02776621235022738,
            "Fe": 0.03215136909504125,
            "Ba": 0.000284198357596054,
            "S": 6.635854811011286e-05
        }
    },
    "7.20E-1 (m)": {
        "ion (g/m^2)": {
            "Ca": 0.22183934161213908,
            "C": 0.06912511834602318,
            "O": 0.2763682782638358,
            "Fe": 0.012291752802452052,
            "Ba": 0.00026713468809235716,
            "S": 6.23742874575388e-05
        }
    },
    "8.04E-1 (m)": {
        "ion (g/m^2)": {
            "Ca": 0.3740035109489854,
            "C": 0.11232823875562185,
            "O": 0.4490118308650437,
            "Fe": 0.0011424099663455438,
            "Ba": 0.00024889421379530193,
            "S": 5.811525020823549e-05
        }
    },
    "8.89E-1 (m)": {
        "ion (g/m^2)": {
            "Ca": 0.39722856837408294,
            "C": 0.11928010269151217,
            "O": 0.4767844229587254,
            "Fe": 0.0011038476046123609,
            "Ba": 0.0002294769347048883,
            "S": 5.358143636220293e-05
        }
    }
}