{
    "0.0423 (m)": {
        "ion (g/m^2)": {
            "Fe": 1.8933798145673841,
            "O": 4.418275098252563,
            "H": 0.2781860996425188,
            "Mg": 5.883230047002906,
            "Cu": 0.004077083707179757,
            "Cl": 0.001137324526096402,
            "Ba": 0.005419186073415439,
            "S": 0.0012653462279381769
        }
    },
    "0.127 (m)": {
        "ion (g/m^2)": {
            "Fe": 3.3574913310951993e-06,
            "O": 0.016413455618504633,
            "H": 0.001024454687066238,
            "Mg": 0.024650733896942174,
            "Cu": 0.00026685079125117505,
            "Cl": 7.443946985040687e-05,
            "Ba": 0.0003259749277602773,
            "S": 7.61131172940011e-05
        }
    },
    "0.212 (m)": {
        "ion (g/m^2)": {
            "Fe": 3.196515719330361e-06,
            "O": 0.0159379534698199,
            "H": 0.00099501695565505,
            "Mg": 0.023944746291301826,
            "Cu": 0.00024703163434127345,
            "Cl": 6.891080895966046e-05,
            "Ba": 0.00030832285585990127,
            "S": 7.199146834306241e-05
        }
    },
    "0.296 (m)": {
        "ion (g/m^2)": {
            "Fe": 3.0355401075655227e-06,
            "O": 0.015462540428300238,
            "H": 0.0009655848378716205,
            "Mg": 0.023238758685661477,
            "Cu": 0.00022792030446386834,
            "Cl": 6.357960024358359e-05,
            "Ba": 0.0002906707839595252,
            "S": 6.786981939212372e-05
        }
    },
    "0.381 (m)": {
        "ion (g/m^2)": {
            "Fe": 2.8822300011228194e-06,
            "O": 0.015026220795221132,
            "H": 0.0009385982757700749,
            "Mg": 0.022591603380491154,
            "Cu": 0.0002095168016189597,
            "Cl": 5.844584370217621e-05,
            "Ba": 0.00027360711445582837,
            "S": 6.388555873954965e-05
        }
    },
    "0.466 (m)": {
        "ion (g/m^2)": {
            "Fe": 2.728919894680116e-06,
            "O": 0.014590538687917015,
            "H": 0.0009116173272962885,
            "Mg": 0.021944448075320838,
            "Cu": 0.00019182112580654756,
            "Cl": 5.350953933543835e-05,
            "Ba": 0.00025772024974549,
            "S": 6.017607468370484e-05
        }
    },
    "0.55 (m)": {
        "ion (g/m^2)": {
            "Fe": 2.575609788237413e-06,
            "O": 0.014232401479437315,
            "H": 0.0008895215998508584,
            "Mg": 0.021414957371090577,
            "Cu": 0.0001748332770266319,
            "Cl": 4.877068714337001e-05,
            "Ba": 0.00024183338503515155,
            "S": 5.646659062786002e-05
        }
    },
    "0.635 (m)": {
        "ion (g/m^2)": {
            "Fe": 2.4299651871168453e-06,
            "O": 0.0138746297835685,
            "H": 0.0008674316243870136,
            "Mg": 0.020885466666860312,
            "Cu": 0.00015855325527921275,
            "Cl": 4.4229287125971185e-05,
            "Ba": 0.0002265349227214923,
            "S": 5.2894494870379815e-05
        }
    },
    "0.72 (m)": {
        "ion (g/m^2)": {
            "Fe": 2.2919860913184123e-06,
            "O": 0.01359467939196991,
            "H": 0.0008502270083053516,
            "Mg": 0.02047364056357011,
            "Cu": 0.00014298106056429008,
            "Cl": 3.988533928324188e-05,
            "Ba": 0.0002118248628045123,
            "S": 4.945978741126425e-05
        }
    },
    "0.804 (m)": {
        "ion (g/m^2)": {
            "Fe": 2.146341490197844e-06,
            "O": 0.013392545912359848,
            "H": 0.0008379074748982195,
            "Mg": 0.020179479061219963,
            "Cu": 0.00012811669288186387,
            "Cl": 3.5738843615182074e-05,
            "Ba": 0.00019770320528421145,
            "S": 4.61624682505133e-05
        }
    },
    "0.889 (m)": {
        "ion (g/m^2)": {
            "Fe": 2.008362394399411e-06,
            "O": 0.013268144629854935,
            "H": 0.0008304676872455116,
            "Mg": 0.02000298215980988,
            "Cu": 0.00011325232519943768,
            "Cl": 3.159234794712228e-05,
            "Ba": 0.00018416995016058986,
            "S": 4.300253738812697e-05
        }
    },
    "0.974 (m)": {
        "ion (g/m^2)": {
            "Fe": 2.008362394399411e-06,
            "O": 0.013268144629854935,
            "H": 0.0008304676872455116,
            "Mg": 0.02000298215980988,
            "Cu": 0.00011325232519943768,
            "Cl": 3.159234794712228e-05,
            "Ba": 0.00018416995016058986,
            "S": 4.300253738812697e-05
        }
    }
}