elements,conc (input units)
Mn,0.0009170024634075368
Fe,0.0006953727127147616
B,7.470946500241241
Cl,28222.187531847765
Na,18889.751017332368
S(6),11868.560493694278
Ca,762.0865159108959
K,512.2220844647004
Mg,2067.6281702172664
Sr,11.24389941507879
Ba,0.013742543729540743
Li,0.2848454518486627
Cu,0.0005559483599677846
Co,3.373169824523637e-08
Ni,0.0002198806996726519
Pb,1.661598469117199e-05
