{
    "1.27E-1 (m)": {
        "ion (g/m^2)": {
            "Ca": 0.11470013722758476,
            "Mg": 0.06955903077290401,
            "C": 0.03437369475022087,
            "O": 0.1373671372492903,
            "K": 0.0,
            "S": 0.0,
            "H": 0.0
        },
        "total_moles": 0.356
    },
    "2.12E-1 (m)": {
        "ion (g/m^2)": {
            "Ca": 0.11308918024405126,
            "Mg": 0.06858207809350929,
            "C": 0.03389091813856046,
            "O": 0.13543782352387893,
            "K": 0.0,
            "S": 0.0,
            "H": 0.0
        },
        "total_moles": 0.351
    },
    "2.96E-1 (m)": {
        "ion (g/m^2)": {
            "Ca": 0.11115603186381107,
            "Mg": 0.06740973487823562,
            "C": 0.03331158620456798,
            "O": 0.13312264705338528,
            "K": 0.0,
            "S": 0.0,
            "H": 0.0
        },
        "total_moles": 0.345
    },
    "3.81E-1 (m)": {
        "ion (g/m^2)": {
            "Ca": 0.1095450748802776,
            "Mg": 0.06643278219884093,
            "C": 0.03282880959290758,
            "O": 0.13119333332797392,
            "K": 0.0,
            "S": 0.0,
            "H": 0.0
        },
        "total_moles": 0.34
    },
    "4.66E-1 (m)": {
        "ion (g/m^2)": {
            "Ca": 0.10793411789674409,
            "Mg": 0.0654558295194462,
            "C": 0.03234603298124717,
            "O": 0.12926401960256254,
            "K": 0.0,
            "S": 0.0,
            "H": 0.0
        },
        "total_moles": 0.335
    },
    "5.50E-1 (m)": {
        "ion (g/m^2)": {
            "Ca": 0.1060009695165039,
            "Mg": 0.06428348630417254,
            "C": 0.03176670104725468,
            "O": 0.12694884313206886,
            "K": 0.0,
            "S": 0.0,
            "H": 0.0
        },
        "total_moles": 0.329
    },
    "6.35E-1 (m)": {
        "ion (g/m^2)": {
            "Ca": 0.10439001253297041,
            "Mg": 0.06330653362477781,
            "C": 0.031283924435594274,
            "O": 0.1250195294066575,
            "K": 0.0,
            "S": 0.0,
            "H": 0.0
        },
        "total_moles": 0.324
    },
    "7.20E-1 (m)": {
        "ion (g/m^2)": {
            "Ca": 0.10245686415273021,
            "Mg": 0.06213419040950415,
            "C": 0.03070459250160179,
            "O": 0.12270435293616383,
            "K": 0.0,
            "S": 0.0,
            "H": 0.0
        },
        "total_moles": 0.318
    },
    "8.04E-1 (m)": {
        "ion (g/m^2)": {
            "Ca": 0.10084590716919671,
            "Mg": 0.06115723773010943,
            "C": 0.030221815889941384,
            "O": 0.12077503921075244,
            "K": 0.0,
            "S": 0.0,
            "H": 0.0
        },
        "total_moles": 0.313
    },
    "8.89E-1 (m)": {
        "ion (g/m^2)": {
            "Ca": 0.09891275878895653,
            "Mg": 0.05998489451483577,
            "C": 0.029642483955948897,
            "O": 0.11845986274025878,
            "K": 0.0,
            "S": 0.0,
            "H": 0.0
        },
        "total_moles": 0.307
    }
}