{
    "1.00707 (m)": {
        "ion (g/m^2)": {
            "Ca": 0.0,
            "S": 0.0,
            "O": 0.0,
            "H": 0.0
        }
    },
    "1.01424 (m)": {
        "ion (g/m^2)": {
            "Ca": 0.0,
            "S": 0.0,
            "O": 0.0,
            "H": 0.0
        }
    },
    "1.02151 (m)": {
        "ion (g/m^2)": {
            "Ca": 0.0,
            "S": 0.0,
            "O": 0.0,
            "H": 0.0
        }
    },
    "1.02889 (m)": {
        "ion (g/m^2)": {
            "Ca": 0.0,
            "S": 0.0,
            "O": 0.0,
            "H": 0.0
        }
    },
    "1.03638 (m)": {
        "ion (g/m^2)": {
            "Ca": 0.0,
            "S": 0.0,
            "O": 0.0,
            "H": 0.0
        }
    },
    "1.04398 (m)": {
        "ion (g/m^2)": {
            "Ca": 0.0,
            "S": 0.0,
            "O": 0.0,
            "H": 0.0
        }
    },
    "1.05168 (m)": {
        "ion (g/m^2)": {
            "Ca": 0.0,
            "S": 0.0,
            "O": 0.0,
            "H": 0.0
        }
    },
    "1.05951 (m)": {
        "ion (g/m^2)": {
            "Ca": 0.02655520077739625,
            "S": 0.021245883350646505,
            "O": 0.053005050067103335,
            "H": 0.0013356978427850079
        }
    },
    "1.06745 (m)": {
        "ion (g/m^2)": {
            "Ca": 0.11591002976785575,
            "S": 0.09273554330321608,
            "O": 0.23136021386643932,
            "H": 0.00583014897970021
        }
    },
    "1.07552 (m)": {
        "ion (g/m^2)": {
            "Ca": 0.20538869854614747,
            "S": 0.1643242831199715,
            "O": 0.4099625659363281,
            "H": 0.010330829123838708
        }
    },
    "1.08371 (m)": {
        "ion (g/m^2)": {
            "Ca": 0.29499274371215245,
            "S": 0.23601333218050222,
            "O": 0.5888151733804347,
            "H": 0.014837815564510552
        }
    },
    "1.09202 (m)": {
        "ion (g/m^2)": {
            "Ca": 0.38472373270703253,
            "S": 0.30780394453942306,
            "O": 0.7679211648626298,
            "H": 0.019351187142308816
        }
    },
    "1.10047 (m)": {
        "ion (g/m^2)": {
            "Ca": 0.47458326437521164,
            "S": 0.3796973993759958,
            "O": 0.947283731728724,
            "H": 0.023871024277376654
        }
    },
    "1.10904 (m)": {
        "ion (g/m^2)": {
            "Ca": 0.5645729696768721,
            "S": 0.4516950015641724,
            "O": 1.1269061294286324,
            "H": 0.028397409005245094
        }
    },
    "1.11775 (m)": {
        "ion (g/m^2)": {
            "Ca": 0.6546945124118833,
            "S": 0.5237980822517848,
            "O": 1.306791678961361,
            "H": 0.03293042501324585
        }
    }
}