{
    "1.27E-1 (m)": {
        "ion (g/m^2)": {
            "Ba": 0.003754007290813301,
            "S": 0.0008765373435662942,
            "O": 0.04789879735227986,
            "Ca": 0.03853422270296256,
            "Mg": 0.02336878793341746,
            "C": 0.011548056006249623
        },
        "total_moles": 0.35037999999999997
    },
    "2.12E-1 (m)": {
        "ion (g/m^2)": {
            "Ba": 0.0035480664519755806,
            "S": 0.0008284514391386761,
            "O": 0.045119722817251046,
            "Ca": 0.0362938609179066,
            "Mg": 0.022010137472172262,
            "C": 0.010876657401235112
        },
        "total_moles": 0.33003
    },
    "2.96E-1 (m)": {
        "ion (g/m^2)": {
            "Ba": 0.003377429756938613,
            "S": 0.0007886088326129355,
            "O": 0.042491255904434304,
            "Ca": 0.03416551722210344,
            "Mg": 0.02071941953398932,
            "C": 0.010238828726471324
        },
        "total_moles": 0.31074
    },
    "3.81E-1 (m)": {
        "ion (g/m^2)": {
            "Ba": 0.00322444513380202,
            "S": 0.0007528878750381335,
            "O": 0.04000517033468096,
            "Ca": 0.03214919161555307,
            "Mg": 0.019496634118868636,
            "C": 0.009634569981958262
        },
        "total_moles": 0.29247999999999996
    },
    "4.66E-1 (m)": {
        "ion (g/m^2)": {
            "Ba": 0.0030773445346322205,
            "S": 0.0007185408004469778,
            "O": 0.03765598192189189,
            "Ca": 0.030244884098255504,
            "Mg": 0.018341781226810218,
            "C": 0.009063881167695928
        },
        "total_moles": 0.27523000000000003
    },
    "5.50E-1 (m)": {
        "ion (g/m^2)": {
            "Ba": 0.0029361279594292116,
            "S": 0.0006855676088394683,
            "O": 0.036114465985640616,
            "Ca": 0.029012685116474726,
            "Mg": 0.01759452347312536,
            "C": 0.008694611934937944
        },
        "total_moles": 0.26399
    },
    "6.35E-1 (m)": {
        "ion (g/m^2)": {
            "Ba": 0.002800795408192996,
            "S": 0.0006539683002156051,
            "O": 0.038197878868136026,
            "Ca": 0.030804974544519498,
            "Mg": 0.01868144384212152,
            "C": 0.009231730818949556
        },
        "total_moles": 0.27976
    },
    "7.20E-1 (m)": {
        "ion (g/m^2)": {
            "Ba": 0.0026772309048903637,
            "S": 0.0006251167575590343,
            "O": 0.037201209466692274,
            "Ca": 0.030020847919749908,
            "Mg": 0.018205916180685698,
            "C": 0.008996741307194476
        },
        "total_moles": 0.27255
    },
    "8.04E-1 (m)": {
        "ion (g/m^2)": {
            "Ba": 0.0025595504255545233,
            "S": 0.0005976390978861096,
            "O": 0.036207282158298076,
            "Ca": 0.02923672129498032,
            "Mg": 0.01773038851924988,
            "C": 0.008761751795439397
        },
        "total_moles": 0.26535000000000003
    },
    "8.89E-1 (m)": {
        "ion (g/m^2)": {
            "Ba": 0.0024418699462186834,
            "S": 0.000570161438213185,
            "O": 0.03521335484990389,
            "Ca": 0.028452594670210732,
            "Mg": 0.017254860857814056,
            "C": 0.008526762283684316
        },
        "total_moles": 0.25815
    }
}