{
    "35 (s)": {
        "ion (g/m^2)": {
            "Ca": 0.023216535107191506,
            "S": 0.01857473422356643,
            "O": 0.04634096409426615,
            "H": 0.001167766574975927
        }
    },
    "38 (s)": {
        "ion (g/m^2)": {
            "Ca": 0.05797634186902245,
            "S": 0.0463848346232398,
            "O": 0.11572267629363214,
            "H": 0.0029161472141056187
        }
    },
    "41 (s)": {
        "ion (g/m^2)": {
            "Ca": 0.09281414370960096,
            "S": 0.0742573361457247,
            "O": 0.185260069223438,
            "H": 0.004668450921236349
        }
    },
    "44 (s)": {
        "ion (g/m^2)": {
            "Ca": 0.12765194555017947,
            "S": 0.1021298376682096,
            "O": 0.25479746215324384,
            "H": 0.00642075462836708
        }
    },
    "47 (s)": {
        "ion (g/m^2)": {
            "Ca": 0.162489747390758,
            "S": 0.1300023391906945,
            "O": 0.3243348550830497,
            "H": 0.00817305833549781
        }
    },
    "50 (s)": {
        "ion (g/m^2)": {
            "Ca": 0.1970675656355113,
            "S": 0.1576668369704743,
            "O": 0.3933533122447227,
            "H": 0.009912285149291744
        }
    },
    "53 (s)": {
        "ion (g/m^2)": {
            "Ca": 0.2316453838802646,
            "S": 0.1853313347502541,
            "O": 0.4623717694063957,
            "H": 0.011651511963085679
        }
    },
    "56 (s)": {
        "ion (g/m^2)": {
            "Ca": 0.2651832677417171,
            "S": 0.21216381755921343,
            "O": 0.5293144834955371,
            "H": 0.013338431203532427
        }
    },
    "59 (s)": {
        "ion (g/m^2)": {
            "Ca": 0.3015809711572468,
            "S": 0.241284341537929,
            "O": 0.6019654910341402,
            "H": 0.015169196270683935
        }
    },
    "62 (s)": {
        "ion (g/m^2)": {
            "Ca": 0.3353788386145245,
            "S": 0.26832482808959346,
            "O": 0.6694271408914146,
            "H": 0.016869192404467482
        }
    },
    "65 (s)": {
        "ion (g/m^2)": {
            "Ca": 0.36917670607180214,
            "S": 0.2953653146412579,
            "O": 0.736888790748689,
            "H": 0.018569188538251024
        }
    },
    "68 (s)": {
        "ion (g/m^2)": {
            "Ca": 0.40297457352907984,
            "S": 0.3224058011929224,
            "O": 0.8043504406059634,
            "H": 0.02026918467203457
        }
    },
    "71 (s)": {
        "ion (g/m^2)": {
            "Ca": 0.4393722769446096,
            "S": 0.35152632517163795,
            "O": 0.8770014481445664,
            "H": 0.022099949739186078
        }
    },
    "74 (s)": {
        "ion (g/m^2)": {
            "Ca": 0.4731701444018873,
            "S": 0.3785668117233024,
            "O": 0.9444630980018408,
            "H": 0.023799945872969623
        }
    },
    "77 (s)": {
        "ion (g/m^2)": {
            "Ca": 0.506968011859165,
            "S": 0.40560729827496683,
            "O": 1.0119247478591151,
            "H": 0.025499942006753165
        }
    },
    "80 (s)": {
        "ion (g/m^2)": {
            "Ca": 0.5407658793164426,
            "S": 0.43264778482663135,
            "O": 1.0793863977163896,
            "H": 0.027199938140536714
        }
    },
    "83 (s)": {
        "ion (g/m^2)": {
            "Ca": 0.5771635827319724,
            "S": 0.4617683088053469,
            "O": 1.1520374052549927,
            "H": 0.029030703207688222
        }
    },
    "86 (s)": {
        "ion (g/m^2)": {
            "Ca": 0.6109614501892501,
            "S": 0.4888087953570114,
            "O": 1.219499055112267,
            "H": 0.030730699341471768
        }
    },
    "89 (s)": {
        "ion (g/m^2)": {
            "Ca": 0.6447593176465277,
            "S": 0.5158492819086758,
            "O": 1.2869607049695413,
            "H": 0.03243069547525531
        }
    },
    "92 (s)": {
        "ion (g/m^2)": {
            "Ca": 0.6811570210620576,
            "S": 0.5449698058873914,
            "O": 1.3596117125081446,
            "H": 0.03426146054240682
        }
    },
    "95 (s)": {
        "ion (g/m^2)": {
            "Ca": 0.7149548885193352,
            "S": 0.5720102924390559,
            "O": 1.4270733623654188,
            "H": 0.03596145667619036
        }
    },
    "98 (s)": {
        "ion (g/m^2)": {
            "Ca": 0.7487527559766128,
            "S": 0.5990507789907202,
            "O": 1.494535012222693,
            "H": 0.037661452809973905
        }
    },
    "102 (s)": {
        "ion (g/m^2)": {
            "Ca": 0.7851504593921427,
            "S": 0.6281713029694359,
            "O": 1.5671860197612963,
            "H": 0.03949221787712542
        }
    },
    "105 (s)": {
        "ion (g/m^2)": {
            "Ca": 0.8189483268494203,
            "S": 0.6552117895211003,
            "O": 1.6346476696185706,
            "H": 0.04119221401090896
        }
    },
    "108 (s)": {
        "ion (g/m^2)": {
            "Ca": 0.852746194306698,
            "S": 0.6822522760727647,
            "O": 1.7021093194758448,
            "H": 0.04289221014469251
        }
    },
    "111 (s)": {
        "ion (g/m^2)": {
            "Ca": 0.8891438977222278,
            "S": 0.7113728000514803,
            "O": 1.774760327014448,
            "H": 0.04472297521184401
        }
    },
    "114 (s)": {
        "ion (g/m^2)": {
            "Ca": 0.9229417651795054,
            "S": 0.7384132866031448,
            "O": 1.8422219768717223,
            "H": 0.04642297134562756
        }
    },
    "117 (s)": {
        "ion (g/m^2)": {
            "Ca": 0.9593394685950352,
            "S": 0.7675338105818603,
            "O": 1.9148729844103256,
            "H": 0.04825373641277907
        }
    },
    "120 (s)": {
        "ion (g/m^2)": {
            "Ca": 0.9931373360523128,
            "S": 0.7945742971335248,
            "O": 1.9823346342675998,
            "H": 0.049953732546562615
        }
    },
    "123 (s)": {
        "ion (g/m^2)": {
            "Ca": 1.0269352035095907,
            "S": 0.8216147836851894,
            "O": 2.0497962841248745,
            "H": 0.051653728680346164
        }
    },
    "126 (s)": {
        "ion (g/m^2)": {
            "Ca": 1.0633329069251203,
            "S": 0.8507353076639048,
            "O": 2.122447291663477,
            "H": 0.05348449374749767
        }
    },
    "129 (s)": {
        "ion (g/m^2)": {
            "Ca": 1.097130774382398,
            "S": 0.8777757942155693,
            "O": 2.1899089415207516,
            "H": 0.05518448988128121
        }
    },
    "132 (s)": {
        "ion (g/m^2)": {
            "Ca": 1.1309286418396756,
            "S": 0.9048162807672336,
            "O": 2.257370591378026,
            "H": 0.05688448601506475
        }
    },
    "135 (s)": {
        "ion (g/m^2)": {
            "Ca": 1.1673263452552056,
            "S": 0.9339368047459494,
            "O": 2.3300215989166295,
            "H": 0.05871525108221627
        }
    },
    "138 (s)": {
        "ion (g/m^2)": {
            "Ca": 1.2011242127124833,
            "S": 0.9609772912976138,
            "O": 2.3974832487739035,
            "H": 0.060415247215999814
        }
    },
    "141 (s)": {
        "ion (g/m^2)": {
            "Ca": 1.2375219161280129,
            "S": 0.9900978152763293,
            "O": 2.4701342563125066,
            "H": 0.06224601228315132
        }
    },
    "144 (s)": {
        "ion (g/m^2)": {
            "Ca": 1.2713197835852905,
            "S": 1.0171383018279938,
            "O": 2.537595906169781,
            "H": 0.06394600841693486
        }
    },
    "147 (s)": {
        "ion (g/m^2)": {
            "Ca": 1.3051176510425682,
            "S": 1.0441787883796583,
            "O": 2.605057556027055,
            "H": 0.06564600455071841
        }
    },
    "150 (s)": {
        "ion (g/m^2)": {
            "Ca": 1.341515354458098,