{
    "0.0423 (m)": {
        "ion (g/m^2)": {
            "Fe": 22.30662048741331,
            "O": 52.12534302755093,
            "H": 3.281958605090893,
            "Mg": 69.42211455463428,
            "Cu": 0.04799067280326171,
            "Cl": 0.013387257442593064,
            "Ba": 0.06354745884135368,
            "S": 0.014837936223379275
        }
    },
    "0.127 (m)": {
        "ion (g/m^2)": {
            "Fe": 4.047386810087363e-05,
            "O": 0.19821101320838536,
            "H": 0.012371623101740394,
            "Mg": 0.297691440378347,
            "Cu": 0.003213534727534044,
            "Cl": 0.0008964328729995946,
            "Ba": 0.003930528009817061,
            "S": 0.000917753833075681
        }
    },
    "0.212 (m)": {
        "ion (g/m^2)": {
            "Fe": 3.940069735577471e-05,
            "O": 0.19618985709742456,
            "H": 0.012248266276527626,
            "Mg": 0.29474982535484556,
            "Cu": 0.003043656239734888,
            "Cl": 0.0008490443510789111,
            "Ba": 0.003795195458580845,
            "S": 0.0008861545244518178
        }
    },
    "0.296 (m)": {
        "ion (g/m^2)": {
            "Fe": 3.8250871557454437e-05,
            "O": 0.19494597903469832,
            "H": 0.012173704141782567,
            "Mg": 0.29298485634074467,
            "Cu": 0.0028737777519357312,
            "Cl": 0.0008016558291582278,
            "Ba": 0.0036657469313114213,
            "S": 0.0008559290988116008
        }
    },
    "0.381 (m)": {
        "ion (g/m^2)": {
            "Fe": 3.7177700812355515e-05,
            "O": 0.19370212293338054,
            "H": 0.012099143390575776,
            "Mg": 0.29121988732664383,
            "Cu": 0.0027038992641365747,
            "Cl": 0.0007542673072375444,
            "Ba": 0.0035362984040419967,
            "S": 0.0008257036731713837
        }
    },
    "0.466 (m)": {
        "ion (g/m^2)": {
            "Fe": 3.610453006725659e-05,
            "O": 0.19284643686201025,
            "H": 0.01204903681264956,
            "Mg": 0.29004324131724324,
            "Cu": 0.002541099046662383,
            "Cl": 0.0007088533070635561,
            "Ba": 0.0034068498767725725,
            "S": 0.0007954782475311666
        }
    },
    "0.55 (m)": {
        "ion (g/m^2)": {
            "Fe": 3.495470426893632e-05,
            "O": 0.19237711671587746,
            "H": 0.012023270751910477,
            "Mg": 0.28945491831254294,
            "Cu": 0.0023712205588632264,
            "Cl": 0.0006614647851428727,
            "Ba": 0.0032774013495031487,
            "S": 0.0007652528218909496
        }
    },
    "0.635 (m)": {
        "ion (g/m^2)": {
            "Fe": 3.3804878470616044e-05,
            "O": 0.1926832455579888,
            "H": 0.012046356901454959,
            "Mg": 0.29004324131724324,
            "Cu": 0.0022084203413890347,
            "Cl": 0.0006160507849688844,
            "Ba": 0.003147952822233724,
            "S": 0.0007350273962507325
        }
    },
    "0.72 (m)": {
        "ion (g/m^2)": {
            "Fe": 3.265505267229577e-05,
            "O": 0.19376667440974318,
            "H": 0.012118239125005417,
            "Mg": 0.2918082103313441,
            "Cu": 0.0020456201239148434,
            "Cl": 0.0005706367847948962,
            "Ba": 0.003024388318931092,
            "S": 0.0007061758535941617
        }
    },
    "0.804 (m)": {
        "ion (g/m^2)": {
            "Fe": 3.142857182075415e-05,
            "O": 0.1960110271033285,
            "H": 0.012263257939748985,
            "Mg": 0.29533814835954586,
            "Cu": 0.0018757416361156866,
            "Cl": 0.0005232482628742127,
            "Ba": 0.00290082381562846,
            "S": 0.000677324310937591
        }
    },
    "0.889 (m)": {
        "ion (g/m^2)": {
            "Fe": 3.0202090969212523e-05,
            "O": 0.19980264460870184,
            "H": 0.01250592503878209,
            "Mg": 0.3012213784065488,
            "Cu": 0.0017129414186414947,
            "Cl": 0.00047783426270022443,
            "Ba": 0.002771375288359036,
            "S": 0.0006470988852973739
        }
    },
    "0.974 (m)": {
        "ion (g/m^2)": {
            "Fe": 2.8898955064449547e-05,
            "O": 0.20591976492384584,
            "H": 0.012894922840017267,
            "Mg": 0.3106345464817534,
            "Cu": 0.0015430629308423383,
            "Cl": 0.000430445740779541,
            "Ba": 0.0026478107850564036,
            "S": 0.000618247342640803
        }
    }
}