elements,conc (input units)
Mn,0.00034183137600000003
Fe,0.007016479976
B,1.5013770240000002
Cl,27654.828576000004
Na,18339.5884512
S(6),10612.412
Ca,864.6323040000001
K,336.245896
Mg,1838.7400160000002
Sr,9.271896800000002
Ba,0.012288056
Li,0.25469788800000004
Zn,0.00023459016000000003
Ni,0.00013405152
Cu,0.00012288056
Cd,0.00041332552
Co,0.00014522248
Pb,0.00040215456000000004
