{
    "1.27E-1 (m)": {
        "ion (g/m^2)": {
            "Ca": 2.3502517062599235,
            "S": 1.8803538340542052,
            "O": 4.691179343921231,
            "H": 0.11821511576464032
        }
    },
    "2.12E-1 (m)": {
        "ion (g/m^2)": {
            "Ca": 2.2826559713453682,
            "S": 1.8262728609508763,
            "O": 4.556256044206682,
            "H": 0.11481512349707322
        }
    },
    "2.96E-1 (m)": {
        "ion (g/m^2)": {
            "Ca": 2.217660072389065,
            "S": 1.7742719252745984,
            "O": 4.426522102173462,
            "H": 0.1115459001628741
        }
    },
    "3.81E-1 (m)": {
        "ion (g/m^2)": {
            "Ca": 2.155264009391014,
            "S": 1.7243510270253717,
            "O": 4.301977517821571,
            "H": 0.10840744576204295
        }
    },
    "4.66E-1 (m)": {
        "ion (g/m^2)": {
            "Ca": 2.0902681104347107,
            "S": 1.6723500913490938,
            "O": 4.172243575788351,
            "H": 0.10513822242784382
        }
    },
    "5.50E-1 (m)": {
        "ion (g/m^2)": {
            "Ca": 2.02787204743666,
            "S": 1.6224291930998673,
            "O": 4.0476989914364605,
            "H": 0.10199976802701266
        }
    },
    "6.35E-1 (m)": {
        "ion (g/m^2)": {
            "Ca": 1.968075820396861,
            "S": 1.574588332277692,
            "O": 3.9283437647658985,
            "H": 0.09899208255954949
        }
    },
    "7.20E-1 (m)": {
        "ion (g/m^2)": {
            "Ca": 1.9056797573988098,
            "S": 1.5246674340284652,
            "O": 3.803799180414007,
            "H": 0.09585362815871831
        }
    },
    "8.04E-1 (m)": {
        "ion (g/m^2)": {
            "Ca": 1.8458835303590109,
            "S": 1.4768265732062895,
            "O": 3.6844439537434446,
            "H": 0.09284594269125512
        }
    },
    "8.89E-1 (m)": {
        "ion (g/m^2)": {
            "Ca": 1.786087303319212,
            "S": 1.428985712384114,
            "O": 3.5650887270728826,
            "H": 0.08983825722379193
        }
    }
}