{
    "0.0423 (m)": {
        "ion (g/m^2)": {
            "Ca": 7.12355052561083,
            "S": 5.699302550120047,
            "O": 14.2188400468409,
            "H": 0.358306877428224
        }
    },
    "0.127 (m)": {
        "ion (g/m^2)": {
            "Ca": 2.352851542218176,
            "S": 1.8824338714812565,
            "O": 4.696368701602561,
            "H": 0.1183458846980083
        }
    },
    "0.212 (m)": {
        "ion (g/m^2)": {
            "Ca": 2.3008548230531334,
            "S": 1.8408331229402342,
            "O": 4.592581547975984,
            "H": 0.11573050603064898
        }
    },
    "0.296 (m)": {
        "ion (g/m^2)": {
            "Ca": 2.246258267929839,
            "S": 1.797152336972161,
            "O": 4.48360503666808,
            "H": 0.11298435842992173
        }
    },
    "0.381 (m)": {
        "ion (g/m^2)": {
            "Ca": 2.191661712806544,
            "S": 1.7534715510040875,
            "O": 4.374628525360174,
            "H": 0.11023821082919445
        }
    },
    "0.466 (m)": {
        "ion (g/m^2)": {
            "Ca": 2.1396649936415013,
            "S": 1.7118708024630653,
            "O": 4.270841371733599,
            "H": 0.10762283216183517
        }
    },
    "0.55 (m)": {
        "ion (g/m^2)": {
            "Ca": 2.0876682744764588,
            "S": 1.670270053922043,
            "O": 4.1670542181070225,
            "H": 0.10500745349447585
        }
    },
    "0.635 (m)": {
        "ion (g/m^2)": {
            "Ca": 2.035671555311416,
            "S": 1.6286693053810208,
            "O": 4.063267064480447,
            "H": 0.10239207482711657
        }
    },
    "0.72 (m)": {
        "ion (g/m^2)": {
            "Ca": 1.9862746721046256,
            "S": 1.5891485942670496,
            "O": 3.9646692685351996,
            "H": 0.09990746509312523
        }
    },
    "0.804 (m)": {
        "ion (g/m^2)": {
            "Ca": 1.9342779529395833,
            "S": 1.5475478457260274,
            "O": 3.860882114908624,
            "H": 0.09729208642576594
        }
    },
    "0.889 (m)": {
        "ion (g/m^2)": {
            "Ca": 1.884881069732793,
            "S": 1.5080271346120562,
            "O": 3.762284318963377,
            "H": 0.0948074766917746
        }
    },
    "0.974 (m)": {
        "ion (g/m^2)": {
            "Ca": 1.8354841865260023,
            "S": 1.4685064234980851,
            "O": 3.6636865230181295,
            "H": 0.09232286695778326
        }
    }
}