elements,conc (input units)
Ca,2078.740480910723
Mg,967.1917515348501
Na,5629.922135799874
Sr,37.53281423866583
Cl,10249.34542671259
S(6),6496.064002846008
Fe,0.5774279113640897
