{
    "1.27E-1 (m)": {
        "ion (g/m^2)": {
            "Ba": 0.0005277969498212431,
            "S": 0.00012323730363306674,
            "O": 0.00024596574654569013,
            "Na": 84.46999202782969
        },
        "total_grams": 942.0992126
    },
    "2.12E-1 (m)": {
        "ion (g/m^2)": {
            "Ba": 0.0005077912683341503,
            "S": 0.00011856610148866958,
            "O": 0.00023664263017718015,
            "Na": 81.95920670216172
        },
        "total_grams": 914.0946779
    },
    "2.96E-1 (m)": {
        "ion (g/m^2)": {
            "Ba": 0.0004889623916404159,
            "S": 0.00011416967594100164,
            "O": 0.0002278679324185825,
            "Na": 79.53809228098189
        },
        "total_grams": 887.0903453000001
    },
    "3.81E-1 (m)": {
        "ion (g/m^2)": {
            "Ba": 0.0004707219173433607,
            "S": 0.00010991063869169833,
            "O": 0.00021936744396494105,
            "Na": 77.2066487642902
        },
        "total_grams": 861.0862137
    },
    "4.66E-1 (m)": {
        "ion (g/m^2)": {
            "Ba": 0.0004530698454429846,
            "S": 0.00010578898974075963,
            "O": 0.00021114116481625573,
            "Na": 74.78553434311037
        },
        "total_grams": 834.0821832
    },
    "5.50E-1 (m)": {
        "ion (g/m^2)": {
            "Ba": 0.000436594578335967,
            "S": 0.00010194211738655021,
            "O": 0.00020346330427748282,
            "Na": 72.54376173090682
        },
        "total_grams": 809.0783547
    },
    "6.35E-1 (m)": {
        "ion (g/m^2)": {
            "Ba": 0.0004201193112289494,
            "S": 9.809524503234076e-05,
            "O": 0.00019578544373870986,
            "Na": 70.21231821421513
        },
        "total_grams": 783.0746262
    },
    "7.20E-1 (m)": {
        "ion (g/m^2)": {
            "Ba": 0.00040364404412193173,
            "S": 9.424837267813131e-05,
            "O": 0.00018810758319993693,
            "Na": 67.97054560201158
        },
        "total_grams": 758.0709977
    },
    "8.04E-1 (m)": {
        "ion (g/m^2)": {
            "Ba": 0.0003883455818082725,
            "S": 9.067627692065112e-05,
            "O": 0.00018097814127107634,
            "Na": 65.72877298980804
        },
        "total_grams": 733.0675712000001
    },
    "8.89E-1 (m)": {
        "ion (g/m^2)": {
            "Ba": 0.0003730471194946133,
            "S": 8.710418116317093e-05,
            "O": 0.00017384869934221578,
            "Na": 63.48700037760448
        },
        "total_grams": 708.0641446999999
    }
}