{
    "1.27E-1 (m)": {
        "ion (g/m^2)": {
            "Fe": 3.303832793840253e-06,
            "O": 0.01633634777032936,
            "H": 0.0010195797248166148,
            "Mg": 0.024533069296002116,
            "Cu": 0.00026755861828367154,
            "Cl": 7.463692202507639e-05,
            "Ba": 0.00032656333015695644,
            "S": 7.625050559236571e-05
        }
    },
    "2.12E-1 (m)": {
        "ion (g/m^2)": {
            "Fe": 3.119860666109009e-06,
            "O": 0.015704289081883375,
            "H": 0.0009803655226594756,
            "Mg": 0.023591752488481648,
            "Cu": 0.0002456159802762804,
            "Cl": 6.851590461032143e-05,
            "Ba": 0.00030596924627318437,
            "S": 7.14419151496039e-05
        }
    },
    "2.96E-1 (m)": {
        "ion (g/m^2)": {
            "Fe": 2.9435540436999003e-06,
            "O": 0.015111687118347976,
            "H": 0.0009436024898119795,
            "Mg": 0.022709267981431216,
            "Cu": 0.00022508899633388236,
            "Cl": 6.278979154490552e-05,
            "Ba": 0.0002865519671827708,
            "S": 6.690810130357136e-05
        }
    },
    "3.81E-1 (m)": {
        "ion (g/m^2)": {
            "Fe": 2.7672474212907923e-06,
            "O": 0.014557902157807326,
            "H": 0.0009092848742925408,
            "Mg": 0.021885615774850806,
            "Cu": 0.0002052698394239808,
            "Cl": 5.726113065415913e-05,
            "Ba": 0.00026713468809235716,
            "S": 6.23742874575388e-05
        }
    },
    "4.66E-1 (m)": {
        "ion (g/m^2)": {
            "Fe": 2.5986063042038186e-06,
            "O": 0.014004756919182513,
            "H": 0.0008749730107546875,
            "Mg": 0.0210619635682704,
            "Cu": 0.00018615850954657568,
            "Cl": 5.192992193808224e-05,
            "Ba": 0.00024889421379530193,
            "S": 5.811525020823549e-05
        }
    },
    "5.50E-1 (m)": {
        "ion (g/m^2)": {
            "Fe": 2.4299651871168453e-06,
            "O": 0.013529794105157106,
            "H": 0.0008455519818729494,
            "Mg": 0.02035597596263005,
            "Cu": 0.00016846283373416355,
            "Cl": 4.699361757134439e-05,
            "Ba": 0.0002318305442916051,
            "S": 5.4130989555661424e-05
        }
    },
    "6.35E-1 (m)": {
        "ion (g/m^2)": {
            "Fe": 2.2689895753520068e-06,
            "O": 0.013054833487272552,
            "H": 0.000816131091345038,
            "Mg": 0.019649988356989702,
            "Cu": 0.00015076715792175142,
            "Cl": 4.205731320460653e-05,
            "Ba": 0.0002147668747879083,
            "S": 5.014672890308736e-05
        }
    },
    "7.20E-1 (m)": {
        "ion (g/m^2)": {
            "Fe": 2.1080139635871682e-06,
            "O": 0.012658055293987405,
            "H": 0.0007916010354732416,
            "Mg": 0.01906166535228941,
            "Cu": 0.00013448713617433226,
            "Cl": 3.7515913187207705e-05,
            "Ba": 0.00019888001007756985,
            "S": 4.643724484724254e-05
        }
    },
    "8.04E-1 (m)": {
        "ion (g/m^2)": {
            "Fe": 1.9547038571444653e-06,
            "O": 0.012300370509142814,
            "H": 0.0007695165352833294,
            "Mg": 0.018532174648059153,
            "Cu": 0.00011891494145940956,
            "Cl": 3.317196534447839e-05,
            "Ba": 0.00018358154776391064,
            "S": 4.286514908976235e-05
        }
    },
    "8.89E-1 (m)": {
        "ion (g/m^2)": {
            "Fe": 1.801393750701762e-06,
            "O": 0.012058958518952313,
            "H": 0.0007547570598220722,
            "Mg": 0.01817918084523898,
            "Cu": 0.00010405057377698336,
            "Cl": 2.902546967641859e-05,
            "Ba": 0.00016828308545025145,
            "S": 3.929305333228215e-05
        }
    }
}