{
    "0.0423 (m)": {
        "ion (g/m^2)": {
            "Ca": 0.0,
            "S": 0.0,
            "O": 0.0,
            "H": 0.0
        }
    },
    "0.127 (m)": {
        "ion (g/m^2)": {
            "Ca": 0.0,
            "S": 0.0,
            "O": 0.0,
            "H": 0.0
        }
    },
    "0.212 (m)": {
        "ion (g/m^2)": {
            "Ca": 0.0,
            "S": 0.0,
            "O": 0.0,
            "H": 0.0
        }
    },
    "0.296 (m)": {
        "ion (g/m^2)": {
            "Ca": 0.0,
            "S": 0.0,
            "O": 0.0,
            "H": 0.0
        }
    },
    "0.381 (m)": {
        "ion (g/m^2)": {
            "Ca": 0.0,
            "S": 0.0,
            "O": 0.0,
            "H": 0.0
        }
    },
    "0.466 (m)": {
        "ion (g/m^2)": {
            "Ca": 0.013701135499988713,
            "S": 0.01096179724055936,
            "O": 0.027347914980602753,
            "H": 0.0006891522788491753
        }
    },
    "0.55 (m)": {
        "ion (g/m^2)": {
            "Ca": 2.1578638453492665,
            "S": 1.7264310644524232,
            "O": 4.307166875502901,
            "H": 0.10853821469541093
        }
    },
    "0.635 (m)": {
        "ion (g/m^2)": {
            "Ca": 2.1292656498084925,
            "S": 1.7035506527548607,
            "O": 4.250083941008283,
            "H": 0.1070997564283633
        }
    },
    "0.72 (m)": {
        "ion (g/m^2)": {
            "Ca": 2.0772689306434504,
            "S": 1.6619499042138386,
            "O": 4.146296787381708,
            "H": 0.10448437776100401
        }
    },
    "0.804 (m)": {
        "ion (g/m^2)": {
            "Ca": 2.025272211478408,
            "S": 1.6203491556728162,
            "O": 4.042509633755132,
            "H": 0.1018689990936447
        }
    },
    "0.889 (m)": {
        "ion (g/m^2)": {
            "Ca": 1.973275492313365,
            "S": 1.578748407131794,
            "O": 3.938722480128556,
            "H": 0.0992536204262854
        }
    },
    "0.974 (m)": {
        "ion (g/m^2)": {
            "Ca": 1.973275492313365,
            "S": 1.578748407131794,
            "O": 3.938722480128556,
            "H": 0.0992536204262854
        }
    }
}