{
    "1.27E-1 (m)": {
        "ion (g/m^2)": {
            "Ca": 0.0,
            "S": 0.0,
            "O": 0.0,
            "H": 0.0
        }
    },
    "2.12E-1 (m)": {
        "ion (g/m^2)": {
            "Ca": 0.0,
            "S": 0.0,
            "O": 0.0,
            "H": 0.0
        }
    },
    "2.96E-1 (m)": {
        "ion (g/m^2)": {
            "Ca": 0.0,
            "S": 0.0,
            "O": 0.0,
            "H": 0.0
        }
    },
    "3.81E-1 (m)": {
        "ion (g/m^2)": {
            "Ca": 0.0,
            "S": 0.0,
            "O": 0.0,
            "H": 0.0
        }
    },
    "4.66E-1 (m)": {
        "ion (g/m^2)": {
            "Ca": 0.005095678478174171,
            "S": 0.00407687335702018,
            "O": 0.01017114105540444,
            "H": 0.00025630710940121134
        }
    },
    "5.50E-1 (m)": {
        "ion (g/m^2)": {
            "Ca": 2.1136666340589803,
            "S": 1.6910704281925544,
            "O": 4.218947794920311,
            "H": 0.10631514282815552
        }
    },
    "6.35E-1 (m)": {
        "ion (g/m^2)": {
            "Ca": 2.0798687666017024,
            "S": 1.6640299416408897,
            "O": 4.1514861450630365,
            "H": 0.10461514669437197
        }
    },
    "7.20E-1 (m)": {
        "ion (g/m^2)": {
            "Ca": 2.017472703603651,
            "S": 1.614109043391663,
            "O": 4.026941560711145,
            "H": 0.10147669229354081
        }
    },
    "8.04E-1 (m)": {
        "ion (g/m^2)": {
            "Ca": 1.952476804647348,
            "S": 1.562108107715385,
            "O": 3.897207618677925,
            "H": 0.09820746895934168
        }
    },
    "8.89E-1 (m)": {
        "ion (g/m^2)": {
            "Ca": 1.8900807416492968,
            "S": 1.5121872094661584,
            "O": 3.772663034326034,
            "H": 0.09506901455851052
        }
    }
}