{
    "1.27E-1 (m)": {
        "ion (g/m^2)": {
            "Ca": 0.13822010918717378,
            "Mg": 0.08382253989206692,
            "C": 0.0414227974919874,
            "O": 0.16553737239127692,
            "Ba": 6.451037494951502e-06
        }
    },
    "2.12E-1 (m)": {
        "ion (g/m^2)": {
            "Ca": 0.13983106617070726,
            "Mg": 0.08479949257146163,
            "C": 0.0419054828072846,
            "O": 0.16746632127025135,
            "Ba": 5.407180295121162e-06
        }
    },
    "2.96E-1 (m)": {
        "ion (g/m^2)": {
            "Ca": 0.14111983175753406,
            "Mg": 0.08558105471497741,
            "C": 0.04229159697554676,
            "O": 0.1690093441640944,
            "Ba": 4.18238784732023e-06
        }
    },
    "3.81E-1 (m)": {
        "ion (g/m^2)": {
            "Ca": 0.14240859734436087,
            "Mg": 0.0863626168584932,
            "C": 0.042677692275893866,
            "O": 0.1705522916563405,
            "Ba": 2.7418649115543604e-06
        }
    },
    "4.66E-1 (m)": {
        "ion (g/m^2)": {
            "Ca": 0.14401955432789434,
            "Mg": 0.0873395695378879,
            "C": 0.04316031855287619,
            "O": 0.17248100460128568,
            "Ba": 1.0229800558337334e-06
        }
    },
    "5.50E-1 (m)": {
        "ion (g/m^2)": {
            "Ca": 0.14563051131142785,
            "Mg": 0.08831652221728263,
            "C": 0.04364300569410066,
            "O": 0.17440996077718884,
            "Ba": 0.0
        }
    },
    "6.35E-1 (m)": {
        "ion (g/m^2)": {
            "Ca": 0.14756365969166804,
            "Mg": 0.0894888654325563,
            "C": 0.04422233762809315,
            "O": 0.1767251372476825,
            "Ba": 0.0
        }
    },
    "7.20E-1 (m)": {
        "ion (g/m^2)": {
            "Ca": 0.14949680807190824,
            "Mg": 0.09066120864782996,
            "C": 0.04480166956208563,
            "O": 0.17904031371817616,
            "Ba": 0.0
        }
    },
    "8.04E-1 (m)": {
        "ion (g/m^2)": {
            "Ca": 0.1517521478488551,
            "Mg": 0.09202894239898256,
            "C": 0.045477556818410196,
            "O": 0.18174135293375207,
            "Ba": 0.0
        }
    },
    "8.89E-1 (m)": {
        "ion (g/m^2)": {
            "Ca": 0.15432967902250871,
            "Mg": 0.09359206668601411,
            "C": 0.046249999397066845,
            "O": 0.1848282548944103,
            "Ba": 0.0
        }
    }
}