{
    "1.026E2 (m)": {
        "ion (g/m^2)": {
            "Ba": 0.0001130909406417424,
            "S": 1.3336328124411851,
            "O": 0.691361571122742,
            "Sr": 0.04724778587496362,
            "K": 3.2100864642968716,
            "C": 0.49305705742615963,
            "H": 0.16550973064421667
        },
        "total_grams": 23.8450922
    },
    "1.066E2 (m)": {
        "ion (g/m^2)": {
            "Ba": 0.000120740171798572,
            "S": 1.4239847552156017,
            "O": 0.7382192362501916,
            "Sr": 0.05048307223545469,
            "K": 3.4275351663660922,
            "C": 0.5264563500545192,
            "H": 0.17672122806296123
        },
        "total_grams": 25.4605052
    },
    "1.105E2 (m)": {
        "ion (g/m^2)": {
            "Ba": 0.0001283305627157337,
            "S": 1.5148939729178192,
            "O": 0.7853549430130929,
            "Sr": 0.053718358595945745,
            "K": 3.646342922823245,
            "C": 0.5600643882618062,
            "H": 0.18800279734057296
        },
        "total_grams": 27.085918099999997
    },
    "1.144E2 (m)": {
        "ion (g/m^2)": {
            "Ba": 0.0001359797938725633,
            "S": 1.6052382275749268,
            "O": 0.8321972636510274,
            "Sr": 0.056932636603446614,
            "K": 3.863791624892466,
            "C": 0.5934636808901659,
            "H": 0.19921429475931754
        },
        "total_grams": 28.7012311
    },
    "1.184E2 (m)": {
        "ion (g/m^2)": {
            "Ba": 0.0001436290250293929,
            "S": 1.6955901703493435,
            "O": 0.8790549287784771,
            "Sr": 0.06016792296393767,
            "K": 4.081240326961687,
            "C": 0.6268629735185255,
            "H": 0.21042579217806212
        },
        "total_grams": 30.3166441
    },
    "1.223E2 (m)": {
        "ion (g/m^2)": {
            "Ba": 0.00015127825618622254,
            "S": 1.7859421131237603,
            "O": 0.9259125939059268,
            "Sr": 0.06340320932442874,
            "K": 4.298689029030908,
            "C": 0.6602622661468851,
            "H": 0.22163728959680667
        },
        "total_grams": 31.932057099999998
    },
    "1.263E2 (m)": {
        "ion (g/m^2)": {
            "Ba": 0.00015886864710338422,
            "S": 1.876294042159347,
            "O": 0.9727702316124459,
            "Sr": 0.0666384956849198,
            "K": 4.5161377311001285,
            "C": 0.6936615587752447,
            "H": 0.23284878701555123
        },
        "total_grams": 33.54747
    },
    "1.302E2 (m)": {
        "ion (g/m^2)": {
            "Ba": 0.00016651787826021383,
            "S": 1.9666459849337636,
            "O": 1.0196278967398957,
            "Sr": 0.06987378204541086,
            "K": 4.733586433169349,
            "C": 0.7270608514036044,
            "H": 0.24406028443429578
        },
        "total_grams": 35.162883
    },
    "1.342E2 (m)": {
        "ion (g/m^2)": {
            "Ba": 0.00017416710941704343,
            "S": 2.0575552163748108,
            "O": 1.0667636309237276,
            "Sr": 0.07310906840590191,
            "K": 4.952394189626502,
            "C": 0.7606688896108914,
            "H": 0.2553418537119075
        },
        "total_grams": 36.788295999999995
    },
    "1.381E2 (m)": {
        "ion (g/m^2)": {
            "Ba": 0.00018181634057387304,
            "S": 2.147907159149228,
            "O": 1.1136212960511773,
            "Sr": 0.07634435476639298,
            "K": 5.1698428916957235,
            "C": 0.794068182239251,
            "H": 0.2665533511306521
        },
        "total_grams": 38.403709
    },
    "1.421E2 (m)": {
        "ion (g/m^2)": {
            "Ba": 0.00018940673149103475,
            "S": 2.238259088184815,
            "O": 1.1604789337576966,
            "Sr": 0.07957964112688405,
            "K": 5.387291593764944,
            "C": 0.8274674748676107,
            "H": 0.27776484854939665
        },
        "total_grams": 40.0191219
    },
    "1.460E2 (m)": {
        "ion (g/m^2)": {
            "Ba": 0.00019705596264786435,
            "S": 2.3286033428419226,
            "O": 1.207321254395631,
            "Sr": 0.0827939191343849,
            "K": 5.604740295834166,
            "C": 0.8608667674959705,
            "H": 0.28897634596814126
        },
        "total_grams": 41.6344349
    },
    "1.500E2 (m)": {
        "ion (g/m^2)": {
            "Ba": 0.00020470519380469396,
            "S": 2.418955285616339,
            "O": 1.254178919523081,
            "Sr": 0.08602920549487596,
            "K": 5.822188997903386,
            "C": 0.8942660601243302,
            "H": 0.3001878433868858
        },
        "total_grams": 43.249847900000006
    },
    "1.539E2 (m)": {
        "ion (g/m^2)": {
            "Ba": 0.00021235442496152356,
            "S": 2.5093072283907554,
            "O": 1.3010365846505305,
            "Sr": 0.08926449185536703,
            "K": 6.039637699972606,
            "C": 0.9276653527526897,
            "H": 0.31139934080563036
        },
        "total_grams": 44.865260899999996
    },
    "1.579E2 (m)": {
        "ion (g/m^2)": {
            "Ba": 0.00021994481587868524,
            "S": 2.599659157426342,
            "O": 1.3478942223570498,
            "Sr": 0.0924997782158581,
            "K": 6.2570864020418275,
            "C": 0.9610646453810494,
            "H": 0.3226108382243749
        },
        "total_grams": 46.4806738
    },
    "1.618E2 (m)": {
        "ion (g/m^2)": {
            "Ba": 0.00022759404703551488,
            "S": 2.690011100200759,
            "O": 1.3947518874844995,
            "Sr": 0.09573506457634914,
            "K": 6.474535104111048,
            "C": 0.9944639380094091,
            "H": 0.3338223356431195
        },
        "total_grams": 48.0960868
    },
    "1.657E2 (m)": {
        "ion (g/m^2)": {
            "Ba": 0.00023524327819234448,
            "S": 2.7809203316418065,
            "O": 1.4418876216683312,
            "Sr": 0.09897035093684022,
            "K": 6.693342860568201,
            "C": 1.028071976216696,
            "H": 0.34510390492073123
        },
        "total_grams": 49.7214998
    },
    "1.697E2 (m)": {
        "ion (g/m^2)": {
            "Ba": 0.0002428925093491741,
            "S": 2.8712722744162233,
            "O": 1.4887452867957809,
            "Sr": 0.10220563729733127,
            "K": 6.910791562637423,
            "C": 1.0614712688450556,
            "H": 0.3563154023394758
        },
        "total_grams": 51.3369128
    },
    "1.736E2 (m)": {
        "ion (g/m^2)": {
            "Ba": 0.0002505417405060037,
            "S": 2.9616242171906397,
            "O": 1.5356029519232308,
            "Sr": 0.10544092365782234,
            "K": 7.128240264706643,
            "C": 1.0948705614734153,
            "H": 0.3675268997582204
        },
        "total_grams": 52.952325800000004
    },
    "1.776E2 (m)": {
        "ion (g/m^2)": {
            "Ba": 0.0002581321314231654,
            "S": 3.0519684581089175,
            "O": 1.5824452451402347,
            "Sr": 0.10865520166532319,
            "K": 7.345688966775863,
            "C": 1.128269854101775,
            "H": 0.3787383971769649
        },
        "total_grams": 54.567638699999996
    },
    "1.815E2 (m)": {
        "ion (g/m^2)": {
            "Ba": 0.000265781362579995,
            "S": 3.1423204008833343,
            "O": 1.6293029102676846,
            "Sr": 0.11189048802581425,
            "K": 7.563137668845084,
            "C": 1.1616691467301345,
            "H": 0.3899498945957095
        },
        "total_grams": 56.1830517
    },
    "1.855E2 (m)": {
        "ion (g/m^2)": {
            "Ba": 0.00027343059373682464,
            "S": 3.2326723436577507,
            "O": 1.6761605753951343,
            "Sr": 0.11512577438630534,
            "K": 7.780586370914305,
            "C": 1.1950684393584943,
            "H": 0.40116139201445405
        },