elements,conc (input units)
Mn,0.0003822925801126789
Fe,0.007846992469567765
B,1.679088979318433
Cl,30928.21932441006
Na,20510.371719692394
S(6),11868.560493694278
Ca,966.975349696776
K,376.045969326524
Mg,2056.3842708021875
Sr,10.369373905017108
Ba,0.013742543729540743
Li,0.2848454518486627
Zn,0.0002623576530185051
Ni,0.00014991865886771722
Cu,0.00013742543729540745
Cd,0.00046224919817546136
Co,0.00016241188044002696
Pb,0.0004497559766031516
