{
    "0.0423 (m)": {
        "ion (g/m^2)": {
            "Ba": 0.0039364120337838536,
            "S": 0.0009191277160593272,
            "O": 5.113916709766887,
            "Mg": 7.765863662043834,
            "H": 0.3220540884394348,
            "Ca": 0.0,
            "C": 0.0
        }
    },
    "0.127 (m)": {
        "ion (g/m^2)": {
            "Ba": 0.0004224729208156662,
            "S": 9.864479822579925e-05,
            "O": 0.01952210229996496,
            "Mg": 0.029357317934544498,
            "H": 0.0012174620464490756,
            "Ca": 0.0,
            "C": 0.0
        }
    },
    "0.212 (m)": {
        "ion (g/m^2)": {
            "Ba": 0.0003983484225518189,
            "S": 9.301187799284971e-05,
            "O": 0.01877502969769799,
            "Mg": 0.028239504225613946,
            "H": 0.0011711057761433993,
            "Ca": 0.0,
            "C": 0.0
        }
    },
    "0.296 (m)": {
        "ion (g/m^2)": {
            "Ba": 0.0003754007290813301,
            "S": 8.765373435662942e-05,
            "O": 0.018028505514040925,
            "Mg": 0.027121690516683394,
            "H": 0.0011247495058377232,
            "Ca": 0.0,
            "C": 0.0
        }
    },
    "0.381 (m)": {
        "ion (g/m^2)": {
            "Ba": 0.0003536298404041997,
            "S": 8.257036731713837e-05,
            "O": 0.017321257644823448,
            "Mg": 0.02606270910822287,
            "H": 0.0010808330392323457,
            "Ca": 0.0,
            "C": 0.0
        }
    },
    "0.466 (m)": {
        "ion (g/m^2)": {
            "Ba": 0.00033185895172706926,
            "S": 7.748700027764733e-05,
            "O": 0.016614009775605967,
            "Mg": 0.02500372769976235,
            "H": 0.0010369165726269683,
            "Ca": 0.0,
            "C": 0.0
        }
    },
    "0.55 (m)": {
        "ion (g/m^2)": {
            "Ba": 0.0003112648678432972,
            "S": 7.267840983488551e-05,
            "O": 0.015946038220828077,
            "Mg": 0.024003578591771855,
            "H": 0.0009954399097218895,
            "Ca": 0.0,
            "C": 0.0
        }
    },
    "0.635 (m)": {
        "ion (g/m^2)": {
            "Ba": 0.0002918475887528836,
            "S": 6.814459598885296e-05,
            "O": 0.015278615084660096,
            "Mg": 0.02300342948378136,
            "H": 0.0009539632468168108,
            "Ca": 0.0,
            "C": 0.0
        }
    },
    "0.72 (m)": {
        "ion (g/m^2)": {
            "Ba": 0.00027243030966247,
            "S": 6.361078214282041e-05,
            "O": 0.014649919844321783,
            "Mg": 0.022062112676260893,
            "H": 0.0009149263876120307,
            "Ca": 0.0,
            "C": 0.0
        }
    },
    "0.804 (m)": {
        "ion (g/m^2)": {
            "Ba": 0.00025418983536541474,
            "S": 5.9351744893517096e-05,
            "O": 0.015291895605326697,
            "Mg": 0.021003131267800373,
            "H": 0.0008710099210066533,
            "Ca": 0.0011252139890435213,
            "C": 0.000337207636563826
        }
    },
    "0.889 (m)": {
        "ion (g/m^2)": {
            "Ba": 0.00023653776346503874,
            "S": 5.523009594257841e-05,
            "O": 0.016562376063342748,
            "Mg": 0.019944149859339847,
            "H": 0.0008270934544012758,
            "Ca": 0.0027749939302745916,
            "C": 0.0008316188332339198
        }
    },
    "0.974 (m)": {
        "ion (g/m^2)": {
            "Ba": 0.00023653776346503874,
            "S": 5.523009594257841e-05,
            "O": 0.016562376063342748,
            "Mg": 0.019944149859339847,
            "H": 0.0008270934544012758,
            "Ca": 0.0027749939302745916,
            "C": 0.0008316188332339198
        }
    }
}