{
    "1.27E-1 (m)": {
        "ion (g/m^2)": {
            "Ba": 0.0004260033351957414,
            "S": 9.946912801598699e-05,
            "O": 0.01855555016005289,
            "Mg": 0.02788651042279377,
            "H": 0.0011564669539416068,
            "Ca": 0.0,
            "C": 0.0
        }
    },
    "2.12E-1 (m)": {
        "ion (g/m^2)": {
            "Ba": 0.00039893682494849815,
            "S": 9.314926629121432e-05,
            "O": 0.01769092282377212,
            "Mg": 0.02659219981245313,
            "H": 0.0011027912725350344,
            "Ca": 0.0,
            "C": 0.0
        }
    },
    "2.96E-1 (m)": {
        "ion (g/m^2)": {
            "Ba": 0.0003730471194946133,
            "S": 8.710418116317093e-05,
            "O": 0.016865571801930934,
            "Mg": 0.025356721502582523,
            "H": 0.0010515553948287606,
            "Ca": 0.0,
            "C": 0.0
        }
    },
    "3.81E-1 (m)": {
        "ion (g/m^2)": {
            "Ba": 0.0003477458164374077,
            "S": 8.119648433349215e-05,
            "O": 0.016079222885224374,
            "Mg": 0.02418007549318194,
            "H": 0.0010027593208227856,
            "Ca": 0.0,
            "C": 0.0
        }
    },
    "4.66E-1 (m)": {
        "ion (g/m^2)": {
            "Ba": 0.0003242097205702396,
            "S": 7.570095239890721e-05,
            "O": 0.015293696596432685,
            "Mg": 0.02300342948378136,
            "H": 0.0009539632468168108,
            "Ca": 0.0,
            "C": 0.0
        }
    },
    "5.50E-1 (m)": {
        "ion (g/m^2)": {
            "Ba": 0.0003006736247030716,
            "S": 7.02054204643223e-05,
            "O": 0.014508170307640992,
            "Mg": 0.02182678347438078,
            "H": 0.0009051671728108358,
            "Ca": 0.0,
            "C": 0.0
        }
    },
    "6.35E-1 (m)": {
        "ion (g/m^2)": {
            "Ba": 0.0002789027360259412,
            "S": 6.512205342483125e-05,
            "O": 0.013800922438423513,
            "Mg": 0.020767802065920254,
            "H": 0.0008612507062054582,
            "Ca": 0.0,
            "C": 0.0
        }
    },
    "7.20E-1 (m)": {
        "ion (g/m^2)": {
            "Ba": 0.00025772024974549,
            "S": 6.017607468370484e-05,
            "O": 0.013093948778510993,
            "Mg": 0.019708820657459734,
            "H": 0.0008173342396000808,
            "Ca": 0.0,
            "C": 0.0
        }
    },
    "8.04E-1 (m)": {
        "ion (g/m^2)": {
            "Ba": 0.00023771456825839713,
            "S": 5.5504872539307654e-05,
            "O": 0.012387523537208381,
            "Mg": 0.018649839248999208,
            "H": 0.0007734177729947033,
            "Ca": 0.0,
            "C": 0.0
        }
    },
    "8.89E-1 (m)": {
        "ion (g/m^2)": {
            "Ba": 0.0002182972891679835,
            "S": 5.0971058693275104e-05,
            "O": 0.014682000318156684,
            "Mg": 0.01735552863865857,
            "H": 0.0007197420915881308,
            "Ca": 0.002634842721674865,
            "C": 0.0007896178820604894
        }
    }
}