elements,ppm
Mn,0.006937221777623448
Fe,0.14239441171651265
B,30.469366238973574
Cl,561234.8442053793
Na,372188.7495673192
S(6),215371.26433798284
Ca,17547.090378694604
K,6823.868480603456
Mg,37315.90537898103
Sr,188.16647305318503
Ba,0.24937725344398012
Li,5.1689103441115885
Zn,0.004760838474839621
Ni,0.0027204791284797833
Cu,0.0024937725344398014
Cd,0.008388143979479332
Co,0.002947185722519765
Pb,0.00816143738543935
