elements,ppm
Mn,0.006937221777623474
Fe,0.14239441171651318
B,30.469366238973688
Cl,561234.8442053813
Na,372188.74956732057
S(6),215371.26433798365
Ca,17547.09037869467
K,6823.868480603482
Mg,37315.905378981166
Sr,188.16647305318574
Ba,0.24937725344398107
Li,5.168910344111608
Zn,0.004760838474839639
Ni,0.0027204791284797937
Cu,0.002493772534439811
Cd,0.008388143979479363
Co,0.002947185722519776
Pb,0.00816143738543938
