{
    "1.27E-1 (m)": {
        "ion (g/m^2)": {
            "Ba": 0.0,
            "S": 15.184273217473118,
            "O": 37.88231107370021,
            "Sr": 0.0,
            "K": 0.0,
            "Ca": 18.978802495240533,
            "H": 0.9546132135861443
        }
    },
    "2.12E-1 (m)": {
        "ion (g/m^2)": {
            "Ba": 0.0,
            "S": 14.976269474768007,
            "O": 37.36337530556733,
            "Sr": 0.0,
            "K": 0.0,
            "Ca": 18.71881889941532,
            "H": 0.9415363202493477
        }
    },
    "2.96E-1 (m)": {
        "ion (g/m^2)": {
            "Ba": 0.0,
            "S": 14.479308433519062,
            "O": 36.123537712653196,
            "Sr": 0.0,
            "K": 0.46201304482646355,
            "Ca": 19.04484770795771,
            "H": 0.9102931010435805
        }
    },
    "3.81E-1 (m)": {
        "ion (g/m^2)": {
            "Ba": 0.0,
            "S": 6.083673521984977,
            "O": 15.177783587657329,
            "Sr": 0.0,
            "K": 14.836194758436006,
            "Ca": 38.019876409498515,
            "H": 0.3824717224231741
        }
    },
    "4.66E-1 (m)": {
        "ion (g/m^2)": {
            "Ba": 0.0,
            "S": 6.05100950307499,
            "O": 15.096292132153128,
            "Sr": 0.0,
            "K": 14.756537336914201,
            "Ca": 37.81574284488375,
            "H": 0.38041818297392216
        }
    },
    "5.50E-1 (m)": {
        "ion (g/m^2)": {
            "Ba": 0.00019123077892074024,
            "S": 6.066686740811392,
            "O": 15.0990598651174,
            "Sr": 0.1989167182955816,
            "K": 14.617136849251047,
            "Ca": 37.45850910680793,
            "H": 0.3768244889377313
        }
    },
    "6.35E-1 (m)": {
        "ion (g/m^2)": {
            "Ba": 0.0003854035698248765,
            "S": 6.049371420620145,
            "O": 15.035978712217632,
            "Sr": 0.3076769383708637,
            "K": 14.477736361587889,
            "Ca": 37.101275368732104,
            "H": 0.3732307949015404
        }
    },
    "7.20E-1 (m)": {
        "ion (g/m^2)": {
            "Ba": 0.0003824615578414805,
            "S": 6.001072975046353,
            "O": 14.915133814145715,
            "Sr": 0.3095850124072721,
            "K": 14.358250229305181,
            "Ca": 36.795075021809964,
            "H": 0.37015048572766246
        }
    },
    "8.04E-1 (m)": {
        "ion (g/m^2)": {
            "Ba": 0.0003730471194946133,
            "S": 5.927925869152451,
            "O": 14.732470480027843,
            "Sr": 0.31053904942547633,
            "K": 14.179021030881124,
            "Ca": 36.33577450142677,
            "H": 0.36553002196684564
        }
    },
    "8.89E-1 (m)": {
        "ion (g/m^2)": {
            "Ba": 0.00034951102362744526,
            "S": 5.74652259528389,
            "O": 14.280772365805264,
            "Sr": 0.3057688643344552,
            "K": 13.740905212511201,
            "Ca": 35.2130398960456,
            "H": 0.35423555499595993
        }
    }
}