{
    "0.0423 (m)": {
        "ion (g/m^2)": {
            "Ba": 0.0,
            "S": 3.2864591347407575,
            "O": 8.199185136499498,
            "Sr": 0.0,
            "K": 0.0,
            "Ca": 4.107740814038363,
            "H": 0.20661491472138466
        }
    },
    "0.127 (m)": {
        "ion (g/m^2)": {
            "Ba": 0.0,
            "S": 15.03867059757954,
            "O": 37.51905603600719,
            "Sr": 0.0,
            "K": 0.0,
            "Ca": 18.796813978162884,
            "H": 0.9454593882503867
        }
    },
    "0.212 (m)": {
        "ion (g/m^2)": {
            "Ba": 0.0,
            "S": 14.893067977685961,
            "O": 37.15580099831417,
            "Sr": 0.0,
            "K": 0.0,
            "Ca": 18.614825461085236,
            "H": 0.9363055629146291
        }
    },
    "0.296 (m)": {
        "ion (g/m^2)": {
            "Ba": 0.0,
            "S": 14.446304927726517,
            "O": 36.04119929216711,
            "Sr": 0.0,
            "K": 0.5337047241960873,
            "Ca": 19.15057283736343,
            "H": 0.9082182185468683
        }
    },
    "0.381 (m)": {
        "ion (g/m^2)": {
            "Ba": 0.0,
            "S": 6.181665578714936,
            "O": 15.42225795416993,
            "Sr": 0.0,
            "K": 15.07516702300142,
            "Ca": 38.63227710334279,
            "H": 0.38863234077092995
        }
    },
    "0.466 (m)": {
        "ion (g/m^2)": {
            "Ba": 0.0,
            "S": 6.173499573987439,
            "O": 15.401885090293879,
            "Sr": 0.0,
            "K": 15.055252667620966,
            "Ca": 38.58124371218909,
            "H": 0.38811895590861695
        }
    },
    "0.55 (m)": {
        "ion (g/m^2)": {
            "Ba": 0.00019593799809417388,
            "S": 6.222365632039724,
            "O": 15.487191714609974,
            "Sr": 0.20034777382288796,
            "K": 14.995509601479615,
            "Ca": 38.42814353872802,
            "H": 0.386578801321678
        }
    },
    "0.635 (m)": {
        "ion (g/m^2)": {
            "Ba": 0.00039364120337838533,
            "S": 6.247103131847941,
            "O": 15.528415424750381,
            "Sr": 0.3124471234618848,
            "K": 14.955680890718712,
            "Ca": 38.32607675642065,
            "H": 0.385552031597052
        }
    },
    "0.72 (m)": {
        "ion (g/m^2)": {
            "Ba": 0.0003930528009817061,
            "S": 6.232167524470011,
            "O": 15.4904567352508,
            "Sr": 0.31626327153470174,
            "K": 14.915852179957811,
            "Ca": 38.22400997411327,
            "H": 0.3845252618724261
        }
    },
    "0.804 (m)": {
        "ion (g/m^2)": {
            "Ba": 0.0003854035698248765,
            "S": 6.192383119383669,
            "O": 15.390679335495953,
            "Sr": 0.3191253825893144,
            "K": 14.816280403055556,
            "Ca": 37.96884301834483,
            "H": 0.38195833756086117
        }
    },
    "0.889 (m)": {
        "ion (g/m^2)": {
            "Ba": 0.0003636326811477461,
            "S": 6.044517113755839,
            "O": 15.022215569694126,
            "Sr": 0.31674029004380383,
            "K": 14.457822006207437,
            "Ca": 37.050241977578416,
            "H": 0.37271741003922737
        }
    },
    "0.974 (m)": {
        "ion (g/m^2)": {
            "Ba": 0.0003636326811477461,
            "S": 6.044517113755839,
            "O": 15.022215569694126,
            "Sr": 0.31674029004380383,
            "K": 14.457822006207437,
            "Ca": 37.050241977578416,
            "H": 0.37271741003922737
        }
    }
}