{
    "1.27E-1 (m)": {
        "ion (g/m^2)": {
            "Ba": 0.0008884876189855932,
            "S": 0.0002074563305305806,
            "O": 0.021860040400205616,
            "Ca": 0.017907174868394028,
            "C": 0.0053664779976999874
        },
        "total_grams": 0.15051
    },
    "2.12E-1 (m)": {
        "ion (g/m^2)": {
            "Ba": 0.000770807139649753,
            "S": 0.000179978670857656,
            "O": 0.02122946741573192,
            "Ca": 0.01742644534172573,
            "C": 0.0052224114742718
        },
        "total_grams": 0.14631
    },
    "2.96E-1 (m)": {
        "ion (g/m^2)": {
            "Ba": 0.0006590106842807048,
            "S": 0.00015387489416837763,
            "O": 0.02060163652430778,
            "Ca": 0.016945715815057435,
            "C": 0.0050783449508436124
        },
        "total_grams": 0.14212
    },
    "3.81E-1 (m)": {
        "ion (g/m^2)": {
            "Ba": 0.0005566286672585239,
            "S": 0.00012996933025293328,
            "O": 0.019978192981762944,
            "Ca": 0.01646498628838914,
            "C": 0.004934278427415425
        },
        "total_grams": 0.137946
    },
    "4.66E-1 (m)": {
        "ion (g/m^2)": {
            "Ba": 0.00046013067420313505,
            "S": 0.00010743764932113512,
            "O": 0.01935749153226767,
            "Ca": 0.015984256761720845,
            "C": 0.004790211903987238
        },
        "total_grams": 0.133782
    },
    "5.50E-1 (m)": {
        "ion (g/m^2)": {
            "Ba": 0.0003706935099078965,
            "S": 8.655462796971243e-05,
            "O": 0.01874008059443186,
            "Ca": 0.015503527235052548,
            "C": 0.00464614538055905
        },
        "total_grams": 0.12963
    },
    "6.35E-1 (m)": {
        "ion (g/m^2)": {
            "Ba": 0.0002877287719761292,
            "S": 6.71828779003006e-05,
            "O": 0.018125685958950578,
            "Ca": 0.015022797708384251,
            "C": 0.0045020788571308624
        },
        "total_grams": 0.125489
    },
    "7.20E-1 (m)": {
        "ion (g/m^2)": {
            "Ba": 0.0002124132652011915,
            "S": 4.959717570962887e-05,
            "O": 0.017514856044433723,
            "Ca": 0.014542068181715955,
            "C": 0.0043580123337026745
        },
        "total_grams": 0.121361
    },
    "8.04E-1 (m)": {
        "ion (g/m^2)": {
            "Ba": 0.0001453353919797626,
            "S": 3.393490969606186e-05,
            "O": 0.016907865060186256,
            "Ca": 0.01406133865504766,
            "C": 0.0042139458102744875
        },
        "total_grams": 0.117247
    },
    "8.89E-1 (m)": {
        "ion (g/m^2)": {
            "Ba": 8.767195710520092e-05,
            "S": 2.0470856456328813e-05,
            "O": 0.016305261424818085,
            "Ca": 0.013580609128379363,
            "C": 0.0040698792868462995
        },
        "total_grams": 0.113149
    }
}