{
    "0.0423 (m)": {
        "ion (g/m^2)": {
            "Mg": 0.24839433612231335,
            "C": 0.0613739940930728,
            "O": 0.4087801215136125,
            "H": 0.015451548271001309
        }
    },
    "0.127 (m)": {
        "ion (g/m^2)": {
            "Mg": 0.007411220655420521,
            "C": 0.0018311859273001285,
            "O": 0.012196573107831217,
            "H": 0.0004610203094481317
        }
    },
    "0.212 (m)": {
        "ion (g/m^2)": {
            "Mg": 0.006869761612102126,
            "C": 0.0016974006540727217,
            "O": 0.011305499273469119,
            "H": 0.00042733846035603073
        }
    },
    "0.296 (m)": {
        "ion (g/m^2)": {
            "Mg": 0.006328302568783733,
            "C": 0.0015636153808453153,
            "O": 0.010414425439107021,
            "H": 0.0003936566112639298
        }
    },
    "0.381 (m)": {
        "ion (g/m^2)": {
            "Mg": 0.005786843525465339,
            "C": 0.0014298301076179087,
            "O": 0.009523351604744924,
            "H": 0.0003599747621718289
        }
    },
    "0.466 (m)": {
        "ion (g/m^2)": {
            "Mg": 0.005313066862561743,
            "C": 0.0013127679935439277,
            "O": 0.008743661999678087,
            "H": 0.0003305031442162405
        }
    },
    "0.55 (m)": {
        "ion (g/m^2)": {
            "Mg": 0.004805449009450749,
            "C": 0.001187344299893234,
            "O": 0.00790828027996362,
            "H": 0.0002989264106923959
        }
    },
    "0.635 (m)": {
        "ion (g/m^2)": {
            "Mg": 0.004365513536754554,
            "C": 0.0010786437653959662,
            "O": 0.007184282789544416,
            "H": 0.00027155990830506386
        }
    },
    "0.72 (m)": {
        "ion (g/m^2)": {
            "Mg": 0.003925578064058358,
            "C": 0.0009699432308986982,
            "O": 0.00646028529912521,
            "H": 0.00024419340591773185
        }
    },
    "0.804 (m)": {
        "ion (g/m^2)": {
            "Mg": 0.0035194837815695624,
            "C": 0.0008696042759781432,
            "O": 0.0057919799233536375,
            "H": 0.00021893201909865614
        }
    },
    "0.889 (m)": {
        "ion (g/m^2)": {
            "Mg": 0.003099853022997807,
            "C": 0.0007659206892269031,
            "O": 0.005101397701723011,
            "H": 0.00019282858605227792
        }
    },
    "0.974 (m)": {
        "ion (g/m^2)": {
            "Mg": 0.002710679335612711,
            "C": 0.0006697625240947046,
            "O": 0.004460938383275254,
            "H": 0.00016861975701733037
        }
    }
}