Distance ($m$),Hydromagnesite (g/m^2)
0.0423,0.734
0.127,0.0219
0.212,0.0203
0.296,0.0187
0.381,0.0171
0.466,0.0157
0.55,0.0142
0.635,0.0129
0.72,0.0116
0.804,0.0104
0.889,0.00916
0.974,0.00801
