{
    "0.0423 (m)": {
        "ion (g/m^2)": {
            "Mg": 0.021083061499209976,
            "C": 0.005209264076292147,
            "O": 0.034696187425474194,
            "H": 0.0013114869990236806
        }
    },
    "0.127 (m)": {
        "ion (g/m^2)": {
            "Mg": 0.0006159096617746735,
            "C": 0.00015218074829617507,
            "O": 0.0010135964865868865,
            "H": 3.8313103342264824e-05
        }
    },
    "0.212 (m)": {
        "ion (g/m^2)": {
            "Mg": 0.0005549955194013541,
            "C": 0.0001371299050580918,
            "O": 0.0009133506802211505,
            "H": 3.452389531940347e-05
        }
    },
    "0.296 (m)": {
        "ion (g/m^2)": {
            "Mg": 0.0005008496150695147,
            "C": 0.00012375137773535115,
            "O": 0.0008242432967849407,
            "H": 3.1155710410193375e-05
        }
    },
    "0.381 (m)": {
        "ion (g/m^2)": {
            "Mg": 0.00045008782975841525,
            "C": 0.00011120900837028179,
            "O": 0.000740705124813494,
            "H": 2.799803705780891e-05
        }
    },
    "0.466 (m)": {
        "ion (g/m^2)": {
            "Mg": 0.00039932604444731576,
            "C": 9.866663900521241e-05,
            "O": 0.0006571669528420474,
            "H": 2.484036370542445e-05
        }
    },
    "0.55 (m)": {
        "ion (g/m^2)": {
            "Mg": 0.0003553324971776962,
            "C": 8.779658555548561e-05,
            "O": 0.0005847672038001269,
            "H": 2.2103713466691246e-05
        }
    },
    "0.635 (m)": {
        "ion (g/m^2)": {
            "Mg": 0.00031370783322259464,
            "C": 7.751184267612873e-05,
            "O": 0.0005162659027835405,
            "H": 1.9514421317735985e-05
        }
    },
    "0.72 (m)": {
        "ion (g/m^2)": {
            "Mg": 0.0002747904644840851,
            "C": 6.789602616290888e-05,
            "O": 0.0004522199709387648,
            "H": 1.709353841424123e-05
        }
    },
    "0.804 (m)": {
        "ion (g/m^2)": {
            "Mg": 0.00023891880286424147,
            "C": 5.903275181159319e-05,
            "O": 0.0003931863294122758,
            "H": 1.4862115911889542e-05
        }
    },
    "0.889 (m)": {
        "ion (g/m^2)": {
            "Mg": 0.00020575443646098982,
            "C": 5.083840382641453e-05,
            "O": 0.0003386080570575973,
            "H": 1.279910265499836e-05
        }
    },
    "0.974 (m)": {
        "ion (g/m^2)": {
            "Mg": 0.00020575443646098982,
            "C": 5.083840382641453e-05,
            "O": 0.0003386080570575973,
            "H": 1.279910265499836e-05
        }
    }
}