elements,conc (input units)
Mn,3747.96647169293
Fe,33.23196938234398
B,24.986443144619535
Cl,102319.484677217
Na,49510.63709106361
S(6),56.21949707539395
Ca,10976.544473431362
K,437.26275503084184
Mg,1050.6799342312515
Sr,3017.113009712809
Ba,1201.8479152561997
Li,118.6856049369428
