{
    "1.27E-1 (m)": {
        "ion (g/m^2)": {
            "Ba": 0.0016239906148345941,
            "S": 0.0003791917034863592,
            "O": 0.014718297426128804,
            "Ca": 0.01165769102170618,
            "C": 0.0034936131931335495
        },
        "total_moles": 0.09976
    },
    "2.12E-1 (m)": {
        "ion (g/m^2)": {
            "Ba": 0.0015651503751666742,
            "S": 0.00036545287364989694,
            "O": 0.014446190768153138,
            "Ca": 0.011453380972872153,
            "C": 0.0034323849206765694
        },
        "total_moles": 0.09795999999999999
    },
    "2.96E-1 (m)": {
        "ion (g/m^2)": {
            "Ba": 0.001512194159465546,
            "S": 0.00035308792679708084,
            "O": 0.0141912194813141,
            "Ca": 0.011261089162204835,
            "C": 0.0033747583113052947
        },
        "total_moles": 0.09627000000000001
    },
    "3.81E-1 (m)": {
        "ion (g/m^2)": {
            "Ba": 0.001453353919797626,
            "S": 0.0003393490969606186,
            "O": 0.013919112823338433,
            "Ca": 0.011056779113370808,
            "C": 0.0033135300388483146
        },
        "total_moles": 0.09447
    },
    "4.66E-1 (m)": {
        "ion (g/m^2)": {
            "Ba": 0.001400397704096498,
            "S": 0.00032698415010780254,
            "O": 0.01364974825841233,
            "Ca": 0.010852469064536784,
            "C": 0.0032523017663913354
        },
        "total_moles": 0.09268000000000001
    },
    "5.50E-1 (m)": {
        "ion (g/m^2)": {
            "Ba": 0.0013474414883953697,
            "S": 0.00031461920325498644,
            "O": 0.013380383693486226,
            "Ca": 0.010648159015702758,
            "C": 0.0031910734939343552
        },
        "total_moles": 0.09089
    },
    "6.35E-1 (m)": {
        "ion (g/m^2)": {
            "Ba": 0.001294485272694242,
            "S": 0.0003022542564021704,
            "O": 0.013096625850473062,
            "Ca": 0.010431830728702024,
            "C": 0.003126243558391671
        },
        "total_moles": 0.089
    },
    "7.20E-1 (m)": {
        "ion (g/m^2)": {
            "Ba": 0.0012415290569931137,
            "S": 0.00028988930954935435,
            "O": 0.012812868007459899,
            "Ca": 0.010215502441701291,
            "C": 0.0030614136228489866
        },
        "total_moles": 0.08711
    },
    "8.04E-1 (m)": {
        "ion (g/m^2)": {
            "Ba": 0.0011885728412919857,
            "S": 0.0002775243626965383,
            "O": 0.012529110164446732,
            "Ca": 0.009999174154700557,
            "C": 0.002996583687306302
        },
        "total_moles": 0.08521999999999999
    },
    "8.89E-1 (m)": {
        "ion (g/m^2)": {
            "Ba": 0.0011415006495576496,
            "S": 0.00026653329882736845,
            "O": 0.01224809441448313,
            "Ca": 0.009782845867699825,
            "C": 0.0029317537517636176
        },
        "total_moles": 0.08334
    }
}