{
    "35 (s)": {
        "ion (g/m^2)": {
            "Ca": 0.008059491470581596,
            "S": 0.006448116023858448,
            "O": 0.016087008812119268,
            "H": 0.00040538369344069136
        }
    },
    "38 (s)": {
        "ion (g/m^2)": {
            "Ca": 0.020200725395619037,
            "S": 0.016161890808187144,
            "O": 0.04032130918392474,
            "H": 0.001016074612269088
        }
    },
    "41 (s)": {
        "ion (g/m^2)": {
            "Ca": 0.032237965882326386,
            "S": 0.02579246409543379,
            "O": 0.06434803524847707,
            "H": 0.0016215347737627654
        }
    },
    "44 (s)": {
        "ion (g/m^2)": {
            "Ca": 0.04445719488611139,
            "S": 0.03556864000257402,
            "O": 0.08873801635072241,
            "H": 0.002236148760592201
        }
    },
    "47 (s)": {
        "ion (g/m^2)": {
            "Ca": 0.056416440294071175,
            "S": 0.045136812167009134,
            "O": 0.11260906168483487,
            "H": 0.0028376858540848397
        }
    },
    "50 (s)": {
        "ion (g/m^2)": {
            "Ca": 0.06837568570203097,
            "S": 0.05470498433144425,
            "O": 0.13648010701894733,
            "H": 0.0034392229475774787
        }
    },
    "53 (s)": {
        "ion (g/m^2)": {
            "Ca": 0.08033493110999075,
            "S": 0.06427315649587936,
            "O": 0.16035115235305977,
            "H": 0.004040760041070117
        }
    },
    "56 (s)": {
        "ion (g/m^2)": {
            "Ca": 0.09203419292212532,
            "S": 0.07363332491760936,
            "O": 0.18370326191903935,
            "H": 0.004629220241225959
        }
    },
    "59 (s)": {
        "ion (g/m^2)": {
            "Ca": 0.1037334547342599,
            "S": 0.08299349333933938,
            "O": 0.20705537148501896,
            "H": 0.005217680441381802
        }
    },
    "62 (s)": {
        "ion (g/m^2)": {
            "Ca": 0.11543271654639449,
            "S": 0.09235366176106938,
            "O": 0.23040748105099854,
            "H": 0.005806140641537645
        }
    },
    "65 (s)": {
        "ion (g/m^2)": {
            "Ca": 0.12713197835852905,
            "S": 0.10171383018279938,
            "O": 0.2537595906169781,
            "H": 0.006394600841693487
        }
    },
    "68 (s)": {
        "ion (g/m^2)": {
            "Ca": 0.13883124017066364,
            "S": 0.11107399860452939,
            "O": 0.2771117001829577,
            "H": 0.006983061041849329
        }
    },
    "71 (s)": {
        "ion (g/m^2)": {
            "Ca": 0.1505305019827982,
            "S": 0.12043416702625938,
            "O": 0.30046380974893727,
            "H": 0.007571521242005171
        }
    },
    "74 (s)": {
        "ion (g/m^2)": {
            "Ca": 0.162489747390758,
            "S": 0.1300023391906945,
            "O": 0.3243348550830497,
            "H": 0.00817305833549781
        }
    },
    "77 (s)": {
        "ion (g/m^2)": {
            "Ca": 0.1741890092028926,
            "S": 0.13936250761242452,
            "O": 0.3476869646490293,
            "H": 0.008761518535653653
        }
    },
    "80 (s)": {
        "ion (g/m^2)": {
            "Ca": 0.18588827101502714,
            "S": 0.1487226760341545,
            "O": 0.37103907421500887,
            "H": 0.009349978735809495
        }
    },
    "83 (s)": {
        "ion (g/m^2)": {
            "Ca": 0.19784751642298695,
            "S": 0.15829084819858963,
            "O": 0.39491011954912136,
            "H": 0.009951515829302133
        }
    },
    "86 (s)": {
        "ion (g/m^2)": {
            "Ca": 0.20980676183094674,
            "S": 0.16785902036302475,
            "O": 0.41878116488323386,
            "H": 0.010553052922794773
        }
    },
    "89 (s)": {
        "ion (g/m^2)": {
            "Ca": 0.22176600723890652,
            "S": 0.17742719252745986,
            "O": 0.44265221021734624,
            "H": 0.011154590016287411
        }
    },
    "92 (s)": {
        "ion (g/m^2)": {
            "Ca": 0.2337252526468663,
            "S": 0.18699536469189498,
            "O": 0.46652325555145874,
            "H": 0.01175612710978005
        }
    },
    "95 (s)": {
        "ion (g/m^2)": {
            "Ca": 0.2456844980548261,
            "S": 0.19656353685633007,
            "O": 0.4903943008855712,
            "H": 0.012357664203272688
        }
    },
    "98 (s)": {
        "ion (g/m^2)": {
            "Ca": 0.2576437434627859,
            "S": 0.20613170902076522,
            "O": 0.5142653462196837,
            "H": 0.012959201296765328
        }
    },
    "102 (s)": {
        "ion (g/m^2)": {
            "Ca": 0.2703829396582213,
            "S": 0.21632389241331568,
            "O": 0.5396931988581948,
            "H": 0.013599969070268357
        }
    },
    "105 (s)": {
        "ion (g/m^2)": {
            "Ca": 0.28078228349122986,
            "S": 0.22464404212152012,
            "O": 0.56045062958351,
            "H": 0.014123044803740216
        }
    },
    "108 (s)": {
        "ion (g/m^2)": {
            "Ca": 0.29378146328249044,
            "S": 0.23504422925677565,
            "O": 0.5863974179901539,
            "H": 0.01477688947058004
        }
    },
    "111 (s)": {
        "ion (g/m^2)": {
            "Ca": 0.3067806430737511,
            "S": 0.2454444163920312,
            "O": 0.6123442063967979,
            "H": 0.015430734137419865
        }
    },
    "114 (s)": {
        "ion (g/m^2)": {
            "Ca": 0.3171799869067596,
            "S": 0.2537645661002357,
            "O": 0.6331016371221131,
            "H": 0.015953809870891726
        }
    },
    "117 (s)": {
        "ion (g/m^2)": {
            "Ca": 0.3301791666980203,
            "S": 0.26416475323549127,
            "O": 0.6590484255287571,
            "H": 0.01660765453773155
        }
    },
    "120 (s)": {
        "ion (g/m^2)": {
            "Ca": 0.3431783464892809,
            "S": 0.2745649403707468,
            "O": 0.6849952139354011,
            "H": 0.017261499204571377
        }
    },
    "123 (s)": {
        "ion (g/m^2)": {
            "Ca": 0.3535776903222894,
            "S": 0.28288509007895124,
            "O": 0.7057526446607163,
            "H": 0.017784574938043234
        }
    },
    "126 (s)": {
        "ion (g/m^2)": {
            "Ca": 0.36657687011355,
            "S": 0.2932852772142068,
            "O": 0.7316994330673602,
            "H": 0.018438419604883058
        }
    },
    "129 (s)": {
        "ion (g/m^2)": {
            "Ca": 0.3795760499048107,
            "S": 0.30368546434946236,
            "O": 0.7576462214740042,
            "H": 0.019092264271722885
        }
    },
    "132 (s)": {
        "ion (g/m^2)": {
            "Ca": 0.3899753937378192,
            "S": 0.3120056140576668,
            "O": 0.7784036521993194,
            "H": 0.019615340005194742
        }
    },
    "135 (s)": {
        "ion (g/m^2)": {
            "Ca": 0.40297457352907984,
            "S": 0.3224058011929224,
            "O": 0.8043504406059634,
            "H": 0.02026918467203457
        }
    },
    "138 (s)": {
        "ion (g/m^2)": {
            "Ca": 0.4159737533203405,
            "S": 0.332805988328178,
            "O": 0.8302972290126074,
            "H": 0.020923029338874397
        }
    },
    "141 (s)": {
        "ion (g/m^2)": {
            "Ca": 0.426373097153349,
            "S": 0.34112613803638236,
            "O": 0.8510546597379224,
            "H": 0.021446105072346254
        }
    },
    "144 (s)": {
        "ion (g/m^2)": {
            "Ca": 0.4393722769446096,
            "S": 0.35152632517163795,
            "O": 0.8770014481445664,
            "H": 0.022099949739186078
        }
    },
    "147 (s)": {
        "ion (g/m^2)": {
            "Ca": 0.4497716207776181,
            "S": 0.3598464748798424,
            "O": 0.8977588788698816,
            "H": 0.02262302547265794
        }
    },