elements,ppm
Ca,641.0376072048558
Mg,2265.736370293025
Na,16440.40415029695
Sr,6.299852346668411
Cl,31981.42148531295
S(6),3850.370282930891
Fe,0.3039402447954058
K,793.0077296025588
