elements,conc (input units)
Ca,894.1846457124083
S(6),2207.518344102508
