elements,conc (input units)
Ca,999.4577257847814
S(6),2467.411260531179
