{
    "1.27E-1 (m)": {
        "ion (g/m^2)": {
            "Ca": 1.7288909122376652,
            "S": 1.3832248889889895,
            "O": 3.4509228580836493,
            "H": 0.0869613406896967
        }
    },
    "2.12E-1 (m)": {
        "ion (g/m^2)": {
            "Ca": 1.6768941930726227,
            "S": 1.3416241404479674,
            "O": 3.3471357044570733,
            "H": 0.0843459620223374
        }
    },
    "2.96E-1 (m)": {
        "ion (g/m^2)": {
            "Ca": 1.627497309865832,
            "S": 1.3021034293339961,
            "O": 3.248537908511826,
            "H": 0.08186135228834607
        }
    },
    "3.81E-1 (m)": {
        "ion (g/m^2)": {
            "Ca": 1.5781004266590417,
            "S": 1.262582718220025,
            "O": 3.149940112566579,
            "H": 0.07937674255435473
        }
    },
    "4.66E-1 (m)": {
        "ion (g/m^2)": {
            "Ca": 1.5313033794105033,
            "S": 1.225142044533105,
            "O": 3.0565316743026605,
            "H": 0.07702290175373136
        }
    },
    "5.50E-1 (m)": {
        "ion (g/m^2)": {
            "Ca": 1.481906496203713,
            "S": 1.185621333419134,
            "O": 2.9579338783574136,
            "H": 0.07453829201974004
        }
    },
    "6.35E-1 (m)": {
        "ion (g/m^2)": {
            "Ca": 1.4351094489551746,
            "S": 1.1481806597322137,
            "O": 2.864525440093495,
            "H": 0.07218445121911665
        }
    },
    "7.20E-1 (m)": {
        "ion (g/m^2)": {
            "Ca": 1.3883124017066364,
            "S": 1.1107399860452938,
            "O": 2.7711170018295768,
            "H": 0.06983061041849328
        }
    },
    "8.04E-1 (m)": {
        "ion (g/m^2)": {
            "Ca": 1.341515354458098,
            "S": 1.0732993123583738,
            "O": 2.6777085635656586,
            "H": 0.06747676961786993
        }
    },
    "8.89E-1 (m)": {
        "ion (g/m^2)": {
            "Ca": 1.297318143167812,
            "S": 1.037938676098505,
            "O": 2.589489482983069,
            "H": 0.06525369775061451
        }
    }
}