elements,conc (input units)
Mn,0.00034208189251364924
Fe,0.0070216221139811465
B,1.5024773318246556
Cl,27675.09585316307
Na,18353.028907761705
S,10620.189473462966
Ca,865.2659634168774
K,336.49231910656346
Mg,1840.0875656126361
Sr,9.278691855762382
Ba,0.012297061495588697
Li,0.2548845473631112
