elements,ppm
Mn,10.931070151384771
B,316.30806266277
Cl,204607.7263857668
Na,82150.6805855604
S(6),167.65445017461306
Ca,39789.98950810817
K,1810.668061885821
Mg,7041.486907333749
Sr,1095.342407807472
Ba,19559.685853704857
Li,26.82471202793809
