{
    "0.0423 (m)": {
        "ion (g/m^2)": {
            "Ba": 88.84876189855932,
            "S": 20.745633053058057,
            "O": 2080.841316759786,
            "Mg": 2629.803831010299,
            "H": 128.48162001465005,
            "Na": 4366.433127656338,
            "Cl": 6733.566872343662,
            "Ca": 772.2788372636477
        }
    },
    "0.127 (m)": {
        "ion (g/m^2)": {
            "Ba": 0.0002641926761089612,
            "S": 6.168734596571569e-05,
            "O": 0.09471136113942585,
            "Mg": 0.00020767802065920258,
            "H": 0.005958927947068193,
            "Na": 355.6086078739936,
            "Cl": 548.3913921260063,
            "Ca": 0.2365981528707721
        }
    },
    "0.212 (m)": {
        "ion (g/m^2)": {
            "Ba": 0.0002447753970185475,
            "S": 5.715353211968313e-05,
            "O": 0.08993420939616857,
            "Mg": 0.00020238311361689995,
            "H": 0.005658544084378774,
            "Na": 346.9544160894495,
            "Cl": 535.0455839105504,
            "Ca": 0.22466293447669752
        }
    },
    "0.296 (m)": {
        "ion (g/m^2)": {
            "Ba": 0.0002294769347048883,
            "S": 5.358143636220293e-05,
            "O": 0.08544079784126558,
            "Mg": 0.0001994414985933985,
            "H": 0.0053759145362112706,
            "Na": 338.30022430490544,
            "Cl": 521.6997756950946,
            "Ca": 0.21342978775286264
        }
    },
    "0.381 (m)": {
        "ion (g/m^2)": {
            "Ba": 0.00021653208197794588,
            "S": 5.055889379818123e-05,
            "O": 0.08094848312358242,
            "Mg": 0.00019649988356989703,
            "H": 0.005093284988043768,
            "Na": 330.03940487420425,
            "Cl": 508.9605951257957,
            "Ca": 0.20219664102902776
        }
    },
    "0.466 (m)": {
        "ion (g/m^2)": {
            "Ba": 0.0002047640340443619,
            "S": 4.781112783088877e-05,
            "O": 0.0767377629898122,
            "Mg": 0.00019473491455579618,
            "H": 0.004828360958324178,
            "Na": 321.77858544350306,
            "Cl": 496.2214145564969,
            "Ca": 0.19166556597543258
        }
    },
    "0.55 (m)": {
        "ion (g/m^2)": {
            "Ba": 0.00019417279090413626,
            "S": 4.533813846032556e-05,
            "O": 0.07252720399569358,
            "Mg": 0.000192381622536995,
            "H": 0.004563412530567585,
            "Na": 313.5177660128019,
            "Cl": 483.4822339871981,
            "Ca": 0.1811344909218374
        }
    },
    "0.635 (m)": {
        "ion (g/m^2)": {
            "Ba": 0.00018475835255726903,
            "S": 4.313992568649159e-05,
            "O": 0.06859785230652958,
            "Mg": 0.00019061665352289415,
            "H": 0.004316145223221899,
            "Na": 305.25694658210074,
            "Cl": 470.74305341789926,
            "Ca": 0.17130548753848185
        }
    },
    "0.72 (m)": {
        "ion (g/m^2)": {
            "Ba": 0.00017652071900376023,
            "S": 4.121648950938687e-05,
            "O": 0.0646694363149338,
            "Mg": 0.00018944000751349357,
            "H": 0.004068902313913217,
            "Na": 297.38949950524244,
            "Cl": 458.6105004947575,
            "Ca": 0.16147648415512636
        }
    },
    "0.804 (m)": {
        "ion (g/m^2)": {
            "Ba": 0.00016945989024360985,
            "S": 3.95678299290114e-05,
            "O": 0.06074156874194792,
            "Mg": 0.00018826336150409297,
            "H": 0.003821659404604534,
            "Na": 289.5220524283842,
            "Cl": 446.47794757161574,
            "Ca": 0.15164748077177082
        }
    },
    "0.889 (m)": {
        "ion (g/m^2)": {
            "Ba": 0.0001635758662768178,
            "S": 3.8193946945365164e-05,
            "O": 0.05709452119495837,
            "Mg": 0.00018708671549469237,
            "H": 0.0035920732176697575,
            "Na": 281.6546053515259,
            "Cl": 434.34539464847404,
            "Ca": 0.142520549058655
        }
    },
    "0.974 (m)": {
        "ion (g/m^2)": {
            "Ba": 0.00015886864710338422,
            "S": 3.7094840558448184e-05,
            "O": 0.05344840934553703,
            "Mg": 0.00018649839248999212,
            "H": 0.0033625114287719835,
            "Na": 274.18053062851055,
            "Cl": 422.8194693714894,
            "Ca": 0.13339361734553914
        }
    }
}