elements,ppm
Mn,13.892462388408461
Fe,4.622491981754614
B,3.4606223755298053
Cl,172543.00860966012
Na,97946.85712690858
S(6),1524.1730318217917
Ca,7445.960057096621
K,460.9998760182304
Mg,1649.1052475448894
Sr,124.30755464448218
Ba,1201.8479152561997
Li,37.89194102881552
