elements,ppm
Mn,13.893116639840096
Fe,4.622709673328091
B,3.460785350032111
Cl,172551.13434772193
Na,97951.46983484385
S(6),1524.2448112054783
Ca,7446.310717036599
K,461.0215863400176
Mg,1649.1829104846158
Sr,124.31340878274189
Ba,1201.9045150653035
Li,37.893725511362426
