{
    "0.0423 (m)": {
        "ion (g/m^2)": {
            "Ba": 350.68782842080367,
            "S": 81.88342582531526,
            "O": 167.827581047819,
            "Ca": 3.672981922456366,
            "Mg": 2.22745210901996,
            "C": 1.1007306745857246
        }
    },
    "0.127 (m)": {
        "ion (g/m^2)": {
            "Ba": 0.0031008806304993882,
            "S": 0.0007240363323815628,
            "O": 0.09019351440604258,
            "Ca": 0.07410402124254072,
            "Mg": 0.04493982325215709,
            "C": 0.022207724136378653
        }
    },
    "0.212 (m)": {
        "ion (g/m^2)": {
            "Ba": 0.00293024393546242,
            "S": 0.0006841937258558221,
            "O": 0.08625536625678253,
            "Ca": 0.07088210727547373,
            "Mg": 0.04298591789336765,
            "C": 0.021242170913057842
        }
    },
    "0.296 (m)": {
        "ion (g/m^2)": {
            "Ba": 0.0027831433362926197,
            "S": 0.0006498466512646664,
            "O": 0.08232818647972072,
            "Ca": 0.06766019330840674,
            "Mg": 0.04103201253457821,
            "C": 0.020276617689737028
        }
    },
    "0.381 (m)": {
        "ion (g/m^2)": {
            "Ba": 0.0026419267610896116,
            "S": 0.0006168734596571568,
            "O": 0.07878961154079075,
            "Ca": 0.06476047073804646,
            "Mg": 0.03927349771166772,
            "C": 0.0194076197887483
        }
    },
    "0.466 (m)": {
        "ion (g/m^2)": {
            "Ba": 0.0025124782338201875,
            "S": 0.0005866480340169398,
            "O": 0.0752565207879599,
            "Ca": 0.061860748167686164,
            "Mg": 0.03751498288875722,
            "C": 0.018538621887759572
        }
    },
    "0.55 (m)": {
        "ion (g/m^2)": {
            "Ba": 0.0023830297065507633,
            "S": 0.0005564226083767227,
            "O": 0.0724951555252936,
            "Ca": 0.05960540839073927,
            "Mg": 0.036147249137604615,
            "C": 0.017862734631435003
        }
    },
    "0.635 (m)": {
        "ion (g/m^2)": {
            "Ba": 0.002259465203248131,
            "S": 0.000527571065720152,
            "O": 0.07552447353191102,
            "Ca": 0.062182939564392865,
            "Mg": 0.037710373424636165,
            "C": 0.01863517721009165
        }
    },
    "0.72 (m)": {
        "ion (g/m^2)": {
            "Ba": 0.002141784723912291,
            "S": 0.0005000934060472274,
            "O": 0.07431204343567296,
            "Ca": 0.06121636537427277,
            "Mg": 0.03712420181699933,
            "C": 0.01834551124309541
        }
    },
    "0.804 (m)": {
        "ion (g/m^2)": {
            "Ba": 0.0020241042445764508,
            "S": 0.00047261574637430276,
            "O": 0.07271375059435263,
            "Ca": 0.059927599787445975,
            "Mg": 0.03634263967348356,
            "C": 0.017959289953767082
        }
    },
    "0.889 (m)": {
        "ion (g/m^2)": {
            "Ba": 0.0019123077892074026,
            "S": 0.0004465119696850244,
            "O": 0.07111819984608184,
            "Ca": 0.058638834200619175,
            "Mg": 0.03556107752996778,
            "C": 0.017573068664438758
        }
    },
    "0.974 (m)": {
        "ion (g/m^2)": {
            "Ba": 0.0019123077892074026,
            "S": 0.0004465119696850244,
            "O": 0.07111819984608184,
            "Ca": 0.058638834200619175,
            "Mg": 0.03556107752996778,
            "C": 0.017573068664438758
        }
    }
}