{
    "1.27E-1 (m)": {
        "ion (g/m^2)": {
            "Ba": 0.0037069350990789653,
            "S": 0.0008655462796971243,
            "O": 0.09047594999014745,
            "Ca": 0.07410402124254072,
            "Mg": 0.04493982325215709,
            "C": 0.022207724136378653
        }
    },
    "2.12E-1 (m)": {
        "ion (g/m^2)": {
            "Ba": 0.0035068782842080366,
            "S": 0.0008188342582531525,
            "O": 0.08536650314039275,
            "Ca": 0.06991553308535363,
            "Mg": 0.042399746285730816,
            "C": 0.020952504946061597
        }
    },
    "2.96E-1 (m)": {
        "ion (g/m^2)": {
            "Ba": 0.003342125613137861,
            "S": 0.0007803655347110582,
            "O": 0.08027350884893543,
            "Ca": 0.06572704492816654,
            "Mg": 0.03985966931930455,
            "C": 0.019697285755744542
        }
    },
    "3.81E-1 (m)": {
        "ion (g/m^2)": {
            "Ba": 0.0031891409900012685,
            "S": 0.0007446445771362562,
            "O": 0.0755718614886595,
            "Ca": 0.061860748167686164,
            "Mg": 0.03751498288875722,
            "C": 0.018538621887759572
        }
    },
    "4.66E-1 (m)": {
        "ion (g/m^2)": {
            "Ba": 0.00304792441479826,
            "S": 0.0007116713855287466,
            "O": 0.0708756983144827,
            "Ca": 0.05799445140720578,
            "Mg": 0.0351702964582099,
            "C": 0.017379958019774596
        }
    },
    "5.50E-1 (m)": {
        "ion (g/m^2)": {
            "Ba": 0.0029125918635620443,
            "S": 0.0006800720769048835,
            "O": 0.06772572821368457,
            "Ca": 0.055416920233552186,
            "Mg": 0.03360717217117834,
            "C": 0.016607515441117948
        }
    },
    "6.35E-1 (m)": {
        "ion (g/m^2)": {
            "Ba": 0.0027831433362926197,
            "S": 0.0006498466512646664,
            "O": 0.07190989236249926,
            "Ca": 0.058961025597325877,
            "Mg": 0.035756468065846723,
            "C": 0.01766962398677084
        }
    },
    "7.20E-1 (m)": {
        "ion (g/m^2)": {
            "Ba": 0.0026595788329899874,
            "S": 0.0006209951086080956,
            "O": 0.07030885742812934,
            "Ca": 0.05767226001049908,
            "Mg": 0.03497490592233095,
            "C": 0.017283402697442517
        }
    },
    "8.04E-1 (m)": {
        "ion (g/m^2)": {
            "Ba": 0.0025418983536541475,
            "S": 0.0005935174489351709,
            "O": 0.06832470184172675,
            "Ca": 0.05606130302696558,
            "Mg": 0.03399795324293623,
            "C": 0.01680062608578211
        }
    },
    "8.89E-1 (m)": {
        "ion (g/m^2)": {
            "Ba": 0.002430101898285099,
            "S": 0.0005674136722458926,
            "O": 0.06672915109345597,
            "Ca": 0.0547725374401388,
            "Mg": 0.03321639109942046,
            "C": 0.01641440479645379
        }
    }
}