time (sec),Ca(mol/kgw),Mg(mol/kgw),Na(mol/kgw),Sr(mol/kgw),Cl(mol/kgw),S(6)(mol/kgw),Fe(mol/kgw)
75.78490560823342,0.02533932180282887,0.03829173180283458,0.23564338082947525,0.00021570840564349842,0.2781833861357343,0.04030547112418236,9.949149891861392e-06
