elements,ppm
Mn,0.00034201507835621066
Fe,0.007020250676978298
B,1.5021838735645332
Cl,27669.69045681814
Na,18349.44426271105
S(6),10618.115177725495
Ca,865.0969629010034
K,336.4265966837236
Mg,1839.728166582754
Sr,9.276879576328591
Ba,0.012294659679471624
Li,0.25483476426541185
Zn,0.0002347162302444583
Ni,0.00013412356013969045
Cu,0.00012294659679471626
Cd,0.00041354764376404555
Co,0.00014530052348466464
Pb,0.0004023706804190714
