{
    "1.27E-1 (m)": {
        "ion (g/m^2)": {
            "Ca": 0.0,
            "S": 0.0,
            "O": 0.0
        },
        "total_moles": 0.0
    },
    "2.12E-1 (m)": {
        "ion (g/m^2)": {
            "Ca": 0.0,
            "S": 0.0,
            "O": 0.0
        },
        "total_moles": 0.0
    },
    "2.96E-1 (m)": {
        "ion (g/m^2)": {
            "Ca": 0.0,
            "S": 0.0,
            "O": 0.0
        },
        "total_moles": 0.0
    },
    "3.81E-1 (m)": {
        "ion (g/m^2)": {
            "Ca": 0.0,
            "S": 0.0,
            "O": 0.0
        },
        "total_moles": 0.0
    },
    "4.66E-1 (m)": {
        "ion (g/m^2)": {
            "Ca": 0.0,
            "S": 0.0,
            "O": 0.0
        },
        "total_moles": 0.0
    },
    "5.50E-1 (m)": {
        "ion (g/m^2)": {
            "Ca": 0.0,
            "S": 0.0,
            "O": 0.0
        },
        "total_moles": 0.0
    },
    "6.35E-1 (m)": {
        "ion (g/m^2)": {
            "Ca": 0.0,
            "S": 0.0,
            "O": 0.0
        },
        "total_moles": 0.0
    },
    "7.20E-1 (m)": {
        "ion (g/m^2)": {
            "Ca": 0.0,
            "S": 0.0,
            "O": 0.0
        },
        "total_moles": 0.0
    },
    "8.04E-1 (m)": {
        "ion (g/m^2)": {
            "Ca": 1.4042251907219447,
            "S": 1.123471249575806,
            "O": 2.2423035597022487
        },
        "total_moles": 4.77
    },
    "8.89E-1 (m)": {
        "ion (g/m^2)": {
            "Ca": 2.2785540830582502,
            "S": 1.8229910842173458,
            "O": 3.638454832724404
        },
        "total_moles": 7.74
    }
}