{
    "0.0423 (m)": {
        "ion (g/m^2)": {
            "Ba": 0.005124984875075839,
            "S": 0.0011966520787558656,
            "O": 0.654524071230812,
            "Ca": 0.0,
            "C": 0.15758005556998947,
            "Fe": 0.810873027216254,
            "H": 0.0014112090291128604
        }
    },
    "0.127 (m)": {
        "ion (g/m^2)": {
            "Ba": 0.00033421256131378605,
            "S": 7.803655347110582e-05,
            "O": 0.0714196380997602,
            "Ca": 0.0,
            "C": 0.017831427340814596,
            "Fe": 0.08292440873698753,
            "H": 2.7670765276722757e-07
        }
    },
    "0.212 (m)": {
        "ion (g/m^2)": {
            "Ba": 0.0003159720870167309,
            "S": 7.377751622180251e-05,
            "O": 0.068925385199257,
            "Ca": 0.0,
            "C": 0.017209400805669902,
            "Fe": 0.08003238491710526,
            "H": 2.794747292948998e-07
        }
    },
    "0.296 (m)": {
        "ion (g/m^2)": {
            "Ba": 0.00029832001511635476,
            "S": 6.96558672708638e-05,
            "O": 0.06643138454665025,
            "Ca": 0.0,
            "C": 0.016587374270525205,
            "Fe": 0.07714028444216976,
            "H": 2.8085826755873597e-07
        }
    },
    "0.381 (m)": {
        "ion (g/m^2)": {
            "Ba": 0.00028066794321597875,
            "S": 6.553421831992513e-05,
            "O": 0.06352310646630759,
            "Ca": 0.0,
            "C": 0.01586167664618973,
            "Fe": 0.07376623110062269,
            "H": 2.8362534408640827e-07
        }
    },
    "0.466 (m)": {
        "ion (g/m^2)": {
            "Ba": 0.0002641926761089612,
            "S": 6.168734596571569e-05,
            "O": 0.06102967619371925,
            "Ca": 0.0,
            "C": 0.015239650111045031,
            "Fe": 0.07087420728074043,
            "H": 2.863924206140805e-07
        }
    },
    "0.55 (m)": {
        "ion (g/m^2)": {
            "Ba": 0.00024830581139862276,
            "S": 5.797786190987087e-05,
            "O": 0.058122198779882936,
            "Ca": 0.0,
            "C": 0.014513952486709556,
            "Fe": 0.06750007728414015,
            "H": 2.8777595887791667e-07
        }
    },
    "0.635 (m)": {
        "ion (g/m^2)": {
            "Ba": 0.00023359575148164272,
            "S": 5.4543154450755295e-05,
            "O": 0.13501488956609864,
            "Ca": 0.07528122061928184,
            "C": 0.0337569885486185,
            "Fe": 0.052071146528099466,
            "H": 2.158319691584375e-07
        }
    },
    "0.72 (m)": {
        "ion (g/m^2)": {
            "Ba": 0.0002218277035480587,
            "S": 5.1795388483462834e-05,
            "O": 0.47242328611930245,
            "Ca": 0.39202295205466453,
            "C": 0.11818969739624756,
            "Fe": 0.003287441337753843,
            "H": 0.0
        }
    },
    "0.804 (m)": {
        "ion (g/m^2)": {
            "Ba": 0.00020711764363107868,
            "S": 4.8360681024347265e-05,
            "O": 0.506436563232598,
            "Ca": 0.42045362579918055,
            "C": 0.12670263337232865,
            "Fe": 0.0032536992712373083,
            "H": 0.0
        }
    },
    "0.889 (m)": {
        "ion (g/m^2)": {
            "Ba": 0.00019240758371409864,
            "S": 4.492597356523169e-05,
            "O": 0.5446913537759663,
            "Ca": 0.45248818776483235,
            "C": 0.1362769330111007,
            "Fe": 0.0031331918908211113,
            "H": 0.0
        }
    },
    "0.974 (m)": {
        "ion (g/m^2)": {
            "Ba": 0.00017828592619379785,
            "S": 4.162865440448074e-05,
            "O": 0.5875929233264575,
            "Ca": 0.4885270699761907,
            "C": 0.14701393823414785,
            "Fe": 0.002839153882605592,
            "H": 0.0
        }
    }
}