{
    "1.27E-1 (m)": {
        "ion (g/m^2)": {
            "Ca": 0.0,
            "C": 0.0,
            "O": 0.0,
            "Fe": 0.0,
            "H": 0.0
        }
    },
    "2.12E-1 (m)": {
        "ion (g/m^2)": {
            "Ca": 0.0,
            "C": 0.0,
            "O": 0.0,
            "Fe": 0.0,
            "H": 0.0
        }
    },
    "2.96E-1 (m)": {
        "ion (g/m^2)": {
            "Ca": 0.0,
            "C": 0.0,
            "O": 0.0,
            "Fe": 0.0,
            "H": 0.0
        }
    },
    "3.81E-1 (m)": {
        "ion (g/m^2)": {
            "Ca": 0.0,
            "C": 0.0,
            "O": 0.0,
            "Fe": 0.0,
            "H": 0.0
        }
    },
    "4.66E-1 (m)": {
        "ion (g/m^2)": {
            "Ca": 0.0,
            "C": 0.0,
            "O": 0.0,
            "Fe": 0.0,
            "H": 0.0
        }
    },
    "5.50E-1 (m)": {
        "ion (g/m^2)": {
            "Ca": 0.0,
            "C": 0.0,
            "O": 0.0,
            "Fe": 0.0,
            "H": 0.0
        }
    },
    "6.35E-1 (m)": {
        "ion (g/m^2)": {
            "Ca": 0.0,
            "C": 0.0,
            "O": 0.0,
            "Fe": 0.0,
            "H": 0.0
        }
    },
    "7.20E-1 (m)": {
        "ion (g/m^2)": {
            "Ca": 0.2454648310618073,
            "C": 0.07356166591232219,
            "O": 0.2939735030258705,
            "Fe": 0.0,
            "H": 0.0
        }
    },
    "8.04E-1 (m)": {
        "ion (g/m^2)": {
            "Ca": 0.34156851695876284,
            "C": 0.10236231814553153,
            "O": 0.40906916489570555,
            "Fe": 0.0,
            "H": 0.0
        }
    },
    "8.89E-1 (m)": {
        "ion (g/m^2)": {
            "Ca": 0.36239098223643657,
            "C": 0.1086024594627269,
            "O": 0.4340065583008365,
            "Fe": 0.0,
            "H": 0.0
        }
    }
}