{
    "1.27E-1 (m)": {
        "ion (g/m^2)": {
            "Ca": 0.0,
            "S": 0.0,
            "O": 0.0
        },
        "total_grams": 0.0
    },
    "2.12E-1 (m)": {
        "ion (g/m^2)": {
            "Ca": 0.0,
            "S": 0.0,
            "O": 0.0
        },
        "total_grams": 0.0
    },
    "2.96E-1 (m)": {
        "ion (g/m^2)": {
            "Ca": 0.0,
            "S": 0.0,
            "O": 0.0
        },
        "total_grams": 0.0
    },
    "3.81E-1 (m)": {
        "ion (g/m^2)": {
            "Ca": 0.0,
            "S": 0.0,
            "O": 0.0
        },
        "total_grams": 0.0
    },
    "4.66E-1 (m)": {
        "ion (g/m^2)": {
            "Ca": 0.2899710299499194,
            "S": 0.2319956353945847,
            "O": 0.46303333465549584
        },
        "total_grams": 0.985
    },
    "5.50E-1 (m)": {
        "ion (g/m^2)": {
            "Ca": 2.3992526843572013,
            "S": 1.9195577953968177,
            "O": 3.831189520245981
        },
        "total_grams": 8.15
    },
    "6.35E-1 (m)": {
        "ion (g/m^2)": {
            "Ca": 2.3079927663018966,
            "S": 1.8465439406025828,
            "O": 3.6854632930955202
        },
        "total_grams": 7.84
    },
    "7.20E-1 (m)": {
        "ion (g/m^2)": {
            "Ca": 2.216732848246592,
            "S": 1.773530085808348,
            "O": 3.5397370659450598
        },
        "total_grams": 7.53
    },
    "8.04E-1 (m)": {
        "ion (g/m^2)": {
            "Ca": 2.131360666840017,
            "S": 1.7052268022911607,
            "O": 3.403412530868822
        },
        "total_grams": 7.24
    },
    "8.89E-1 (m)": {
        "ion (g/m^2)": {
            "Ca": 2.0459884854334414,
            "S": 1.6369235187739732,
            "O": 3.267087995792585
        },
        "total_grams": 6.95
    }
}