elements,ppm
Mn,19.739290084249433
Fe,112.4389941507879
B,4.914833366546663
Cl,155095.84988728238
Na,73085.34619801214
S(6),4.997288628923907
Ca,23737.120987388556
K,241.1191763455785
Mg,3148.291836222061
Sr,1836.5035711295359
Ba,1018.197558143246
Li,56.84415815400944
