{
    "0.0423 (m)": {
        "ion (g/m^2)": {
            "Ba": 1.8181634057387304,
            "S": 0.42452984194668475,
            "O": 12.069133784623507,
            "Ca": 9.370109374953167,
            "C": 2.8080635927379105
        }
    },
    "0.127 (m)": {
        "ion (g/m^2)": {
            "Ba": 0.0008884876189855932,
            "S": 0.0002074563305305806,
            "O": 0.06947145317238487,
            "Ca": 0.05766221153817333,
            "C": 0.017280391339925604
        }
    },
    "0.212 (m)": {
        "ion (g/m^2)": {
            "Ba": 0.0007825751875833371,
            "S": 0.00018272643682494847,
            "O": 0.06798339972411983,
            "Ca": 0.05646091546446138,
            "C": 0.016920383187010488
        }
    },
    "0.296 (m)": {
        "ion (g/m^2)": {
            "Ba": 0.000682546780147873,
            "S": 0.00015937042610296258,
            "O": 0.06649808836890435,
            "Ca": 0.05525961939074945,
            "C": 0.01656037503409537
        }
    },
    "0.381 (m)": {
        "ion (g/m^2)": {
            "Ba": 0.0005878139942825216,
            "S": 0.0001372509100662583,
            "O": 0.06501524489743347,
            "Ca": 0.0540583233170375,
            "C": 0.016200366881180255
        }
    },
    "0.466 (m)": {
        "ion (g/m^2)": {
            "Ba": 0.0004966116227972455,
            "S": 0.00011595572381974174,
            "O": 0.06353404668179233,
            "Ca": 0.052857027243325555,
            "C": 0.015840358728265138
        }
    },
    "0.55 (m)": {
        "ion (g/m^2)": {
            "Ba": 0.00041070487288208217,
            "S": 9.58970322585068e-05,
            "O": 0.0615757510921048,
            "Ca": 0.05125529914504296,
            "C": 0.015360347857711648
        }
    },
    "0.635 (m)": {
        "ion (g/m^2)": {
            "Ba": 0.0003289169397436733,
            "S": 7.680005878582421e-05,
            "O": 0.06009894022534295,
            "Ca": 0.05005400307133102,
            "C": 0.015000339704796532
        }
    },
    "0.72 (m)": {
        "ion (g/m^2)": {
            "Ba": 0.00025301303057205635,
            "S": 5.9076968296787845e-05,
            "O": 0.058624871451630665,
            "Ca": 0.04885270699761907,
            "C": 0.014640331551881415
        }
    },
    "0.804 (m)": {
        "ion (g/m^2)": {
            "Ba": 0.00018240474297055224,
            "S": 4.25903724930331e-05,
            "O": 0.057153270561662986,
            "Ca": 0.04765141092390713,
            "C": 0.014280323398966297
        }
    },
    "0.889 (m)": {
        "ion (g/m^2)": {
            "Ba": 0.00011768047933584017,
            "S": 2.7477659672924584e-05,
            "O": 0.05568441176474487,
            "Ca": 0.046450114850195186,
            "C": 0.013920315246051182
        }
    },
    "0.974 (m)": {
        "ion (g/m^2)": {
            "Ba": 6.001704446127848e-05,
            "S": 1.4013606433191537e-05,
            "O": 0.054218843479486224,
            "Ca": 0.04524881877648324,
            "C": 0.013560307093136065
        }
    }
}