{
    "1.27E-1 (m)": {
        "ion (g/m^2)": {
            "Ba": 0.0008708355470852172,
            "S": 0.0002033346815796419,
            "O": 0.0694632268932362,
            "Ca": 0.05766221153817333,
            "C": 0.017280391339925604
        }
    },
    "2.12E-1 (m)": {
        "ion (g/m^2)": {
            "Ba": 0.0007590390917161689,
            "S": 0.00017723090489036355,
            "O": 0.0674928660941306,
            "Ca": 0.05606048343989074,
            "C": 0.016800380469372118
        }
    },
    "2.96E-1 (m)": {
        "ion (g/m^2)": {
            "Ba": 0.000647242636347121,
            "S": 0.0001511271282010852,
            "O": 0.066002070552816,
            "Ca": 0.0548591873661788,
            "C": 0.016440372316457
        }
    },
    "3.81E-1 (m)": {
        "ion (g/m^2)": {
            "Ba": 0.0005472142289116567,
            "S": 0.0001277711174790993,
            "O": 0.06403719393980954,
            "Ca": 0.053257459267896205,
            "C": 0.01596036144590351
        }
    },
    "4.66E-1 (m)": {
        "ion (g/m^2)": {
            "Ba": 0.00045248144304630545,
            "S": 0.00010565160144239503,
            "O": 0.06207478521054767,
            "Ca": 0.05165573116961361,
            "C": 0.015480350575350021
        }
    },
    "5.50E-1 (m)": {
        "ion (g/m^2)": {
            "Ba": 0.0003642210835444253,
            "S": 8.504335668770157e-05,
            "O": 0.06011539278364032,
            "Ca": 0.05005400307133102,
            "C": 0.015000339704796532
        }
    },
    "6.35E-1 (m)": {
        "ion (g/m^2)": {
            "Ba": 0.0002830215528026956,
            "S": 6.608377151338361e-05,
            "O": 0.058159290868392444,
            "Ca": 0.04845227497304842,
            "C": 0.014520328834243042
        }
    },
    "7.20E-1 (m)": {
        "ion (g/m^2)": {
            "Ba": 0.0002088828508211163,
            "S": 4.877284591944114e-05,
            "O": 0.05620647946480406,
            "Ca": 0.046850546874765836,
            "C": 0.014040317963689554
        }
    },
    "8.04E-1 (m)": {
        "ion (g/m^2)": {
            "Ba": 0.00014298178239304578,
            "S": 3.3385356502603364e-05,
            "O": 0.05473707224927603,
            "Ca": 0.04564925080105389,
            "C": 0.013680309810774437
        }
    },
    "8.89E-1 (m)": {
        "ion (g/m^2)": {
            "Ba": 8.649515231184252e-05,
            "S": 2.0196079859599566e-05,
            "O": 0.052792487124836314,
            "Ca": 0.0440475227027713,
            "C": 0.013200298940220947
        }
    }
}