elements,ppm
Mn,12.218946109499655
B,6.921570700064222
Cl,248333.2130321778
Na,151175.10012775645
S(6),7333.866427685375
Ca,1586.713860845047
K,1611.7014807008748
Mg,1674.1705303404435
Sr,30.22252621562338
Ba,21864.167373849075
Li,0.28735762834201645
