elements,ppm
Mn,10.931070151384771
B,6.19203769311571
Cl,222158.91192637978
Na,135241.2564741879
S(6),6560.8774834998585
Ca,1419.474344811724
K,1441.8282715016724
Mg,1497.7130882265435
Sr,27.0370743314926
Ba,19559.685853704857
Li,0.2570701569344067
