{
    "0.0423 (m)": {
        "ion (g/m^2)": {
            "Ba": 3624.558763543877,
            "S": 846.3119179260771,
            "O": 1689.129318530046,
            "Na": 15026.823916799289,
            "Cl": 23173.17608320071
        }
    },
    "0.127 (m)": {
        "ion (g/m^2)": {
            "Ba": 0.00033715457329718207,
            "S": 7.872349496292893e-05,
            "O": 0.00015712193173988902,
            "Na": 358.362214350894,
            "Cl": 552.6377856491059
        }
    },
    "0.212 (m)": {
        "ion (g/m^2)": {
            "Ba": 0.00032656333015695644,
            "S": 7.625050559236571e-05,
            "O": 0.00015218616425067785,
            "Na": 350.10139492019283,
            "Cl": 539.8986050798071
        }
    },
    "0.296 (m)": {
        "ion (g/m^2)": {
            "Ba": 0.00031656048941341,
            "S": 7.391490452016712e-05,
            "O": 0.00014752460606642283,
            "Na": 341.84057548949164,
            "Cl": 527.1594245105083
        }
    },
    "0.381 (m)": {
        "ion (g/m^2)": {
            "Ba": 0.0003065576486698636,
            "S": 7.157930344796854e-05,
            "O": 0.00014286304788216784,
            "Na": 333.5797560587905,
            "Cl": 514.4202439412095
        }
    },
    "0.466 (m)": {
        "ion (g/m^2)": {
            "Ba": 0.0002965548079263172,
            "S": 6.924370237576995e-05,
            "O": 0.00013820148969791285,
            "Na": 325.3189366280893,
            "Cl": 501.6810633719106
        }
    },
    "0.55 (m)": {
        "ion (g/m^2)": {
            "Ba": 0.00028714036957944996,
            "S": 6.704548960193597e-05,
            "O": 0.00013381414081861402,
            "Na": 317.451489551231,
            "Cl": 489.5485104487689
        }
    },
    "0.635 (m)": {
        "ion (g/m^2)": {
            "Ba": 0.0002777259312325828,
            "S": 6.484727682810201e-05,
            "O": 0.0001294267919393152,
            "Na": 309.19067012052983,
            "Cl": 476.8093298794701
        }
    },
    "0.72 (m)": {
        "ion (g/m^2)": {
            "Ba": 0.00026831149288571556,
            "S": 6.264906405426805e-05,
            "O": 0.0001250394430600164,
            "Na": 301.3232230436716,
            "Cl": 464.67677695632835
        }
    },
    "0.804 (m)": {
        "ion (g/m^2)": {
            "Ba": 0.00025948545693552756,
            "S": 6.05882395787987e-05,
            "O": 0.00012092630348567374,
            "Na": 293.45577596681335,
            "Cl": 452.54422403318665
        }
    },
    "0.889 (m)": {
        "ion (g/m^2)": {
            "Ba": 0.00025065942098533955,
            "S": 5.852741510332936e-05,
            "O": 0.0001168131639113311,
            "Na": 285.98170124379794,
            "Cl": 441.018298756202
        }
    },
    "0.974 (m)": {
        "ion (g/m^2)": {
            "Ba": 0.00024242178743183072,
            "S": 5.6603978926224634e-05,
            "O": 0.00011297423364194462,
            "Na": 278.5076265207826,
            "Cl": 429.49237347921735
        }
    }
}