{
    "0.0423 (m)": {
        "ion (g/m^2)": {
            "Ca": 0.0,
            "C": 3.338209071943198,
            "O": 13.361499605071316,
            "Fe": 15.521350597606125,
            "Ba": 0.04518930406496262,
            "S": 0.010551421314403038
        }
    },
    "0.127 (m)": {
        "ion (g/m^2)": {
            "Ca": 0.0,
            "C": 0.10781793275841384,
            "O": 0.43323504891893055,
            "Fe": 0.5013107025313779,
            "Ba": 0.00507202865937471,
            "S": 0.0011842871319030493
        }
    },
    "0.212 (m)": {
        "ion (g/m^2)": {
            "Ca": 0.0,
            "C": 0.10470780008269036,
            "O": 0.42073477282530897,
            "Fe": 0.48684981688143425,
            "Ba": 0.004919044036238118,
            "S": 0.0011485661743282473
        }
    },
    "0.296 (m)": {
        "ion (g/m^2)": {
            "Ca": 0.0,
            "C": 0.10107931196101297,
            "O": 0.40616299978596526,
            "Fe": 0.46997878362316675,
            "Ba": 0.0047660594131015265,
            "S": 0.0011128452167534454
        }
    },
    "0.381 (m)": {
        "ion (g/m^2)": {
            "Ca": 0.0,
            "C": 0.09776183710690793,
            "O": 0.3928341249140549,
            "Fe": 0.45455383892989354,
            "Ba": 0.004613074789964934,
            "S": 0.0010771242591786437
        }
    },
    "0.466 (m)": {
        "ion (g/m^2)": {
            "Ca": 0.0,
            "C": 0.09434069116361211,
            "O": 0.37909369274604965,
            "Fe": 0.4386468647149556,
            "Ba": 0.004465974190795134,
            "S": 0.0010427771845874878
        }
    },
    "0.55 (m)": {
        "ion (g/m^2)": {
            "Ca": 2.2824625400526943,
            "C": 0.7408272474152707,
            "O": 2.9625871835164075,
            "Fe": 0.264152177872303,
            "Ba": 0.004354177735426086,
            "S": 0.0010166734078982096
        }
    },
    "0.635 (m)": {
        "ion (g/m^2)": {
            "Ca": 6.006480368559722,
            "C": 1.8051828505994467,
            "O": 7.21601339193414,
            "Fe": 0.023908664274573405,
            "Ba": 0.004260033351957414,
            "S": 0.00099469128015987
        }
    },
    "0.72 (m)": {
        "ion (g/m^2)": {
            "Ca": 6.527042000501565,
            "C": 1.9614870296879838,
            "O": 7.840575658778595,
            "Fe": 0.025306549887401285,
            "Ba": 0.004101164704854029,
            "S": 0.0009575964396014216
        }
    },
    "0.804 (m)": {
        "ion (g/m^2)": {
            "Ca": 7.127690037357537,
            "C": 2.1417606509774383,
            "O": 8.560926687364503,
            "Fe": 0.026559826643729734,
            "Ba": 0.003942296057750646,
            "S": 0.0009205015990429735
        }
    },
    "0.889 (m)": {
        "ion (g/m^2)": {
            "Ca": 7.848467681584704,
            "C": 2.357962517795971,
            "O": 9.424857283715301,
            "Fe": 0.027475682734892825,
            "Ba": 0.0037834274106472612,
            "S": 0.0008834067584845253
        }
    },
    "0.974 (m)": {
        "ion (g/m^2)": {
            "Ca": 8.689374933183064,
            "C": 2.6099993261633094,
            "O": 10.431994578380763,
            "Fe": 0.02762029159139226,
            "Ba": 0.003624558763543877,
            "S": 0.000846311917926077
        }
    }
}