{
    "0.0423 (m)": {
        "ion (g/m^2)": {
            "Ca": 0.0,
            "S": 0.0,
            "O": 0.0,
            "H": 0.0
        }
    },
    "0.127 (m)": {
        "ion (g/m^2)": {
            "Ca": 0.0,
            "S": 0.0,
            "O": 0.0,
            "H": 0.0
        }
    },
    "0.212 (m)": {
        "ion (g/m^2)": {
            "Ca": 0.0,
            "S": 0.0,
            "O": 0.0,
            "H": 0.0
        }
    },
    "0.296 (m)": {
        "ion (g/m^2)": {
            "Ca": 0.0,
            "S": 0.0,
            "O": 0.0,
            "H": 0.0
        }
    },
    "0.381 (m)": {
        "ion (g/m^2)": {
            "Ca": 0.0,
            "S": 0.0,
            "O": 0.0,
            "H": 0.0
        }
    },
    "0.466 (m)": {
        "ion (g/m^2)": {
            "Ca": 0.27298277561647344,
            "S": 0.21840392984036677,
            "O": 0.5448825565395236,
            "H": 0.013730738003636321
        }
    },
    "0.55 (m)": {
        "ion (g/m^2)": {
            "Ca": 2.155264009391014,
            "S": 1.7243510270253717,
            "O": 4.301977517821571,
            "H": 0.10840744576204295
        }
    },
    "0.635 (m)": {
        "ion (g/m^2)": {
            "Ca": 2.0850684385182063,
            "S": 1.6681900164949919,
            "O": 4.161864860425694,
            "H": 0.1048766845611079
        }
    },
    "0.72 (m)": {
        "ion (g/m^2)": {
            "Ca": 2.017472703603651,
            "S": 1.614109043391663,
            "O": 4.026941560711145,
            "H": 0.10147669229354081
        }
    },
    "0.804 (m)": {
        "ion (g/m^2)": {
            "Ca": 1.949876968689096,
            "S": 1.560028070288334,
            "O": 3.8920182609965965,
            "H": 0.09807670002597373
        }
    },
    "0.889 (m)": {
        "ion (g/m^2)": {
            "Ca": 1.8874809056910449,
            "S": 1.5101071720391073,
            "O": 3.7674736766447054,
            "H": 0.09493824562514255
        }
    },
    "0.974 (m)": {
        "ion (g/m^2)": {
            "Ca": 1.8250848426929938,
            "S": 1.4601862737898805,
            "O": 3.6429290922928144,
            "H": 0.0917997912243114
        }
    }
}