{
    "1.27E-1 (m)": {
        "ion (g/m^2)": {
            "Ca": 2.661256965225656,
            "S": 2.129178217225427,
            "O": 4.249564817548916
        },
        "total_moles": 9.04
    },
    "2.12E-1 (m)": {
        "ion (g/m^2)": {
            "Ca": 2.5847163887921747,
            "S": 2.0679407906238105,
            "O": 4.127342820584014
        },
        "total_moles": 8.78
    },
    "2.96E-1 (m)": {
        "ion (g/m^2)": {
            "Ca": 2.5111196806830582,
            "S": 2.009058649660718,
            "O": 4.0098216696562226
        },
        "total_moles": 8.53
    },
    "3.81E-1 (m)": {
        "ion (g/m^2)": {
            "Ca": 2.4404668408983063,
            "S": 1.952531794336149,
            "O": 3.897001364765543
        },
        "total_moles": 8.29
    },
    "4.66E-1 (m)": {
        "ion (g/m^2)": {
            "Ca": 2.3668701327891895,
            "S": 1.8936496533730567,
            "O": 3.7794802138377523
        },
        "total_moles": 8.04
    },
    "5.50E-1 (m)": {
        "ion (g/m^2)": {
            "Ca": 2.296217293004438,
            "S": 1.8371227980484879,
            "O": 3.6666599089470737
        },
        "total_moles": 7.8
    },
    "6.35E-1 (m)": {
        "ion (g/m^2)": {
            "Ca": 2.2285083215440507,
            "S": 1.782951228362443,
            "O": 3.5585404500935063
        },
        "total_moles": 7.57
    },
    "7.20E-1 (m)": {
        "ion (g/m^2)": {
            "Ca": 2.1578554817592988,
            "S": 1.7264243730378739,
            "O": 3.4457201452028268
        },
        "total_moles": 7.33
    },
    "8.04E-1 (m)": {
        "ion (g/m^2)": {
            "Ca": 2.0901465102989114,
            "S": 1.6722528033518287,
            "O": 3.3376006863492593
        },
        "total_moles": 7.1
    },
    "8.89E-1 (m)": {
        "ion (g/m^2)": {
            "Ca": 2.022437538838524,
            "S": 1.6180812336657837,
            "O": 3.229481227495692
        },
        "total_moles": 6.87
    }
}