{
    "0.0423 (m)": {
        "ion (g/m^2)": {
            "Ca": 64.9958989563032,
            "S": 52.000935676277805,
            "O": 129.7339420332199,
            "H": 3.269223334199124
        }
    },
    "0.127 (m)": {
        "ion (g/m^2)": {
            "Ca": 1.7106920605299003,
            "S": 1.3686646269996319,
            "O": 3.4145973543143477,
            "H": 0.08604595815612094
        }
    },
    "0.212 (m)": {
        "ion (g/m^2)": {
            "Ca": 1.669094685197866,
            "S": 1.335384028166814,
            "O": 3.331567631413087,
            "H": 0.0839536552222335
        }
    },
    "0.296 (m)": {
        "ion (g/m^2)": {
            "Ca": 1.627497309865832,
            "S": 1.3021034293339961,
            "O": 3.248537908511826,
            "H": 0.08186135228834607
        }
    },
    "0.381 (m)": {
        "ion (g/m^2)": {
            "Ca": 1.585899934533798,
            "S": 1.2688228305011784,
            "O": 3.165508185610565,
            "H": 0.07976904935445862
        }
    },
    "0.466 (m)": {
        "ion (g/m^2)": {
            "Ca": 1.5469023951600163,
            "S": 1.2376222690954117,
            "O": 3.0876678203906334,
            "H": 0.07780751535393915
        }
    },
    "0.55 (m)": {
        "ion (g/m^2)": {
            "Ca": 1.5079048557862342,
            "S": 1.206421707689645,
            "O": 3.009827455170701,
            "H": 0.07584598135341968
        }
    },
    "0.635 (m)": {
        "ion (g/m^2)": {
            "Ca": 1.4689073164124524,
            "S": 1.1752211462838784,
            "O": 2.93198708995077,
            "H": 0.0738844473529002
        }
    },
    "0.72 (m)": {
        "ion (g/m^2)": {
            "Ca": 1.4299097770386704,
            "S": 1.1440205848781118,
            "O": 2.8541467247308376,
            "H": 0.07192291335238073
        }
    },
    "0.804 (m)": {
        "ion (g/m^2)": {
            "Ca": 1.3909122376648884,
            "S": 1.1128200234723449,
            "O": 2.7763063595109054,
            "H": 0.06996137935186125
        }
    },
    "0.889 (m)": {
        "ion (g/m^2)": {
            "Ca": 1.3519146982911066,
            "S": 1.0816194620665784,
            "O": 2.6984659942909737,
            "H": 0.06799984535134178
        }
    },
    "0.974 (m)": {
        "ion (g/m^2)": {
            "Ca": 1.3155169948755767,
            "S": 1.0524989380878627,
            "O": 2.6258149867523706,
            "H": 0.06616908028419026
        }
    }
}