{
    "0.0423 (m)": {
        "ion (g/m^2)": {
            "Fe": 6.737979178156804e-05,
            "O": 1.930407808452e-05,
            "H": 1.216130133911965e-06
        }
    },
    "0.127 (m)": {
        "ion (g/m^2)": {
            "Fe": 0.0,
            "O": 0.0,
            "H": 0.0
        }
    },
    "0.212 (m)": {
        "ion (g/m^2)": {
            "Fe": 0.0,
            "O": 0.0,
            "H": 0.0
        }
    },
    "0.296 (m)": {
        "ion (g/m^2)": {
            "Fe": 0.0,
            "O": 0.0,
            "H": 0.0
        }
    },
    "0.381 (m)": {
        "ion (g/m^2)": {
            "Fe": 0.0,
            "O": 0.0,
            "H": 0.0
        }
    },
    "0.466 (m)": {
        "ion (g/m^2)": {
            "Fe": 0.0,
            "O": 0.0,
            "H": 0.0
        }
    },
    "0.55 (m)": {
        "ion (g/m^2)": {
            "Fe": 6.071080215131045e-11,
            "O": 1.7393435543731333e-11,
            "H": 1.095762304958221e-12
        }
    },
    "0.635 (m)": {
        "ion (g/m^2)": {
            "Fe": 0.0,
            "O": 0.0,
            "H": 0.0
        }
    },
    "0.72 (m)": {
        "ion (g/m^2)": {
            "Fe": 0.0,
            "O": 0.0,
            "H": 0.0
        }
    },
    "0.804 (m)": {
        "ion (g/m^2)": {
            "Fe": 0.0,
            "O": 0.0,
            "H": 0.0
        }
    },
    "0.889 (m)": {
        "ion (g/m^2)": {
            "Fe": 1.5331010644270317e-10,
            "O": 4.392281702962458e-11,
            "H": 2.7670765276722756e-12
        }
    },
    "0.974 (m)": {
        "ion (g/m^2)": {
            "Fe": 2.828571463867873e-10,
            "O": 8.103759741965735e-11,
            "H": 5.1052561935553484e-12
        }
    }
}