{
    "1.27E-1 (m)": {
        "ion (g/m^2)": {
            "Ca": 0.0,
            "S": 0.0,
            "O": 0.0,
            "H": 0.0
        }
    },
    "2.12E-1 (m)": {
        "ion (g/m^2)": {
            "Ca": 0.0,
            "S": 0.0,
            "O": 0.0,
            "H": 0.0
        }
    },
    "2.96E-1 (m)": {
        "ion (g/m^2)": {
            "Ca": 0.0,
            "S": 0.0,
            "O": 0.0,
            "H": 0.0
        }
    },
    "3.81E-1 (m)": {
        "ion (g/m^2)": {
            "Ca": 0.0,
            "S": 0.0,
            "O": 0.0,
            "H": 0.0
        }
    },
    "4.66E-1 (m)": {
        "ion (g/m^2)": {
            "Ca": 0.2560838418878346,
            "S": 0.20488368656453454,
            "O": 0.5111517316108863,
            "H": 0.012880739936744549
        }
    },
    "5.50E-1 (m)": {
        "ion (g/m^2)": {
            "Ca": 2.118866305975484,
            "S": 1.6952305030466563,
            "O": 4.229326510282968,
            "H": 0.10657668069489144
        }
    },
    "6.35E-1 (m)": {
        "ion (g/m^2)": {
            "Ca": 2.038271391269668,
            "S": 1.630749342808072,
            "O": 4.068456422161776,
            "H": 0.10252284376048452
        }
    },
    "7.20E-1 (m)": {
        "ion (g/m^2)": {
            "Ca": 1.9576764765638524,
            "S": 1.5662681825694875,
            "O": 3.9075863340405834,
            "H": 0.09846900682607762
        }
    },
    "8.04E-1 (m)": {
        "ion (g/m^2)": {
            "Ca": 1.8822812337745407,
            "S": 1.5059470971850053,
            "O": 3.757094961282048,
            "H": 0.09467670775840663
        }
    },
    "8.89E-1 (m)": {
        "ion (g/m^2)": {
            "Ca": 1.806885990985229,
            "S": 1.4456260118005229,
            "O": 3.606603588523513,
            "H": 0.09088440869073565
        }
    }
}