Distance ($m$),Calcite (g/m^2),Siderite (g/m^2),Barite (g/m^2)
0.0423,0.0,32.1,0.0366
0.127,0.0,1.04,0.0116
0.212,0.0,1.01,0.0113
0.296,0.0,0.977,0.0109
0.381,0.0,0.944,0.0106
0.466,0.0,0.911,0.0103
0.55,6.85,0.481,0.01
0.635,15.1,0.0484,0.00979
0.72,16.3,0.0513,0.00944
0.804,17.8,0.0539,0.00909
0.889,19.6,0.0559,0.00874
0.974,21.7,0.0562,0.0084
