{
    "0.0423 (m)": {
        "ion (g/m^2)": {
            "Ca": 0.0,
            "C": 0.2830220734908363,
            "O": 1.131887381209661,
            "Fe": 1.315940594144867,
            "Ba": 0.0018240474297055223,
            "S": 0.000425903724930331
        }
    },
    "0.127 (m)": {
        "ion (g/m^2)": {
            "Ca": 0.0,
            "C": 0.008926080779326375,
            "O": 0.03593496675670336,
            "Fe": 0.041502741815338105,
            "Ba": 0.0005660431056053912,
            "S": 0.00013216754302676723
        }
    },
    "0.212 (m)": {
        "ion (g/m^2)": {
            "Ca": 0.0,
            "C": 0.008480295095806011,
            "O": 0.03414004312743945,
            "Fe": 0.03943001487217953,
            "Ba": 0.0005372113881681103,
            "S": 0.00012543551640690072
        }
    },
    "0.296 (m)": {
        "ion (g/m^2)": {
            "Ca": 0.0,
            "C": 0.008024142303366568,
            "O": 0.032304237977871006,
            "Fe": 0.037309084976854465,
            "Ba": 0.0005095564755241879,
            "S": 0.00011897826638376343
        }
    },
    "0.381 (m)": {
        "ion (g/m^2)": {
            "Ca": 0.0,
            "C": 0.007588723728765282,
            "O": 0.030551566915436416,
            "Fe": 0.035284560985862364,
            "Ba": 0.00048248996527694465,
            "S": 0.00011265840465899078
        }
    },
    "0.466 (m)": {
        "ion (g/m^2)": {
            "Ca": 0.0,
            "C": 0.007142938045244917,
            "O": 0.028757740123392335,
            "Fe": 0.03321183404270379,
            "Ba": 0.0004560118574263806,
            "S": 0.00010647593123258274
        }
    },
    "0.55 (m)": {
        "ion (g/m^2)": {
            "Ca": 0.209425948850449,
            "C": 0.06633807390195068,
            "O": 0.2653088736358328,
            "Fe": 0.01663001849743513,
            "Ba": 0.0004354177735426086,
            "S": 0.00010166734078982095
        }
    },
    "0.635 (m)": {
        "ion (g/m^2)": {
            "Ca": 0.4364709067820065,
            "C": 0.1311647743271016,
            "O": 0.524365079210971,
            "Fe": 0.0016822830306101046,
            "Ba": 0.00041423528726215736,
            "S": 9.672136204869453e-05
        }
    },
    "0.72 (m)": {
        "ion (g/m^2)": {
            "Ca": 0.4604968282562453,
            "C": 0.13837634120521491,
            "O": 0.5531730508204274,
            "Fe": 0.0017353062779932311,
            "Ba": 0.00038952238660163097,
            "S": 9.095105351738036e-05
        }
    },
    "0.804 (m)": {
        "ion (g/m^2)": {
            "Ca": 0.4885270699761907,
            "C": 0.14678482512703622,
            "O": 0.5867645202354244,
            "Fe": 0.001773868639726414,
            "Ba": 0.0003653978883377837,
            "S": 8.531813328443083e-05
        }
    },
    "0.889 (m)": {
        "ion (g/m^2)": {
            "Ca": 0.5205616319418426,
            "C": 0.1563881526707817,
            "O": 0.6251312014681788,
            "Fe": 0.0017883295253763576,
            "Ba": 0.00034186179247061566,
            "S": 7.982260134984592e-05
        }
    },
    "0.974 (m)": {
        "ion (g/m^2)": {
            "Ca": 0.5205616319418426,
            "C": 0.1563881526707817,
            "O": 0.6251312014681788,
            "Fe": 0.0017883295253763576,
            "Ba": 0.00034186179247061566,
            "S": 7.982260134984592e-05
        }
    }
}