{
    "0.0423 (m)": {
        "ion (g/m^2)": {
            "Ca": 0.0,
            "C": 3.3278419630241194,
            "O": 13.309046452097633,
            "Fe": 15.473147645439644,
            "Ba": 0.02153552771845875,
            "S": 0.005028411720145199
        }
    },
    "0.127 (m)": {
        "ion (g/m^2)": {
            "Ca": 0.0,
            "C": 0.10781793275841384,
            "O": 0.43405219264769995,
            "Fe": 0.5013107025313779,
            "Ba": 0.006825467801478729,
            "S": 0.0015937042610296257
        }
    },
    "0.212 (m)": {
        "ion (g/m^2)": {
            "Ca": 0.0,
            "C": 0.10470780008269036,
            "O": 0.42154094818188015,
            "Fe": 0.48684981688143425,
            "Ba": 0.006648947082474968,
            "S": 0.0015524877715202387
        }
    },
    "0.296 (m)": {
        "ion (g/m^2)": {
            "Ca": 0.0,
            "C": 0.10128665413939454,
            "O": 0.40775938461813144,
            "Fe": 0.47094284266649633,
            "Ba": 0.006413586123803289,
            "S": 0.0014975324521743897
        }
    },
    "0.381 (m)": {
        "ion (g/m^2)": {
            "Ca": 0.0,
            "C": 0.09786550819609871,
            "O": 0.39400524198487835,
            "Fe": 0.45503586845155836,
            "Ba": 0.006237065404799529,
            "S": 0.0014563159626650027
        }
    },
    "0.466 (m)": {
        "ion (g/m^2)": {
            "Ca": 0.0,
            "C": 0.0944443622528029,
            "O": 0.3802510993516253,
            "Fe": 0.43912889423662044,
            "Ba": 0.0060605446857957684,
            "S": 0.001415099473155616
        }
    },
    "0.55 (m)": {
        "ion (g/m^2)": {
            "Ca": 2.7429593683089397,
            "C": 0.8718844097236162,
            "O": 3.487042115096243,
            "Fe": 0.23185619992076226,
            "Ba": 0.005884023966792008,
            "S": 0.001373882983646229
        }
    },
    "0.635 (m)": {
        "ion (g/m^2)": {
            "Ca": 6.046523571016786,
            "C": 1.8170587170562549,
            "O": 7.264171992173902,
            "Fe": 0.023330228848575663,
            "Ba": 0.005760459463489376,
            "S": 0.0013450314409896582
        }
    },
    "0.72 (m)": {
        "ion (g/m^2)": {
            "Ca": 6.527042000501565,
            "C": 1.9613626243809548,
            "O": 7.840755796494863,
            "Fe": 0.024728114461403543,
            "Ba": 0.0055545186246516555,
            "S": 0.0012969455365620403
        }
    },
    "0.804 (m)": {
        "ion (g/m^2)": {
            "Ca": 7.127690037357537,
            "C": 2.1416362456704094,
            "O": 8.561084888336374,
            "Fe": 0.025981391217731988,
            "Ba": 0.005348577785813936,
            "S": 0.0012488596321344224
        }
    },
    "0.889 (m)": {
        "ion (g/m^2)": {
            "Ca": 7.848467681584704,
            "C": 2.357848479597861,
            "O": 9.425034977881692,
            "Fe": 0.02694545026106156,
            "Ba": 0.005142636946976214,
            "S": 0.0012007737277068041
        }
    },
    "0.974 (m)": {
        "ion (g/m^2)": {
            "Ca": 8.689374933183064,
            "C": 2.6098852879652,
            "O": 10.432153077895805,
            "Fe": 0.027090059117560995,
            "Ba": 0.004942580132105286,
            "S": 0.0011540617062628324
        }
    }
}