Distance ($m$),Calcite (g/m^2),Siderite (g/m^2),Barite (g/m^2)
0.0423,0.0,32.2,0.0768
0.127,0.0,1.04,0.00862
0.212,0.0,1.01,0.00836
0.296,0.0,0.975,0.0081
0.381,0.0,0.943,0.00784
0.466,0.0,0.91,0.00759
0.55,5.7,0.548,0.0074
0.635,15.0,0.0496,0.00724
0.72,16.3,0.0525,0.00697
0.804,17.8,0.0551,0.0067
0.889,19.6,0.057,0.00643
0.974,21.7,0.0573,0.00616
