{
    "0.0423 (m)": {
        "ion (g/m^2)": {
            "Ca": 0.0,
            "C": 0.2830220734908363,
            "O": 1.132825177032611,
            "Fe": 1.315940594144867,
            "Ba": 0.003836383626348389,
            "S": 0.0008957717053373413
        }
    },
    "0.127 (m)": {
        "ion (g/m^2)": {
            "Ca": 0.0,
            "C": 0.008915713670407298,
            "O": 0.03582580711946473,
            "Fe": 0.04145453886317163,
            "Ba": 0.00042070771362562857,
            "S": 9.823263333070539e-05
        }
    },
    "0.212 (m)": {
        "ion (g/m^2)": {
            "Ca": 0.0,
            "C": 0.008469927986886932,
            "O": 0.0340341740018603,
            "Fe": 0.03938181192001305,
            "Ba": 0.00039893682494849815,
            "S": 9.314926629121432e-05
        }
    },
    "0.296 (m)": {
        "ion (g/m^2)": {
            "Ca": 0.0,
            "C": 0.00801377519444749,
            "O": 0.032201385154646385,
            "Fe": 0.03726088202468798,
            "Ba": 0.0003777543386680469,
            "S": 8.82032875500879e-05
        }
    },
    "0.381 (m)": {
        "ion (g/m^2)": {
            "Ca": 0.0,
            "C": 0.0075783566198462035,
            "O": 0.030452004603871263,
            "Fe": 0.03523635803369589,
            "Ba": 0.0003577486571809541,
            "S": 8.353208540569074e-05
        }
    },
    "0.466 (m)": {
        "ion (g/m^2)": {
            "Ca": 0.0,
            "C": 0.0071325709363258384,
            "O": 0.028661194114181703,
            "Fe": 0.033163631090537306,
            "Ba": 0.00033774297569386124,
            "S": 7.886088326129355e-05
        }
    },
    "0.55 (m)": {
        "ion (g/m^2)": {
            "Ca": 0.17498879473737325,
            "C": 0.056546562739923666,
            "O": 0.2261262659545886,
            "Fe": 0.019088369057925544,
            "Ba": 0.0003218561109835228,
            "S": 7.515139920544873e-05
        }
    },
    "0.635 (m)": {
        "ion (g/m^2)": {
            "Ca": 0.4324665865363,
            "C": 0.12997407754874504,
            "O": 0.5195565332752772,
            "Fe": 0.0017256656875599353,
            "Ba": 0.0003065576486698636,
            "S": 7.157930344796854e-05
        }
    },
    "0.72 (m)": {
        "ion (g/m^2)": {
            "Ca": 0.4604968282562453,
            "C": 0.13838463489235017,
            "O": 0.5531587565618015,
            "Fe": 0.001773868639726414,
            "Ba": 0.0002877287719761292,
            "S": 6.71828779003006e-05
        }
    },
    "0.804 (m)": {
        "ion (g/m^2)": {
            "Ca": 0.4885270699761907,
            "C": 0.1467941555250634,
            "O": 0.5867571110637395,
            "Fe": 0.0018172512966762447,
            "Ba": 0.00026948829767907396,
            "S": 6.29238406509973e-05
        }
    },
    "0.889 (m)": {
        "ion (g/m^2)": {
            "Ca": 0.5205616319418426,
            "C": 0.156396446357917,
            "O": 0.6251221171863471,
            "Fe": 0.0018268918871095405,
            "Ba": 0.0002512478233820188,
            "S": 5.866480340169399e-05
        }
    },
    "0.974 (m)": {
        "ion (g/m^2)": {
            "Ca": 0.5205616319418426,
            "C": 0.156396446357917,
            "O": 0.6251221171863471,
            "Fe": 0.0018268918871095405,
            "Ba": 0.0002512478233820188,
            "S": 5.866480340169399e-05
        }
    }
}