{
    "0.0423 (m)": {
        "ion (g/m^2)": {
            "Ca": 2.023361971318068,
            "Mg": 1.2270525653197675,
            "C": 0.6148269851234371,
            "O": 2.4570248692708803,
            "Fe": 0.03933360896784657
        }
    },
    "0.127 (m)": {
        "ion (g/m^2)": {
            "Ca": 0.17527211980844415,
            "Mg": 0.10629245151814547,
            "C": 0.05385308529029414,
            "O": 0.21521236550580697,
            "Fe": 0.006169977877309266
        }
    },
    "0.212 (m)": {
        "ion (g/m^2)": {
            "Ca": 0.17752745958539104,
            "Mg": 0.10766018526929808,
            "C": 0.054518605437699624,
            "O": 0.21787197478246845,
            "Fe": 0.006121774925142787
        }
    },
    "0.296 (m)": {
        "ion (g/m^2)": {
            "Ca": 0.18010499075904463,
            "Mg": 0.10922330955632963,
            "C": 0.0552806809074372,
            "O": 0.22091744680421224,
            "Fe": 0.006073571972976309
        }
    },
    "0.381 (m)": {
        "ion (g/m^2)": {
            "Ca": 0.18300471332940488,
            "Mg": 0.1109818243792401,
            "C": 0.056128944590587766,
            "O": 0.2243073516321238,
            "Fe": 0.005977166068643351
        }
    },
    "0.466 (m)": {
        "ion (g/m^2)": {
            "Ca": 0.18590443589976519,
            "Mg": 0.1127403392021506,
            "C": 0.05696684116481925,
            "O": 0.22765582652112096,
            "Fe": 0.005832557212143916
        }
    },
    "0.55 (m)": {
        "ion (g/m^2)": {
            "Ca": 0.18912634986683216,
            "Mg": 0.11469424456094005,
            "C": 0.057901293061382836,
            "O": 0.23139016415520042,
            "Fe": 0.005687948355644479
        }
    },
    "0.635 (m)": {
        "ion (g/m^2)": {
            "Ca": 0.19299264662731255,
            "Mg": 0.11703893099148738,
            "C": 0.05901848849369149,
            "O": 0.23585479734052994,
            "Fe": 0.005495136546978565
        }
    },
    "0.72 (m)": {
        "ion (g/m^2)": {
            "Ca": 0.19685894338779295,
            "Mg": 0.1193836174220347,
            "C": 0.060114949708162,
            "O": 0.2402365706480306,
            "Fe": 0.005205918833979694
        }
    },
    "0.804 (m)": {
        "ion (g/m^2)": {
            "Ca": 0.20169181433839342,
            "Mg": 0.12231447546021885,
            "C": 0.06149070978070967,
            "O": 0.24573450225186363,
            "Fe": 0.0048684981688143425
        }
    },
    "0.889 (m)": {
        "ion (g/m^2)": {
            "Ca": 0.20716906808240731,
            "Mg": 0.1256361145701609,
            "C": 0.06302744246027236,
            "O": 0.2518757265352265,
            "Fe": 0.004381648351932909
        }
    },
    "0.974 (m)": {
        "ion (g/m^2)": {
            "Ca": 0.20716906808240731,
            "Mg": 0.1256361145701609,
            "C": 0.06302744246027236,
            "O": 0.2518757265352265,
            "Fe": 0.004381648351932909
        }
    }
}