{
    "1.27E-1 (m)": {
        "ion (g/m^2)": {
            "Ca": 0.14691927689825465,
            "Mg": 0.08909808436079841,
            "C": 0.04503483654857957,
            "O": 0.17997211583221892,
            "Fe": 0.0046756863601484285
        }
    },
    "2.12E-1 (m)": {
        "ion (g/m^2)": {
            "Ca": 0.14820804248508143,
            "Mg": 0.08987964650431418,
            "C": 0.04540032362006974,
            "O": 0.18143270693471916,
            "Fe": 0.004579280455815471
        }
    },
    "2.96E-1 (m)": {
        "ion (g/m^2)": {
            "Ca": 0.14949680807190824,
            "Mg": 0.09066120864782996,
            "C": 0.045761663847992275,
            "O": 0.1828767260616536,
            "Fe": 0.004463593370615922
        }
    },
    "3.81E-1 (m)": {
        "ion (g/m^2)": {
            "Ca": 0.1511077650554417,
            "Mg": 0.09163816132722467,
            "C": 0.04621437584378735,
            "O": 0.18468589296421306,
            "Fe": 0.004323804809333134
        }
    },
    "4.66E-1 (m)": {
        "ion (g/m^2)": {
            "Ca": 0.15239653064226852,
            "Mg": 0.09241972347074044,
            "C": 0.0465643122518989,
            "O": 0.1860843391583416,
            "Fe": 0.004155094476750458
        }
    },
    "5.50E-1 (m)": {
        "ion (g/m^2)": {
            "Ca": 0.15400748762580202,
            "Mg": 0.09339667615013517,
            "C": 0.04700251029520727,
            "O": 0.1878355041464209,
            "Fe": 0.0039478217824346
        }
    },
    "6.35E-1 (m)": {
        "ion (g/m^2)": {
            "Ca": 0.1559406360060422,
            "Mg": 0.09456901936540883,
            "C": 0.04752689655192865,
            "O": 0.18993110194066803,
            "Fe": 0.0036923461359522638
        }
    },
    "7.20E-1 (m)": {
        "ion (g/m^2)": {
            "Ca": 0.15787378438628238,
            "Mg": 0.0957413625806825,
            "C": 0.04803780556705521,
            "O": 0.19197284081432633,
            "Fe": 0.003374206651653505
        }
    },
    "8.04E-1 (m)": {
        "ion (g/m^2)": {
            "Ca": 0.1601291241632293,
            "Mg": 0.0971090963318351,
            "C": 0.04862660910845953,
            "O": 0.19432586854302095,
            "Fe": 0.002969301853455084
        }
    },
    "8.89E-1 (m)": {
        "ion (g/m^2)": {
            "Ca": 0.16302884673358958,
            "Mg": 0.0988676111547456,
            "C": 0.049383642233122214,
            "O": 0.19735118990848546,
            "Fe": 0.0024487099700571152
        }
    }
}