{
    "0.0423 (m)": {
        "ion (g/m^2)": {
            "Ca": 23.80994421662504,
            "Mg": 14.439360601453952,
            "C": 7.235169908142327,
            "O": 28.913812873937154,
            "Fe": 0.4637123998415245
        }
    },
    "0.127 (m)": {
        "ion (g/m^2)": {
            "Ca": 2.1103536484288767,
            "Mg": 1.2798080100070823,
            "C": 0.6485063800997025,
            "O": 2.5916173856062956,
            "Fe": 0.07471457585804189
        }
    },
    "0.212 (m)": {
        "ion (g/m^2)": {
            "Ca": 2.187679583638485,
            "Mg": 1.3267017386180289,
            "C": 0.6718869996377835,
            "O": 2.685053043204331,
            "Fe": 0.07567863490137147
        }
    },
    "0.296 (m)": {
        "ion (g/m^2)": {
            "Ca": 2.271449346782226,
            "Mg": 1.3775032779465541,
            "C": 0.6971987256225062,
            "O": 2.7862059557040113,
            "Fe": 0.07664269394470104
        }
    },
    "0.381 (m)": {
        "ion (g/m^2)": {
            "Ca": 2.358441023893035,
            "Mg": 1.4302587226338692,
            "C": 0.7233723337413589,
            "O": 2.890803196265371,
            "Fe": 0.07712472346636583
        }
    },
    "0.466 (m)": {
        "ion (g/m^2)": {
            "Ca": 2.4550984429050446,
            "Mg": 1.4888758833975524,
            "C": 0.7523389304409832,
            "O": 3.0065620197900538,
            "Fe": 0.07712472346636583
        }
    },
    "0.55 (m)": {
        "ion (g/m^2)": {
            "Ca": 2.561421603818255,
            "Mg": 1.5533547602376039,
            "C": 0.78420218681057,
            "O": 3.133896725667205,
            "Fe": 0.07712472346636583
        }
    },
    "0.635 (m)": {
        "ion (g/m^2)": {
            "Ca": 2.677410506632667,
            "Mg": 1.6236953531540237,
            "C": 0.8187547606717377,
            "O": 3.2719787151185353,
            "Fe": 0.07616066442303625
        }
    },
    "0.72 (m)": {
        "ion (g/m^2)": {
            "Ca": 2.8062870653153467,
            "Mg": 1.7018515675056012,
            "C": 0.8570658763369978,
            "O": 3.425080914984013,
            "Fe": 0.07471457585804189
        }
    },
    "0.804 (m)": {
        "ion (g/m^2)": {
            "Ca": 2.951273193833361,
            "Mg": 1.789777308651126,
            "C": 0.8997900737620987,
            "O": 3.595819054547026,
            "Fe": 0.07134036920638838
        }
    },
    "0.889 (m)": {
        "ion (g/m^2)": {
            "Ca": 3.118812720120844,
            "Mg": 1.8913803873081765,
            "C": 0.9488584593936822,
            "O": 3.7919103887092205,
            "Fe": 0.06603804446807575
        }
    },
    "0.974 (m)": {
        "ion (g/m^2)": {
            "Ca": 3.3185713860789976,
            "Mg": 2.012522519553122,
            "C": 1.0068566796341385,
            "O": 4.023687901655633,
            "Fe": 0.05736151307810958
        }
    }
}