{
    "0.0423 (m)": {
        "ion (g/m^2)": {
            "Ca": 21.136666340589798,
            "S": 16.91070428192554,
            "O": 42.18947794920311,
            "H": 1.063151428281555
        }
    },
    "0.127 (m)": {
        "ion (g/m^2)": {
            "Ca": 2.337252526468663,
            "S": 1.86995364691895,
            "O": 4.665232555514588,
            "H": 0.1175612710978005
        }
    },
    "0.212 (m)": {
        "ion (g/m^2)": {
            "Ca": 2.2826559713453682,
            "S": 1.8262728609508763,
            "O": 4.556256044206682,
            "H": 0.11481512349707322
        }
    },
    "0.296 (m)": {
        "ion (g/m^2)": {
            "Ca": 2.2280594162220737,
            "S": 1.782592074982803,
            "O": 4.447279532898778,
            "H": 0.11206897589634597
        }
    },
    "0.381 (m)": {
        "ion (g/m^2)": {
            "Ca": 2.1760626970570307,
            "S": 1.7409913264417807,
            "O": 4.3434923792722016,
            "H": 0.10945359722898666
        }
    },
    "0.466 (m)": {
        "ion (g/m^2)": {
            "Ca": 2.1240659778919886,
            "S": 1.6993905779007585,
            "O": 4.239705225645626,
            "H": 0.10683821856162737
        }
    },
    "0.55 (m)": {
        "ion (g/m^2)": {
            "Ca": 2.072069258726946,
            "S": 1.6577898293597364,
            "O": 4.13591807201905,
            "H": 0.10422283989426807
        }
    },
    "0.635 (m)": {
        "ion (g/m^2)": {
            "Ca": 2.0226723755201554,
            "S": 1.6182691182457654,
            "O": 4.037320276073803,
            "H": 0.10173823016027675
        }
    },
    "0.72 (m)": {
        "ion (g/m^2)": {
            "Ca": 1.970675656355113,
            "S": 1.576668369704743,
            "O": 3.933533122447227,
            "H": 0.09912285149291744
        }
    },
    "0.804 (m)": {
        "ion (g/m^2)": {
            "Ca": 1.9212787731483225,
            "S": 1.5371476585907717,
            "O": 3.83493532650198,
            "H": 0.0966382417589261
        }
    },
    "0.889 (m)": {
        "ion (g/m^2)": {
            "Ca": 1.8718818899415322,
            "S": 1.4976269474768007,
            "O": 3.736337530556733,
            "H": 0.09415363202493478
        }
    },
    "0.974 (m)": {
        "ion (g/m^2)": {
            "Ca": 1.8224850067347416,
            "S": 1.4581062363628294,
            "O": 3.6377397346114857,
            "H": 0.09166902229094344
        }
    }
}