elements,conc (input units)
Ca,736.00817930472
Mg,342.4482500931683
Na,1993.35548561695
Sr,13.289036570779666
Cl,3628.9292174052166
S(6),2300.02556032725
Fe,0.20444671647353335
