{
    "1.27E-1 (m)": {
        "ion (g/m^2)": {
            "Ba": 0.0,
            "S": 3.2898010986855866,
            "O": 6.566018237743355,
            "Sr": 0.0,
            "K": 0.0,
            "C": 0.0,
            "H": 0.0,
            "Ca": 4.1119179302392315
        },
        "total_grams": 73.0
    },
    "2.12E-1 (m)": {
        "ion (g/m^2)": {
            "Ba": 0.0,
            "S": 3.2447353302104416,
            "O": 6.476072782431803,
            "Sr": 0.0,
            "K": 0.0,
            "C": 0.0,
            "H": 0.0,
            "Ca": 4.055590287359242
        },
        "total_grams": 72.0
    },
    "2.96E-1 (m)": {
        "ion (g/m^2)": {
            "Ba": 0.0,
            "S": 3.2253092649008015,
            "O": 6.243764800984328,
            "Sr": 0.0,
            "K": 0.31530061800037007,
            "C": 0.04842897431112152,
            "H": 0.01625667125717962,
            "Ca": 3.8697090658552766
        },
        "total_grams": 71.02
    },
    "3.81E-1 (m)": {
        "ion (g/m^2)": {
            "Ba": 0.0,
            "S": 4.151800566399245,
            "O": 2.0716144700467205,
            "Sr": 0.0,
            "K": 10.124955190098092,
            "C": 1.555154563007997,
            "H": 0.5220353485602939,
            "Ca": 0.0
        },
        "total_grams": 74.5
    },
    "4.66E-1 (m)": {
        "ion (g/m^2)": {
            "Ba": 0.0,
            "S": 4.129509019734014,
            "O": 2.060491707791436,
            "Sr": 0.0,
            "K": 10.070593014580785,
            "C": 1.546804739850907,
            "H": 0.5192324742056077,
            "Ca": 0.0
        },
        "total_grams": 74.1
    },
    "5.50E-1 (m)": {
        "ion (g/m^2)": {
            "Ba": 0.00019476119330081549,
            "S": 4.12329566833375,
            "O": 2.1064851624595713,
            "Sr": 0.08949558373825925,
            "K": 9.975459207425503,
            "C": 1.5321925493259998,
            "H": 0.514327444084907,
            "Ca": 0.0
        },
        "total_grams": 73.82633100000001
    },
    "6.35E-1 (m)": {
        "ion (g/m^2)": {
            "Ba": 0.00039187599618834777,
            "S": 4.102244800079949,
            "O": 2.1228648492005036,
            "Sr": 0.13844504620542922,
            "K": 9.880325400270218,
            "C": 1.5175803588010923,
            "H": 0.5094224139642063,
            "Ca": 0.0
        },
        "total_grams": 73.359666
    },
    "7.20E-1 (m)": {
        "ion (g/m^2)": {
            "Ba": 0.00038893398420495175,
            "S": 4.069114317832978,
            "O": 2.106793114351662,
            "Sr": 0.1392853803250373,
            "K": 9.798782136994259,
            "C": 1.5050556240654573,
            "H": 0.505218102432177,
            "Ca": 0.0
        },
        "total_grams": 72.763661
    },
    "8.04E-1 (m)": {
        "ion (g/m^2)": {
            "Ba": 0.00037951954585808446,
            "S": 4.019109901969618,
            "O": 2.0820694017186976,
            "Sr": 0.1397055473848413,
            "K": 9.676467242080324,
            "C": 1.4862685219620053,
            "H": 0.4989116351341333,
            "Ca": 0.0
        },
        "total_grams": 71.865645
    },
    "8.89E-1 (m)": {
        "ion (g/m^2)": {
            "Ba": 0.0003553950475942373,
            "S": 3.8957319506596972,
            "O": 2.0193485177816055,
            "Sr": 0.13760471208582115,
            "K": 9.377475276735145,
            "C": 1.4403444945980106,
            "H": 0.48349582618335946,
            "Ca": 0.0
        },
        "total_grams": 69.655604
    }
}