elements,ppm
Mn,0.0008203891095211065
Fe,0.0006221097797812642
B,6.683824080294575
Cl,26925.30469804286
Na,14988.307845610409
S(6),10618.115177725495
Ca,681.7947640434264
K,458.25549714394236
Mg,1849.7874335932308
Sr,10.059267010476784
Ba,0.012294659679471624
Li,0.25483476426541185
Cu,0.0004973748688513521
Co,3.0177801031430355e-08
Ni,0.000196714554871546
Pb,1.4865361248815691e-05
