{
    "0.0423 (m)": {
        "ion (g/m^2)": {
            "Ca": 16.463980371712307,
            "Mg": 9.984456383414031,
            "C": 4.933976971169344,
            "O": 19.717586273704313,
            "K": 0.0,
            "S": 0.0,
            "H": 0.0
        }
    },
    "0.127 (m)": {
        "ion (g/m^2)": {
            "Ca": 0.07281525565571392,
            "Mg": 0.044158261108641315,
            "C": 0.02182150284705033,
            "O": 0.08720498038859442,
            "K": 0.0,
            "S": 0.0,
            "H": 0.0
        }
    },
    "0.212 (m)": {
        "ion (g/m^2)": {
            "Ca": 0.07217087286230053,
            "Mg": 0.043767480036883424,
            "C": 0.021628392202386167,
            "O": 0.08643325489842987,
            "K": 0.0,
            "S": 0.0,
            "H": 0.0
        }
    },
    "0.296 (m)": {
        "ion (g/m^2)": {
            "Ca": 0.07120429867218044,
            "Mg": 0.0431813084292466,
            "C": 0.02133872623538992,
            "O": 0.08527566666318304,
            "K": 0.0,
            "S": 0.0,
            "H": 0.0
        }
    },
    "0.381 (m)": {
        "ion (g/m^2)": {
            "Ca": 0.07055991587876703,
            "Mg": 0.04279052735748871,
            "C": 0.02114561559072576,
            "O": 0.08450394117301849,
            "K": 0.0,
            "S": 0.0,
            "H": 0.0
        }
    },
    "0.466 (m)": {
        "ion (g/m^2)": {
            "Ca": 0.06959334168864693,
            "Mg": 0.042204355749851874,
            "C": 0.020855949623729518,
            "O": 0.08334635293777165,
            "K": 0.0,
            "S": 0.0,
            "H": 0.0
        }
    },
    "0.55 (m)": {
        "ion (g/m^2)": {
            "Ca": 0.2871037752692706,
            "Mg": 0.04103201253457821,
            "C": 0.020276617689737028,
            "O": 0.16863449113429346,
            "K": 0.08563172813593936,
            "S": 0.035113820328235436,
            "H": 0.002207554907945837
        }
    },
    "0.635 (m)": {
        "ion (g/m^2)": {
            "Ca": 2.635128981436576,
            "Mg": 0.0320440478841468,
            "C": 0.015835072862461302,
            "O": 1.0941484023216286,
            "K": 1.0076663822508214,
            "S": 0.4131998392113286,
            "H": 0.02597727403303706
        }
    },
    "0.72 (m)": {
        "ion (g/m^2)": {
            "Ca": 2.573244529258736,
            "Mg": 0.031653266812388905,
            "C": 0.015641962217797137,
            "O": 1.0689292401802042,
            "K": 0.9837691557942803,
            "S": 0.4034006335383327,
            "H": 0.02536121219826148
        }
    },
    "0.804 (m)": {
        "ion (g/m^2)": {
            "Ca": 2.4354543731437746,
            "Mg": 0.031653266812388905,
            "C": 0.015641962217797137,
            "O": 1.0139225077148688,
            "K": 0.9300003962670624,
            "S": 0.3813524207740918,
            "H": 0.02397507307001642
        }
    },
    "0.889 (m)": {
        "ion (g/m^2)": {
            "Ca": 2.297342025632107,
            "Mg": 0.03145787627650996,
            "C": 0.015545406895465057,
            "O": 0.9585299125044512,
            "K": 0.8762316367398447,
            "S": 0.359304208009851,
            "H": 0.02258893394177136
        }
    },
    "0.974 (m)": {
        "ion (g/m^2)": {
            "Ca": 2.15412633900507,
            "Mg": 0.03126248574063102,
            "C": 0.015448851573132976,
            "O": 0.9011000309064287,
            "K": 0.8204714416745819,
            "S": 0.3364393947728605,
            "H": 0.021151456327295
        }
    }
}