{
    "0.0423 (m)": {
        "ion (g/m^2)": {
            "Ba": 3624.558763543877,
            "S": 846.3119179260771,
            "O": 1689.129318530046,
            "Na": 15026.823916799289,
            "Cl": 23173.17608320071
        }
    },
    "0.127 (m)": {
        "ion (g/m^2)": {
            "Ba": 0.00033833137809054047,
            "S": 7.899827155965817e-05,
            "O": 0.00015767035034980136,
            "Na": 359.93570376626565,
            "Cl": 555.0642962337342
        }
    },
    "0.212 (m)": {
        "ion (g/m^2)": {
            "Ba": 0.00032774013495031484,
            "S": 7.652528218909496e-05,
            "O": 0.0001527345828605902,
            "Na": 351.28151198172156,
            "Cl": 541.7184880182783
        }
    },
    "0.296 (m)": {
        "ion (g/m^2)": {
            "Ba": 0.0003171488918100892,
            "S": 7.405229281853174e-05,
            "O": 0.000147798815371379,
            "Na": 342.6273201971775,
            "Cl": 528.3726798028225
        }
    },
    "0.381 (m)": {
        "ion (g/m^2)": {
            "Ba": 0.0003065576486698636,
            "S": 7.157930344796854e-05,
            "O": 0.00014286304788216784,
            "Na": 333.9731284126334,
            "Cl": 515.0268715873666
        }
    },
    "0.466 (m)": {
        "ion (g/m^2)": {
            "Ba": 0.0002965548079263172,
            "S": 6.924370237576995e-05,
            "O": 0.00013820148969791285,
            "Na": 325.7123089819322,
            "Cl": 502.28769101806773
        }
    },
    "0.55 (m)": {
        "ion (g/m^2)": {
            "Ba": 0.00028714036957944996,
            "S": 6.704548960193597e-05,
            "O": 0.00013381414081861402,
            "Na": 317.451489551231,
            "Cl": 489.5485104487689
        }
    },
    "0.635 (m)": {
        "ion (g/m^2)": {
            "Ba": 0.00027713752883590356,
            "S": 6.47098885297374e-05,
            "O": 0.00012915258263435903,
            "Na": 309.19067012052983,
            "Cl": 476.8093298794701
        }
    },
    "0.72 (m)": {
        "ion (g/m^2)": {
            "Ba": 0.0002677230904890364,
            "S": 6.251167575590342e-05,
            "O": 0.00012476523375506022,
            "Na": 300.9298506898287,
            "Cl": 464.0701493101713
        }
    },
    "0.804 (m)": {
        "ion (g/m^2)": {
            "Ba": 0.0002588970545388484,
            "S": 6.045085128043408e-05,
            "O": 0.00012065209418071757,
            "Na": 292.6690312591275,
            "Cl": 451.33096874087244
        }
    },
    "0.889 (m)": {
        "ion (g/m^2)": {
            "Ba": 0.0002500710185886603,
            "S": 5.839002680496473e-05,
            "O": 0.00011653895460637492,
            "Na": 284.8015841822692,
            "Cl": 439.19841581773073
        }
    },
    "0.974 (m)": {
        "ion (g/m^2)": {
            "Ba": 0.0002500710185886603,
            "S": 5.839002680496473e-05,
            "O": 0.00011653895460637492,
            "Na": 284.8015841822692,
            "Cl": 439.19841581773073
        }
    }
}