{
    "1.27E-1 (m)": {
        "ion (g/m^2)": {
            "Ba": 0.0003489226212307661,
            "S": 8.147126093022138e-05,
            "O": 0.00016260611783901254,
            "Na": 362.29593788932317,
            "Cl": 558.7040621106768
        }
    },
    "2.12E-1 (m)": {
        "ion (g/m^2)": {
            "Ba": 0.0003365661709005029,
            "S": 7.85861066645643e-05,
            "O": 0.00015684772243493284,
            "Na": 351.6748843355645,
            "Cl": 542.3251156644354
        }
    },
    "2.96E-1 (m)": {
        "ion (g/m^2)": {
            "Ba": 0.0003242097205702396,
            "S": 7.570095239890721e-05,
            "O": 0.0001510893270308531,
            "Na": 341.44720313564875,
            "Cl": 526.5527968643512
        }
    },
    "3.81E-1 (m)": {
        "ion (g/m^2)": {
            "Ba": 0.0003118532702399764,
            "S": 7.281579813325014e-05,
            "O": 0.00014533093162677344,
            "Na": 330.8261495818901,
            "Cl": 510.17385041810985
        }
    },
    "4.66E-1 (m)": {
        "ion (g/m^2)": {
            "Ba": 0.00030008522230639244,
            "S": 7.006803216595769e-05,
            "O": 0.00013984674552764993,
            "Na": 320.5984683819743,
            "Cl": 494.4015316180256
        }
    },
    "5.50E-1 (m)": {
        "ion (g/m^2)": {
            "Ba": 0.0002889055767694876,
            "S": 6.745765449702984e-05,
            "O": 0.00013463676873348257,
            "Na": 310.7641595359015,
            "Cl": 479.23584046409843
        }
    },
    "6.35E-1 (m)": {
        "ion (g/m^2)": {
            "Ba": 0.0002777259312325828,
            "S": 6.484727682810201e-05,
            "O": 0.0001294267919393152,
            "Na": 300.9298506898287,
            "Cl": 464.0701493101713
        }
    },
    "7.20E-1 (m)": {
        "ion (g/m^2)": {
            "Ba": 0.000266546285695678,
            "S": 6.223689915917418e-05,
            "O": 0.00012421681514514785,
            "Na": 291.0955418437558,
            "Cl": 448.9044581562441
        }
    },
    "8.04E-1 (m)": {
        "ion (g/m^2)": {
            "Ba": 0.00025595504255545236,
            "S": 5.976390978861097e-05,
            "O": 0.00011928104765593669,
            "Na": 281.261232997683,
            "Cl": 433.73876700231693
        }
    },
    "8.89E-1 (m)": {
        "ion (g/m^2)": {
            "Ba": 0.00024536379941522674,
            "S": 5.729092041804775e-05,
            "O": 0.00011434528016672552,
            "Na": 271.8202965054531,
            "Cl": 419.17970349454686
        }
    }
}