{
    "1.27E-1 (m)": {
        "ion (g/m^2)": {
            "Ba": 0.00024065658024179315,
            "S": 5.619181403113077e-05,
            "O": 0.00011215160572707611,
            "Na": 79.35875047200561
        },
        "total_moles": 885.000409
    },
    "2.12E-1 (m)": {
        "ion (g/m^2)": {
            "Ba": 0.00021653208197794588,
            "S": 5.055889379818123e-05,
            "O": 0.00010090902422387287,
            "Na": 76.93763605082577
        },
        "total_moles": 858.000368
    },
    "2.96E-1 (m)": {
        "ion (g/m^2)": {
            "Ba": 0.0002012336196642867,
            "S": 4.6986798040701034e-05,
            "O": 9.37795822950123e-05,
            "Na": 74.51652162964594
        },
        "total_moles": 831.000342
    },
    "3.81E-1 (m)": {
        "ion (g/m^2)": {
            "Ba": 0.00018946557173070267,
            "S": 4.423903207340858e-05,
            "O": 8.829539619588877e-05,
            "Na": 72.18507811295424
        },
        "total_moles": 805.000322
    },
    "4.66E-1 (m)": {
        "ion (g/m^2)": {
            "Ba": 0.00018122793817719384,
            "S": 4.2315595896303856e-05,
            "O": 8.44564659265023e-05,
            "Na": 69.85363459626257
        },
        "total_moles": 779.000308
    },
    "5.50E-1 (m)": {
        "ion (g/m^2)": {
            "Ba": 0.00017710912140043945,
            "S": 4.13538778077515e-05,
            "O": 8.253700079180907e-05,
            "Na": 67.52219107957087
        },
        "total_moles": 753.000301
    },
    "6.35E-1 (m)": {
        "ion (g/m^2)": {
            "Ba": 0.00017534391421040183,
            "S": 4.0941712912657625e-05,
            "O": 8.171437287694053e-05,
            "Na": 65.28041846736733
        },
        "total_moles": 728.000298
    },
    "7.20E-1 (m)": {
        "ion (g/m^2)": {
            "Ba": 0.00017769752379711865,
            "S": 4.149126610611612e-05,
            "O": 8.281121009676525e-05,
            "Na": 63.03864585516377
        },
        "total_moles": 703.000302
    },
    "8.04E-1 (m)": {
        "ion (g/m^2)": {
            "Ba": 0.00018122793817719384,
            "S": 4.2315595896303856e-05,
            "O": 8.44564659265023e-05,
            "Na": 60.88654414744837
        },
        "total_moles": 679.000308
    },
    "8.89E-1 (m)": {
        "ion (g/m^2)": {
            "Ba": 0.00018887716933402345,
            "S": 4.410164377504395e-05,
            "O": 8.802118689093258e-05,
            "Na": 58.73444243973296
        },
        "total_moles": 655.000321
    }
}