elements,ppm
Li,0.4122450357675213
Na,7224.594251825811
Mg,989.388085842051
Ca,2576.531473547008
K,350.4082804023931
Mn,0.9275513304769228
Fe,101.00003376304272
Co,1.339796366244444
Cu,0.30918377682564097
S(6),4470.797412898768
Cl,14428.576251863244
F,7.214288125931621
N(5),94.81635822652989
Ba,0.5153062947094016
B,5.668369241803418
Sr,63.8979805439658
Si,267.95927324888885
C(4),2.0612251788376064
