{
    "0.0423 (m)": {
        "ion (g/m^2)": {
            "Ca": 0.0,
            "C": 0.0,
            "O": 0.0
        }
    },
    "0.127 (m)": {
        "ion (g/m^2)": {
            "Ca": 0.0,
            "C": 0.0,
            "O": 0.0
        }
    },
    "0.212 (m)": {
        "ion (g/m^2)": {
            "Ca": 0.0,
            "C": 0.0,
            "O": 0.0
        }
    },
    "0.296 (m)": {
        "ion (g/m^2)": {
            "Ca": 0.0,
            "C": 0.0,
            "O": 0.0
        }
    },
    "0.381 (m)": {
        "ion (g/m^2)": {
            "Ca": 0.0,
            "C": 0.0,
            "O": 0.0
        }
    },
    "0.466 (m)": {
        "ion (g/m^2)": {
            "Ca": 0.0,
            "C": 0.0,
            "O": 0.0
        }
    },
    "0.55 (m)": {
        "ion (g/m^2)": {
            "Ca": 0.0,
            "C": 0.0,
            "O": 0.0
        }
    },
    "0.635 (m)": {
        "ion (g/m^2)": {
            "Ca": 0.0,
            "C": 0.0,
            "O": 0.0
        }
    },
    "0.72 (m)": {
        "ion (g/m^2)": {
            "Ca": 0.0,
            "C": 0.0,
            "O": 0.0
        }
    },
    "0.804 (m)": {
        "ion (g/m^2)": {
            "Ca": 0.0,
            "C": 0.0,
            "O": 0.0
        }
    },
    "0.889 (m)": {
        "ion (g/m^2)": {
            "Ca": 0.0,
            "C": 0.0,
            "O": 0.0
        }
    },
    "0.974 (m)": {
        "ion (g/m^2)": {
            "Ca": 0.0008288942908612416,
            "C": 0.0002484056255114305,
            "O": 0.0009927000836273277
        }
    }
}