{
    "0.0423 (m)": {
        "ion (g/m^2)": {
            "Ca": 0.0,
            "S": 0.0,
            "O": 0.0,
            "H": 0.0
        }
    },
    "0.127 (m)": {
        "ion (g/m^2)": {
            "Ca": 0.00035357769032228945,
            "S": 0.00028288509007895127,
            "O": 0.0007057526446607162,
            "H": 1.7784574938043237e-05
        }
    },
    "0.212 (m)": {
        "ion (g/m^2)": {
            "Ca": 0.0,
            "S": 0.0,
            "O": 0.0,
            "H": 0.0
        }
    },
    "0.296 (m)": {
        "ion (g/m^2)": {
            "Ca": 0.0,
            "S": 0.0,
            "O": 0.0,
            "H": 0.0
        }
    },
    "0.381 (m)": {
        "ion (g/m^2)": {
            "Ca": 0.0,
            "S": 0.0,
            "O": 0.0,
            "H": 0.0
        }
    },
    "0.466 (m)": {
        "ion (g/m^2)": {
            "Ca": 0.0,
            "S": 0.0,
            "O": 0.0,
            "H": 0.0
        }
    },
    "0.55 (m)": {
        "ion (g/m^2)": {
            "Ca": 0.0,
            "S": 0.0,
            "O": 0.0,
            "H": 0.0
        }
    },
    "0.635 (m)": {
        "ion (g/m^2)": {
            "Ca": 0.0,
            "S": 0.0,
            "O": 0.0,
            "H": 0.0
        }
    },
    "0.72 (m)": {
        "ion (g/m^2)": {
            "Ca": 0.0,
            "S": 0.0,
            "O": 0.0,
            "H": 0.0
        }
    },
    "0.804 (m)": {
        "ion (g/m^2)": {
            "Ca": 0.0,
            "S": 0.0,
            "O": 0.0,
            "H": 0.0
        }
    },
    "0.889 (m)": {
        "ion (g/m^2)": {
            "Ca": 0.0,
            "S": 0.0,
            "O": 0.0,
            "H": 0.0
        }
    },
    "0.974 (m)": {
        "ion (g/m^2)": {
            "Ca": 0.0,
            "S": 0.0,
            "O": 0.0,
            "H": 0.0
        }
    }
}