{
    "0.0423 (m)": {
        "ion (g/m^2)": {
            "Ca": 0.0,
            "C": 0.2726549645717581,
            "O": 1.090468410667416,
            "Fe": 1.2677376419783881,
            "Ba": 0.0018475835255726905,
            "S": 0.0004313992568649159
        }
    },
    "0.127 (m)": {
        "ion (g/m^2)": {
            "Ca": 0.0,
            "C": 0.008583966184996794,
            "O": 0.0345705208655763,
            "Fe": 0.03991204439384431,
            "Ba": 0.0005719271295721831,
            "S": 0.00013354142601041346
        }
    },
    "0.212 (m)": {
        "ion (g/m^2)": {
            "Ca": 0.0,
            "C": 0.008158914719314587,
            "O": 0.03285873132344623,
            "Fe": 0.03793572335501869,
            "Ba": 0.0005436838145315815,
            "S": 0.00012694678768891156
        }
    },
    "0.296 (m)": {
        "ion (g/m^2)": {
            "Ca": 0.0,
            "C": 0.007733863253632377,
            "O": 0.031146941781316165,
            "Fe": 0.035959402316193066,
            "Ba": 0.00051544049949098,
            "S": 0.00012035214936740968
        }
    },
    "0.381 (m)": {
        "ion (g/m^2)": {
            "Ca": 0.0,
            "C": 0.007308811787950168,
            "O": 0.029435974867100968,
            "Fe": 0.03398308127736744,
            "Ba": 0.0004889623916404159,
            "S": 0.00011416967594100164
        }
    },
    "0.466 (m)": {
        "ion (g/m^2)": {
            "Ca": 0.0,
            "C": 0.006894127431187039,
            "O": 0.02776643789180022,
            "Fe": 0.032054963190708295,
            "Ba": 0.00046248428378985185,
            "S": 0.0001079872025145936
        }
    },
    "0.55 (m)": {
        "ion (g/m^2)": {
            "Ca": 0.20101687633446536,
            "C": 0.06381801683154487,
            "O": 0.25524101952457673,
            "Fe": 0.01663001849743513,
            "Ba": 0.0004418901999060798,
            "S": 0.00010317861207183181
        }
    },
    "0.635 (m)": {
        "ion (g/m^2)": {
            "Ca": 0.4364709067820065,
            "C": 0.1311523337963987,
            "O": 0.5243186537959331,
            "Fe": 0.0016244394880103304,
            "Ba": 0.00042129611602230774,
            "S": 9.837002162906999e-05
        }
    },
    "0.72 (m)": {
        "ion (g/m^2)": {
            "Ca": 0.4604968282562453,
            "C": 0.138363900674512,
            "O": 0.5531263511960846,
            "Fe": 0.0016774627353934566,
            "Ba": 0.00039599481296510213,
            "S": 9.246232479939121e-05
        }
    },
    "0.804 (m)": {
        "ion (g/m^2)": {
            "Ca": 0.4885270699761907,
            "C": 0.14677238459633332,
            "O": 0.5867178206110815,
            "Fe": 0.0017160250971266396,
            "Ba": 0.0003718703147012549,
            "S": 8.682940456644167e-05
        }
    },
    "0.889 (m)": {
        "ion (g/m^2)": {
            "Ca": 0.5245659521875491,
            "C": 0.15757677602735448,
            "O": 0.6298842974156373,
            "Fe": 0.0017353062779932311,
            "Ba": 0.00034833421883408687,
            "S": 8.133387263185675e-05
        }
    },
    "0.974 (m)": {
        "ion (g/m^2)": {
            "Ca": 0.5646091546446138,
            "C": 0.16956875410405642,
            "O": 0.6777969850807104,
            "Fe": 0.0016967439162600482,
            "Ba": 0.00032538652536359805,
            "S": 7.597572899563647e-05
        }
    }
}