elements,ppm
Ca,2078.7404809107225
Mg,967.19175153485
Na,5629.922135799873
Sr,37.53281423866582
Cl,10249.34542671259
S(6),6496.0640028460075
Fe,0.5774279113640896
