{
    "0.0423 (m)": {
        "ion (g/m^2)": {
            "Ca": 2.0201400573510013,
            "Mg": 1.2250986599609779,
            "C": 0.6138614319001163,
            "O": 2.4531662418200573,
            "Fe": 0.03933360896784657
        }
    },
    "0.127 (m)": {
        "ion (g/m^2)": {
            "Ca": 0.17430554561832404,
            "Mg": 0.10570627991050864,
            "C": 0.05356341932329789,
            "O": 0.21405477727056016,
            "Fe": 0.006169977877309266
        }
    },
    "0.212 (m)": {
        "ion (g/m^2)": {
            "Ca": 0.17688307679197765,
            "Mg": 0.10726940419754019,
            "C": 0.054325494793035466,
            "O": 0.2171002492923039,
            "Fe": 0.006121774925142787
        }
    },
    "0.296 (m)": {
        "ion (g/m^2)": {
            "Ca": 0.17946060796563124,
            "Mg": 0.10883252848457174,
            "C": 0.05508757026277304,
            "O": 0.2201457213140477,
            "Fe": 0.006073571972976309
        }
    },
    "0.381 (m)": {
        "ion (g/m^2)": {
            "Ca": 0.1823603305359915,
            "Mg": 0.11059104330748222,
            "C": 0.0559358339459236,
            "O": 0.22353562614195926,
            "Fe": 0.005977166068643351
        }
    },
    "0.466 (m)": {
        "ion (g/m^2)": {
            "Ca": 0.1855822445030585,
            "Mg": 0.11254494866627165,
            "C": 0.05687028584248718,
            "O": 0.22726996377603867,
            "Fe": 0.005832557212143916
        }
    },
    "0.55 (m)": {
        "ion (g/m^2)": {
            "Ca": 0.18912634986683216,
            "Mg": 0.11469424456094005,
            "C": 0.057901293061382836,
            "O": 0.23139016415520042,
            "Fe": 0.005687948355644479
        }
    },
    "0.635 (m)": {
        "ion (g/m^2)": {
            "Ca": 0.19267045523060586,
            "Mg": 0.11684354045560842,
            "C": 0.058921933171359415,
            "O": 0.23546893459544765,
            "Fe": 0.005495136546978565
        }
    },
    "0.72 (m)": {
        "ion (g/m^2)": {
            "Ca": 0.19718113478449964,
            "Mg": 0.11957900795791364,
            "C": 0.06022187213941316,
            "O": 0.24066386333202733,
            "Fe": 0.005254121786146172
        }
    },
    "0.804 (m)": {
        "ion (g/m^2)": {
            "Ca": 0.20201400573510014,
            "Mg": 0.12250986599609781,
            "C": 0.06158726510304175,
            "O": 0.24612036499694592,
            "Fe": 0.0048684981688143425
        }
    },
    "0.889 (m)": {
        "ion (g/m^2)": {
            "Ca": 0.2078134508758207,
            "Mg": 0.1260268956419188,
            "C": 0.06322573665939607,
            "O": 0.25266816699484823,
            "Fe": 0.004405749828016148
        }
    },
    "0.974 (m)": {
        "ion (g/m^2)": {
            "Ca": 0.2149016616033681,
            "Mg": 0.13032548743125558,
            "C": 0.06520481422583475,
            "O": 0.26057712824185614,
            "Fe": 0.003730908497685447
        }
    }
}