{
    "1.27E-1 (m)": {
        "ion (g/m^2)": {
            "Ba": 0.0003548066451975581,
            "S": 8.284514391386761e-05,
            "O": 0.00016534821088857432,
            "Na": 82.58690303357871
        },
        "total_moles": 921.000603
    },
    "2.12E-1 (m)": {
        "ion (g/m^2)": {
            "Ba": 0.00034186179247061566,
            "S": 7.982260134984592e-05,
            "O": 0.00015931560617953844,
            "Na": 80.16578861239888
        },
        "total_moles": 894.000581
    },
    "2.96E-1 (m)": {
        "ion (g/m^2)": {
            "Ba": 0.0003295053421403524,
            "S": 7.693744708418882e-05,
            "O": 0.0001535572107754587,
            "Na": 77.83434509570719
        },
        "total_moles": 868.00056
    },
    "3.81E-1 (m)": {
        "ion (g/m^2)": {
            "Ba": 0.0003171488918100892,
            "S": 7.405229281853174e-05,
            "O": 0.000147798815371379,
            "Na": 75.41323067452736
        },
        "total_moles": 841.000539
    },
    "4.66E-1 (m)": {
        "ion (g/m^2)": {
            "Ba": 0.00030538084387650525,
            "S": 7.130452685123929e-05,
            "O": 0.0001423146292722555,
            "Na": 73.08178715783566
        },
        "total_moles": 815.000519
    },
    "5.50E-1 (m)": {
        "ion (g/m^2)": {
            "Ba": 0.00029361279594292117,
            "S": 6.855676088394683e-05,
            "O": 0.00013683044317313196,
            "Na": 70.84001454563212
        },
        "total_moles": 790.000499
    },
    "6.35E-1 (m)": {
        "ion (g/m^2)": {
            "Ba": 0.0002824331504060164,
            "S": 6.5946383215019e-05,
            "O": 0.00013162046637896463,
            "Na": 68.59824193342857
        },
        "total_moles": 765.00048
    },
    "7.20E-1 (m)": {
        "ion (g/m^2)": {
            "Ba": 0.0002712535048691116,
            "S": 6.333600554609115e-05,
            "O": 0.00012641048958479727,
            "Na": 66.35646932122502
        },
        "total_moles": 740.000461
    },
    "8.04E-1 (m)": {
        "ion (g/m^2)": {
            "Ba": 0.0002600738593322068,
            "S": 6.0725627877163326e-05,
            "O": 0.00012120051279062992,
            "Na": 64.11469670902147
        },
        "total_moles": 715.000442
    },
    "8.89E-1 (m)": {
        "ion (g/m^2)": {
            "Ba": 0.0002500710185886603,
            "S": 5.839002680496473e-05,
            "O": 0.00011653895460637492,
            "Na": 61.96259500130607
        },
        "total_moles": 691.000425
    }
}